Inspection_Date,Joint_ID,Line_No,Area,Contractor,Welder_ID,Shift,Material,Pipe_Dia_Inch,Thickness_mm,Weld_Position,NDT_Method,Result,Defect_Type,Repair_Cost_INR,Repair_Hours
2025-04-01,J-02739,"12""-IA-1233",Cold Box,Meridian Fabricators,WLD-025,Night,Carbon Steel A106-B,12.0,10.2,3G,RT,Accept,,0.0,0.0
2025-04-01,J-01775,"20""-IA-1294",Utility Tie-in,Anchor Piping Works,WLD-020,Day,Carbon Steel A106-B,20.0,11.1,6G,RT,Accept,,0.0,0.0
2025-04-01,J-01293,"4""-PW-1159",Pipe Rack A,Meridian Fabricators,WLD-004,Day,Carbon Steel A106-B,4.0,4.4,1G,UT,Accept,,0.0,0.0
2025-04-01,J-01258,"24""-FW-1118",Compressor House,Meridian Fabricators,WLD-013,Day,Carbon Steel A106-B,24.0,7.7,2G,RT,Accept,,0.0,0.0
2025-04-01,J-01871,"8""-FW-1089",Pipe Rack A,Delta Mech Services,WLD-015,Day,Carbon Steel A106-B,8.0,15.5,2G,UT,Reject,Incomplete Penetration,5222.0,5.5
2025-04-01,J-01557,"3""-CW-1200",Cold Box,Delta Mech Services,WLD-012,Night,Alloy Steel P91,3.0,13.0,2G,DPT,Accept,,0.0,0.0
2025-04-01,J-01968,"16""-CW-1036",Pipe Rack B,Delta Mech Services,WLD-018,Night,Carbon Steel A106-B,16.0,9.1,6G,RT,Accept,,0.0,0.0
2025-04-01,J-02267,"6""-CW-1232",Pipe Rack B,Meridian Fabricators,WLD-028,Day,Alloy Steel P91,6.0,12.5,2G,DPT,Accept,,0.0,0.0
2025-04-01,J-01708,"4""-FW-1022",Pipe Rack A,Anchor Piping Works,WLD-020,Day,Alloy Steel P91,4.0,17.8,6G,MPT,Accept,,0.0,0.0
2025-04-02,J-02744,"6""-FW-1280",Utility Tie-in,Anchor Piping Works,WLD-026,Night,Stainless 304L,6.0,5.2,6G,UT,Accept,,0.0,0.0
2025-04-02,J-02177,"3""-PW-1358",Cooling Water Package,Meridian Fabricators,WLD-019,Night,Carbon Steel A106-B,3.0,11.3,2G,MPT,Reject,Lack of Fusion,4646.0,4.9
2025-04-02,J-02323,"24""-NG-1074",Cooling Water Package,Anchor Piping Works,WLD-023,Day,Stainless 304L,24.0,14.2,6G,DPT,Reject,Undercut,9231.0,9.7
2025-04-02,J-01852,"6""-IA-1333",Utility Tie-in,Meridian Fabricators,WLD-016,Night,Stainless 304L,6.0,7.6,3G,MPT,Accept,,0.0,0.0
2025-04-02,J-01709,"12""-PW-1211",Cold Box,Meridian Fabricators,WLD-016,Night,Carbon Steel A106-B,12.0,22.4,1G,UT,Accept,,0.0,0.0
2025-04-02,J-02636,"6""-IA-1244",Cold Box,Delta Mech Services,WLD-012,Night,Carbon Steel A106-B,6.0,10.7,1G,UT,Accept,,0.0,0.0
2025-04-02,J-02938,"6""-FW-1023",Compressor House,Delta Mech Services,WLD-024,Day,Stainless 304L,6.0,22.6,2G,RT,Accept,,0.0,0.0
2025-04-02,J-01476,"10""-CW-1210",TSA Unit,Anchor Piping Works,WLD-014,Night,Stainless 304L,10.0,12.7,1G,RT,Accept,,0.0,0.0
2025-04-02,J-01456,"12""-NG-1247",Cooling Water Package,Anchor Piping Works,WLD-008,Day,Carbon Steel A106-B,12.0,4.3,2G,MPT,Accept,,0.0,0.0
2025-04-02,J-01938,"8""-CW-1250",Pipe Rack B,Delta Mech Services,WLD-009,Day,Carbon Steel A106-B,8.0,14.3,2G,RT,Accept,,0.0,0.0
2025-04-02,J-01332,"4""-CW-1380",Cold Box,Delta Mech Services,WLD-003,Day,Carbon Steel A106-B,4.0,8.1,3G,RT,Accept,,0.0,0.0
2025-04-03,J-02330,"12""-CW-1039",TSA Unit,Delta Mech Services,WLD-021,Night,Stainless 304L,12.0,6.7,2G,RT,Accept,,0.0,0.0
2025-04-03,J-02878,"16""-IA-1132",Pipe Rack A,Meridian Fabricators,WLD-025,Day,Carbon Steel A106-B,16.0,4.2,1G,RT,Accept,,0.0,0.0
2025-04-03,J-02896,"20""-FW-1257",Cold Box,Delta Mech Services,WLD-015,Day,Alloy Steel P91,20.0,18.6,1G,UT,Accept,,0.0,0.0
2025-04-03,J-01867,"8""-CW-1134",Utility Tie-in,Delta Mech Services,WLD-009,Day,Carbon Steel A106-B,8.0,20.3,6G,MPT,Accept,,0.0,0.0
2025-04-03,J-01930,"3""-CW-1069",Cold Box,Anchor Piping Works,WLD-020,Day,Carbon Steel A106-B,3.0,7.5,3G,UT,Accept,,0.0,0.0
2025-04-04,J-02147,"3""-CW-1002",Pipe Rack A,Delta Mech Services,WLD-006,Day,Stainless 304L,3.0,8.8,2G,RT,Accept,,0.0,0.0
2025-04-04,J-02345,"10""-IA-1067",Cold Box,Delta Mech Services,WLD-015,Day,Stainless 304L,10.0,4.9,1G,UT,Accept,,0.0,0.0
2025-04-04,J-02505,"6""-PW-1228",Cold Box,Delta Mech Services,WLD-006,Night,Stainless 304L,6.0,4.9,2G,UT,Accept,,0.0,0.0
2025-04-04,J-01197,"2""-NG-1375",Utility Tie-in,Meridian Fabricators,WLD-025,Night,Alloy Steel P91,2.0,22.7,6G,UT,Accept,,0.0,0.0
2025-04-04,J-01972,"2""-PW-1273",Compressor House,Delta Mech Services,WLD-018,Day,Stainless 304L,2.0,16.2,1G,MPT,Accept,,0.0,0.0
2025-04-05,J-01429,"3""-CW-1298",TSA Unit,Delta Mech Services,WLD-021,Night,Carbon Steel A106-B,3.0,16.2,1G,UT,Accept,,0.0,0.0
2025-04-05,J-02327,"6""-FW-1301",Utility Tie-in,Anchor Piping Works,WLD-020,Night,Stainless 304L,6.0,13.3,2G,DPT,Accept,,0.0,0.0
2025-04-05,J-02884,"10""-NG-1278",Pipe Rack A,Delta Mech Services,WLD-018,Day,Stainless 304L,10.0,11.3,1G,MPT,Accept,,0.0,0.0
2025-04-05,J-01387,"10""-CW-1103",Cooling Water Package,Anchor Piping Works,WLD-008,Day,Carbon Steel A106-B,10.0,17.8,2G,RT,Accept,,0.0,0.0
2025-04-05,J-01250,"6""-CW-1208",Pipe Rack B,Delta Mech Services,WLD-021,Day,Stainless 304L,6.0,23.0,5G,RT,Accept,,0.0,0.0
2025-04-05,J-02832,"4""-FW-1001",Cold Box,Anchor Piping Works,WLD-005,Day,Stainless 304L,4.0,24.0,3G,DPT,Accept,,0.0,0.0
2025-04-05,J-03073,"12""-PW-1340",Compressor House,Meridian Fabricators,WLD-007,Day,Alloy Steel P91,12.0,23.9,2G,UT,Reject,Excess Reinforcement,7603.0,8.0
2025-04-05,J-01772,"12""-CW-1166",Pipe Rack B,Meridian Fabricators,WLD-028,Day,Carbon Steel A106-B,12.0,20.3,5G,DPT,Accept,,0.0,0.0
2025-04-06,J-01067,"12""-IA-1139",TSA Unit,Delta Mech Services,WLD-009,Day,Carbon Steel A106-B,12.0,15.9,3G,DPT,Accept,,0.0,0.0
2025-04-06,J-01228,"12""-FW-1279",Compressor House,Anchor Piping Works,WLD-011,Day,Alloy Steel P91,12.0,5.2,3G,DPT,Accept,,0.0,0.0
2025-04-06,J-02799,"10""-FW-1091",TSA Unit,Anchor Piping Works,WLD-002,Day,Carbon Steel A106-B,10.0,25.0,2G,MPT,Accept,,0.0,0.0
2025-04-06,J-01907,"12""-IA-1377",Pipe Rack A,Anchor Piping Works,WLD-017,Day,Carbon Steel A106-B,12.0,21.3,6G,RT,Accept,,0.0,0.0
2025-04-06,J-02088,"2""-IA-1103",Compressor House,Delta Mech Services,WLD-021,Night,Stainless 304L,2.0,19.6,3G,UT,Accept,,0.0,0.0
2025-04-06,J-01447,"16""-CW-1259",Pipe Rack A,Anchor Piping Works,WLD-017,Night,Stainless 304L,16.0,7.5,2G,RT,Accept,,0.0,0.0
2025-04-06,J-02224,"6""-CW-1130",Pipe Rack A,Meridian Fabricators,WLD-016,Night,Carbon Steel A106-B,6.0,23.8,6G,RT,Accept,,0.0,0.0
2025-04-07,J-02771,"4""-IA-1187",Compressor House,Meridian Fabricators,WLD-010,Day,Carbon Steel A106-B,4.0,10.1,2G,RT,Accept,,0.0,0.0
2025-04-07,J-01192,"2""-PW-1005",Compressor House,Delta Mech Services,WLD-024,Day,Stainless 304L,2.0,21.6,1G,RT,Accept,,0.0,0.0
2025-04-07,J-02865,"2""-CW-1083",Cold Box,Meridian Fabricators,WLD-028,Day,Carbon Steel A106-B,2.0,17.0,1G,UT,Accept,,0.0,0.0
2025-04-07,J-03033,"16""-CW-1138",Pipe Rack A,Meridian Fabricators,WLD-001,Night,Carbon Steel A106-B,16.0,22.8,2G,UT,Accept,,0.0,0.0
2025-04-07,J-03004,"8""-FW-1320",Utility Tie-in,Meridian Fabricators,WLD-007,Day,Alloy Steel P91,8.0,25.0,2G,UT,Reject,Lack of Fusion,5842.0,6.1
2025-04-08,J-02630,"12""-CW-1133",Pipe Rack A,Delta Mech Services,WLD-003,Day,Carbon Steel A106-B,12.0,17.9,6G,RT,Accept,,0.0,0.0
2025-04-08,J-02194,"8""-NG-1129",Pipe Rack A,Delta Mech Services,WLD-027,Day,Carbon Steel A106-B,8.0,4.1,1G,UT,Accept,,0.0,0.0
2025-04-08,J-02291,"6""-FW-1232",Pipe Rack A,Anchor Piping Works,WLD-023,Night,Carbon Steel A106-B,6.0,18.2,1G,UT,Accept,,0.0,0.0
2025-04-08,J-02326,"10""-FW-1098",Pipe Rack B,Meridian Fabricators,WLD-001,Day,Alloy Steel P91,10.0,7.1,5G,UT,Accept,,0.0,0.0
2025-04-08,J-01770,"16""-CW-1246",TSA Unit,Anchor Piping Works,WLD-005,Day,Stainless 304L,16.0,22.0,6G,RT,Accept,,0.0,0.0
2025-04-09,J-01325,"2""-IA-1215",Cooling Water Package,Meridian Fabricators,WLD-007,Day,Stainless 304L,2.0,7.3,3G,UT,Accept,,0.0,0.0
2025-04-09,J-01434,"4""-FW-1342",TSA Unit,Meridian Fabricators,WLD-022,Night,Carbon Steel A106-B,4.0,4.8,6G,MPT,Accept,,0.0,0.0
2025-04-09,J-03089,"6""-CW-1119",Pipe Rack B,Delta Mech Services,WLD-024,Day,Carbon Steel A106-B,6.0,7.0,3G,RT,Reject,Undercut,3571.0,3.8
2025-04-09,J-01461,"4""-FW-1088",Pipe Rack A,Delta Mech Services,WLD-012,Day,Carbon Steel A106-B,4.0,19.9,2G,DPT,Accept,,0.0,0.0
2025-04-09,J-01276,"8""-CW-1142",Utility Tie-in,Meridian Fabricators,WLD-025,Night,Carbon Steel A106-B,8.0,15.2,1G,RT,Accept,,0.0,0.0
2025-04-09,J-01916,"6""-PW-1116",Compressor House,Delta Mech Services,WLD-024,Day,Carbon Steel A106-B,6.0,23.5,1G,DPT,Accept,,0.0,0.0
2025-04-10,J-02802,"10""-CW-1072",Pipe Rack A,Meridian Fabricators,WLD-022,Night,Alloy Steel P91,10.0,14.2,1G,RT,Accept,,0.0,0.0
2025-04-10,J-01782,"10""-NG-1170",Pipe Rack B,Delta Mech Services,WLD-012,Day,Carbon Steel A106-B,10.0,13.5,2G,RT,Accept,,0.0,0.0
2025-04-10,J-01235,"3""-PW-1168",Compressor House,Delta Mech Services,WLD-027,Day,Carbon Steel A106-B,3.0,8.3,2G,DPT,Accept,,0.0,0.0
2025-04-10,J-01344,"10""-IA-1176",Pipe Rack A,Delta Mech Services,WLD-009,Day,Alloy Steel P91,10.0,16.0,5G,RT,Accept,,0.0,0.0
2025-04-10,J-01352,"4""-PW-1248",Cold Box,Meridian Fabricators,WLD-001,Night,Carbon Steel A106-B,4.0,20.5,5G,RT,Accept,,0.0,0.0
2025-04-11,J-01466,"4""-CW-1369",Utility Tie-in,Delta Mech Services,WLD-006,Day,Alloy Steel P91,4.0,12.7,1G,RT,Accept,,0.0,0.0
2025-04-11,J-01618,"24""-CW-1056",Compressor House,Delta Mech Services,WLD-021,Day,Carbon Steel A106-B,24.0,12.2,1G,UT,Reject,Slag Inclusion,7875.0,8.3
2025-04-11,J-01278,"10""-CW-1337",Compressor House,Meridian Fabricators,WLD-010,Day,Carbon Steel A106-B,10.0,16.6,1G,UT,Accept,,0.0,0.0
2025-04-11,J-01683,"16""-CW-1366",Utility Tie-in,Anchor Piping Works,WLD-008,Night,Carbon Steel A106-B,16.0,21.5,5G,UT,Reject,Excess Reinforcement,6980.0,7.3
2025-04-11,J-02546,"2""-FW-1200",Compressor House,Meridian Fabricators,WLD-019,Day,Carbon Steel A106-B,2.0,15.0,1G,MPT,Reject,Undercut,4068.0,4.3
2025-04-11,J-03026,"24""-IA-1029",Cold Box,Meridian Fabricators,WLD-010,Day,Alloy Steel P91,24.0,19.9,6G,UT,Accept,,0.0,0.0
2025-04-11,J-02287,"3""-PW-1370",Utility Tie-in,Delta Mech Services,WLD-027,Night,Carbon Steel A106-B,3.0,18.1,1G,RT,Accept,,0.0,0.0
2025-04-11,J-01071,"6""-FW-1019",Pipe Rack A,Delta Mech Services,WLD-027,Day,Carbon Steel A106-B,6.0,15.3,1G,RT,Accept,,0.0,0.0
2025-04-11,J-01492,"20""-NG-1010",Compressor House,Delta Mech Services,WLD-006,Day,Stainless 304L,20.0,14.1,5G,RT,Accept,,0.0,0.0
2025-04-11,J-02585,"4""-PW-1374",Pipe Rack B,Anchor Piping Works,WLD-023,Day,Stainless 304L,4.0,19.0,2G,RT,Reject,Slag Inclusion,4601.0,4.8
2025-04-11,J-01818,"4""-IA-1375",Cold Box,Anchor Piping Works,WLD-017,Night,Stainless 304L,4.0,15.9,2G,UT,Accept,,0.0,0.0
2025-04-11,J-01328,"3""-PW-1176",Pipe Rack B,Meridian Fabricators,WLD-022,Night,Carbon Steel A106-B,3.0,18.2,3G,UT,Accept,,0.0,0.0
2025-04-12,J-01880,"12""-NG-1277",Pipe Rack B,Meridian Fabricators,WLD-010,Day,Carbon Steel A106-B,12.0,18.8,6G,MPT,Accept,,0.0,0.0
2025-04-12,J-01374,"4""-PW-1069",TSA Unit,Meridian Fabricators,WLD-010,Day,Alloy Steel P91,4.0,5.1,5G,UT,Accept,,0.0,0.0
2025-04-12,J-01252,"8""-PW-1021",TSA Unit,Anchor Piping Works,WLD-023,Night,Stainless 304L,8.0,25.1,2G,RT,Accept,,0.0,0.0
2025-04-12,J-01627,"10""-IA-1312",Utility Tie-in,Meridian Fabricators,WLD-028,Day,Stainless 304L,10.0,9.7,5G,MPT,Accept,,0.0,0.0
2025-04-12,J-01743,"6""-CW-1234",Pipe Rack B,Anchor Piping Works,WLD-014,Day,Stainless 304L,6.0,10.0,6G,DPT,Accept,,0.0,0.0
2025-04-13,J-02568,"12""-IA-1140",Pipe Rack A,Anchor Piping Works,WLD-002,Day,Stainless 304L,12.0,8.7,5G,DPT,Accept,,0.0,0.0
2025-04-13,J-01514,"6""-NG-1090",Cold Box,Anchor Piping Works,WLD-011,Day,Carbon Steel A106-B,6.0,15.1,1G,RT,Accept,,0.0,0.0
2025-04-13,J-01212,"4""-CW-1322",TSA Unit,Anchor Piping Works,WLD-026,Day,Carbon Steel A106-B,4.0,20.4,2G,RT,Accept,,0.0,0.0
2025-04-14,J-03056,"10""-PW-1215",TSA Unit,Delta Mech Services,WLD-015,Day,Carbon Steel A106-B,10.0,5.1,5G,UT,Accept,,0.0,0.0
2025-04-14,J-02448,"16""-IA-1081",Cooling Water Package,Anchor Piping Works,WLD-026,Day,Carbon Steel A106-B,16.0,15.8,6G,RT,Accept,,0.0,0.0
2025-04-14,J-01702,"6""-IA-1364",Pipe Rack A,Meridian Fabricators,WLD-019,Night,Stainless 304L,6.0,15.1,1G,MPT,Reject,Porosity,4456.0,4.7
2025-04-14,J-01816,"16""-NG-1084",Utility Tie-in,Anchor Piping Works,WLD-014,Day,Alloy Steel P91,16.0,14.0,1G,RT,Accept,,0.0,0.0
2025-04-14,J-02149,"6""-FW-1204",Compressor House,Delta Mech Services,WLD-012,Night,Stainless 304L,6.0,6.2,6G,RT,Reject,Porosity,5102.0,5.4
2025-04-14,J-02308,"12""-PW-1250",Cooling Water Package,Meridian Fabricators,WLD-010,Day,Alloy Steel P91,12.0,10.0,1G,MPT,Accept,,0.0,0.0
2025-04-14,J-02467,"4""-NG-1331",Pipe Rack B,Meridian Fabricators,WLD-028,Day,Stainless 304L,4.0,18.2,1G,MPT,Accept,,0.0,0.0
2025-04-14,J-02092,"12""-PW-1169",TSA Unit,Delta Mech Services,WLD-018,Day,Carbon Steel A106-B,12.0,4.6,1G,MPT,Accept,,0.0,0.0
2025-04-14,J-02029,"20""-PW-1007",Compressor House,Anchor Piping Works,WLD-026,Day,Carbon Steel A106-B,20.0,4.1,5G,UT,Reject,Lack of Fusion,5803.0,6.1
2025-04-14,J-01657,"6""-NG-1002",TSA Unit,Anchor Piping Works,WLD-026,Day,Carbon Steel A106-B,6.0,23.1,2G,MPT,Accept,,0.0,0.0
2025-04-14,J-02372,"4""-PW-1242",TSA Unit,Delta Mech Services,WLD-012,Night,Stainless 304L,4.0,9.7,3G,UT,Reject,Undercut,4765.0,5.0
2025-04-15,J-02767,"4""-NG-1270",Pipe Rack A,Anchor Piping Works,WLD-005,Night,Stainless 304L,4.0,16.4,3G,UT,Reject,Slag Inclusion,4341.0,4.6
2025-04-15,J-01995,"10""-NG-1131",Cooling Water Package,Meridian Fabricators,WLD-016,Day,Stainless 304L,10.0,5.2,3G,MPT,Accept,,0.0,0.0
2025-04-15,J-01981,"12""-FW-1107",TSA Unit,Anchor Piping Works,WLD-020,Night,Carbon Steel A106-B,12.0,5.6,2G,RT,Accept,,0.0,0.0
2025-04-15,J-02645,"3""-PW-1238",Compressor House,Delta Mech Services,WLD-027,Night,Stainless 304L,3.0,10.0,1G,DPT,Reject,Excess Reinforcement,3555.0,3.7
2025-04-15,J-02383,"3""-NG-1343",Pipe Rack A,Delta Mech Services,WLD-009,Night,Carbon Steel A106-B,3.0,22.8,5G,RT,Accept,,0.0,0.0
2025-04-15,J-02378,"10""-FW-1386",Compressor House,Meridian Fabricators,WLD-028,Day,Carbon Steel A106-B,10.0,18.0,5G,RT,Accept,,0.0,0.0
2025-04-15,J-02666,"8""-NG-1358",TSA Unit,Anchor Piping Works,WLD-014,Day,Carbon Steel A106-B,8.0,16.0,6G,RT,Accept,,0.0,0.0
2025-04-15,J-01481,"4""-PW-1158",TSA Unit,Meridian Fabricators,WLD-010,Day,Carbon Steel A106-B,4.0,5.5,3G,MPT,Reject,Lack of Fusion,2107.0,2.2
2025-04-15,J-01075,"3""-PW-1036",Compressor House,Delta Mech Services,WLD-009,Day,Carbon Steel A106-B,3.0,17.6,6G,RT,Accept,,0.0,0.0
2025-04-15,J-02143,"2""-PW-1345",Cold Box,Delta Mech Services,WLD-012,Night,Carbon Steel A106-B,2.0,11.7,2G,RT,Reject,Porosity,3226.0,3.4
2025-04-15,J-01063,"10""-CW-1280",TSA Unit,Anchor Piping Works,WLD-026,Day,Alloy Steel P91,10.0,4.6,3G,UT,Accept,,0.0,0.0
2025-04-15,J-01027,"20""-CW-1320",TSA Unit,Meridian Fabricators,WLD-001,Night,Carbon Steel A106-B,20.0,6.1,2G,RT,Accept,,0.0,0.0
2025-04-15,J-02578,"2""-IA-1043",Utility Tie-in,Anchor Piping Works,WLD-023,Night,Carbon Steel A106-B,2.0,24.8,2G,DPT,Accept,,0.0,0.0
2025-04-15,J-01628,"6""-FW-1184",TSA Unit,Delta Mech Services,WLD-024,Day,Carbon Steel A106-B,6.0,21.3,1G,RT,Accept,,0.0,0.0
2025-04-16,J-02713,"2""-NG-1256",TSA Unit,Anchor Piping Works,WLD-002,Day,Carbon Steel A106-B,2.0,21.9,5G,MPT,Accept,,0.0,0.0
2025-04-16,J-01789,"3""-PW-1081",Cold Box,Meridian Fabricators,WLD-007,Night,Alloy Steel P91,3.0,23.2,1G,RT,Reject,Undercut,4705.0,5.0
2025-04-16,J-02368,"3""-PW-1139",TSA Unit,Meridian Fabricators,WLD-013,Night,Stainless 304L,3.0,9.7,3G,RT,Reject,Lack of Fusion,2879.0,3.0
2025-04-16,J-02920,"2""-NG-1033",Compressor House,Anchor Piping Works,WLD-023,Day,Carbon Steel A106-B,2.0,13.5,5G,UT,Accept,,0.0,0.0
2025-04-16,J-02331,"8""-PW-1184",Compressor House,Meridian Fabricators,WLD-028,Day,Alloy Steel P91,8.0,17.8,1G,DPT,Accept,,0.0,0.0
2025-04-16,J-02221,"10""-PW-1375",TSA Unit,Delta Mech Services,WLD-018,Day,Stainless 304L,10.0,15.0,5G,UT,Reject,Porosity,4958.0,5.2
2025-04-16,J-02736,"16""-PW-1115",Cooling Water Package,Delta Mech Services,WLD-006,Day,Carbon Steel A106-B,16.0,12.2,5G,DPT,Accept,,0.0,0.0
2025-04-16,J-02065,"2""-PW-1016",Compressor House,Anchor Piping Works,WLD-026,Night,Stainless 304L,2.0,4.3,3G,UT,Accept,,0.0,0.0
2025-04-16,J-01928,"6""-CW-1140",Utility Tie-in,Meridian Fabricators,WLD-019,Day,Stainless 304L,6.0,6.4,1G,RT,Accept,,0.0,0.0
2025-04-16,J-02623,"8""-NG-1010",TSA Unit,Delta Mech Services,WLD-003,Night,Stainless 304L,8.0,17.7,1G,RT,Accept,,0.0,0.0
2025-04-17,J-01246,"8""-PW-1382",Pipe Rack A,Anchor Piping Works,WLD-020,Night,Stainless 304L,8.0,11.0,3G,MPT,Accept,,0.0,0.0
2025-04-17,J-03017,"16""-IA-1177",Compressor House,Anchor Piping Works,WLD-008,Night,Alloy Steel P91,16.0,8.6,5G,UT,Accept,,0.0,0.0
2025-04-17,J-02142,"2""-NG-1273",Pipe Rack B,Anchor Piping Works,WLD-008,Day,Alloy Steel P91,2.0,6.9,3G,RT,Accept,,0.0,0.0
2025-04-17,J-01062,"12""-CW-1320",Cold Box,Anchor Piping Works,WLD-011,Day,Carbon Steel A106-B,12.0,23.0,1G,MPT,Accept,,0.0,0.0
2025-04-17,J-01711,"10""-PW-1203",Cold Box,Anchor Piping Works,WLD-008,Night,Carbon Steel A106-B,10.0,9.3,2G,RT,Accept,,0.0,0.0
2025-04-17,J-02770,"8""-PW-1193",Pipe Rack B,Meridian Fabricators,WLD-004,Day,Carbon Steel A106-B,8.0,10.9,5G,UT,Reject,Crack,4740.0,5.0
2025-04-17,J-02257,"8""-PW-1133",Utility Tie-in,Anchor Piping Works,WLD-014,Day,Carbon Steel A106-B,8.0,18.7,2G,RT,Accept,,0.0,0.0
2025-04-17,J-01043,"2""-NG-1237",Compressor House,Anchor Piping Works,WLD-002,Night,Alloy Steel P91,2.0,8.0,1G,RT,Accept,,0.0,0.0
2025-04-18,J-02729,"12""-PW-1210",Cold Box,Meridian Fabricators,WLD-025,Night,Stainless 304L,12.0,14.6,6G,RT,Accept,,0.0,0.0
2025-04-18,J-02944,"6""-NG-1255",TSA Unit,Anchor Piping Works,WLD-023,Night,Alloy Steel P91,6.0,7.4,3G,MPT,Reject,Incomplete Penetration,3712.0,3.9
2025-04-18,J-02458,"20""-IA-1385",Pipe Rack A,Meridian Fabricators,WLD-025,Day,Stainless 304L,20.0,21.1,1G,RT,Accept,,0.0,0.0
2025-04-18,J-03021,"8""-CW-1392",Pipe Rack B,Anchor Piping Works,WLD-017,Night,Carbon Steel A106-B,8.0,25.8,2G,RT,Accept,,0.0,0.0
2025-04-18,J-01637,"8""-NG-1108",Cold Box,Anchor Piping Works,WLD-011,Day,Carbon Steel A106-B,8.0,15.1,1G,MPT,Accept,,0.0,0.0
2025-04-18,J-01248,"10""-NG-1250",TSA Unit,Anchor Piping Works,WLD-002,Day,Stainless 304L,10.0,18.1,2G,UT,Accept,,0.0,0.0
2025-04-18,J-01877,"6""-CW-1241",TSA Unit,Delta Mech Services,WLD-006,Night,Carbon Steel A106-B,6.0,18.2,2G,RT,Accept,,0.0,0.0
2025-04-18,J-01156,"8""-IA-1316",Cold Box,Delta Mech Services,WLD-027,Night,Stainless 304L,8.0,23.6,2G,DPT,Accept,,0.0,0.0
2025-04-18,J-01480,"4""-NG-1273",Pipe Rack B,Anchor Piping Works,WLD-017,Night,Carbon Steel A106-B,4.0,24.0,2G,RT,Accept,,0.0,0.0
2025-04-18,J-01947,"8""-PW-1168",Cold Box,Delta Mech Services,WLD-015,Day,Stainless 304L,8.0,18.4,3G,RT,Accept,,0.0,0.0
2025-04-18,J-02154,"4""-NG-1282",Utility Tie-in,Delta Mech Services,WLD-009,Day,Carbon Steel A106-B,4.0,9.5,3G,UT,Accept,,0.0,0.0
2025-04-19,J-02696,"8""-FW-1171",Utility Tie-in,Anchor Piping Works,WLD-008,Day,Stainless 304L,8.0,7.2,2G,MPT,Accept,,0.0,0.0
2025-04-19,J-02540,"4""-CW-1203",Compressor House,Delta Mech Services,WLD-009,Day,Stainless 304L,4.0,20.3,2G,RT,Accept,,0.0,0.0
2025-04-19,J-02328,"12""-FW-1197",Cold Box,Anchor Piping Works,WLD-014,Day,Carbon Steel A106-B,12.0,11.7,5G,MPT,Accept,,0.0,0.0
2025-04-19,J-01240,"4""-FW-1348",Pipe Rack B,Anchor Piping Works,WLD-011,Day,Carbon Steel A106-B,4.0,12.0,2G,RT,Accept,,0.0,0.0
2025-04-19,J-01673,"10""-FW-1260",Pipe Rack A,Delta Mech Services,WLD-018,Day,Stainless 304L,10.0,21.4,3G,RT,Accept,,0.0,0.0
2025-04-19,J-02812,"2""-IA-1288",Pipe Rack B,Anchor Piping Works,WLD-005,Day,Carbon Steel A106-B,2.0,14.0,2G,MPT,Accept,,0.0,0.0
2025-04-19,J-02903,"20""-NG-1126",Pipe Rack A,Anchor Piping Works,WLD-020,Night,Carbon Steel A106-B,20.0,12.9,1G,RT,Accept,,0.0,0.0
2025-04-19,J-03057,"2""-IA-1187",Compressor House,Delta Mech Services,WLD-018,Day,Alloy Steel P91,2.0,6.6,2G,RT,Accept,,0.0,0.0
2025-04-19,J-02105,"24""-CW-1178",Pipe Rack A,Delta Mech Services,WLD-021,Day,Alloy Steel P91,24.0,10.5,1G,UT,Accept,,0.0,0.0
2025-04-19,J-03013,"6""-FW-1108",TSA Unit,Meridian Fabricators,WLD-013,Night,Stainless 304L,6.0,23.1,1G,RT,Accept,,0.0,0.0
2025-04-19,J-02130,"3""-NG-1020",Pipe Rack B,Anchor Piping Works,WLD-005,Night,Carbon Steel A106-B,3.0,19.0,2G,RT,Accept,,0.0,0.0
2025-04-20,J-02752,"12""-PW-1325",Cooling Water Package,Meridian Fabricators,WLD-001,Day,Stainless 304L,12.0,10.9,1G,UT,Reject,Porosity,5649.0,5.9
2025-04-20,J-01937,"6""-NG-1263",TSA Unit,Delta Mech Services,WLD-018,Day,Alloy Steel P91,6.0,19.0,3G,RT,Accept,,0.0,0.0
2025-04-20,J-01050,"3""-PW-1398",Compressor House,Delta Mech Services,WLD-021,Night,Alloy Steel P91,3.0,17.2,1G,RT,Reject,Lack of Fusion,3738.0,3.9
2025-04-20,J-01428,"2""-IA-1073",Cold Box,Meridian Fabricators,WLD-013,Day,Carbon Steel A106-B,2.0,25.5,1G,UT,Accept,,0.0,0.0
2025-04-20,J-01483,"6""-FW-1034",Compressor House,Anchor Piping Works,WLD-026,Night,Carbon Steel A106-B,6.0,9.9,2G,UT,Accept,,0.0,0.0
2025-04-21,J-01729,"8""-IA-1027",Compressor House,Anchor Piping Works,WLD-002,Day,Carbon Steel A106-B,8.0,9.9,1G,UT,Accept,,0.0,0.0
2025-04-21,J-01640,"3""-PW-1213",Cold Box,Meridian Fabricators,WLD-010,Night,Carbon Steel A106-B,3.0,19.2,5G,DPT,Accept,,0.0,0.0
2025-04-21,J-01237,"2""-PW-1031",Pipe Rack A,Meridian Fabricators,WLD-010,Day,Stainless 304L,2.0,23.0,1G,MPT,Accept,,0.0,0.0
2025-04-21,J-02883,"10""-CW-1024",Cooling Water Package,Anchor Piping Works,WLD-005,Day,Stainless 304L,10.0,20.3,5G,MPT,Accept,,0.0,0.0
2025-04-22,J-01529,"6""-IA-1198",Pipe Rack A,Anchor Piping Works,WLD-026,Night,Alloy Steel P91,6.0,12.2,1G,RT,Reject,Lack of Fusion,4864.0,5.1
2025-04-22,J-02642,"3""-FW-1057",Utility Tie-in,Delta Mech Services,WLD-024,Night,Alloy Steel P91,3.0,9.3,1G,DPT,Accept,,0.0,0.0
2025-04-22,J-02640,"6""-FW-1287",TSA Unit,Meridian Fabricators,WLD-025,Night,Carbon Steel A106-B,6.0,8.3,1G,UT,Accept,,0.0,0.0
2025-04-22,J-01091,"8""-PW-1033",Pipe Rack B,Delta Mech Services,WLD-012,Day,Carbon Steel A106-B,8.0,15.9,2G,MPT,Accept,,0.0,0.0
2025-04-22,J-01337,"2""-FW-1131",Pipe Rack A,Meridian Fabricators,WLD-004,Day,Carbon Steel A106-B,2.0,20.2,6G,RT,Reject,Porosity,4295.0,4.5
2025-04-23,J-01468,"8""-CW-1086",Utility Tie-in,Meridian Fabricators,WLD-019,Day,Carbon Steel A106-B,8.0,13.8,2G,RT,Accept,,0.0,0.0
2025-04-23,J-02813,"20""-IA-1008",Utility Tie-in,Anchor Piping Works,WLD-002,Night,Carbon Steel A106-B,20.0,5.6,5G,RT,Reject,Slag Inclusion,5262.0,5.5
2025-04-23,J-01991,"6""-CW-1160",Pipe Rack A,Delta Mech Services,WLD-021,Night,Carbon Steel A106-B,6.0,15.6,6G,RT,Reject,Undercut,4207.0,4.4
2025-04-23,J-02557,"4""-FW-1167",Pipe Rack A,Meridian Fabricators,WLD-028,Day,Carbon Steel A106-B,4.0,22.5,2G,UT,Accept,,0.0,0.0
2025-04-23,J-02159,"8""-FW-1172",Pipe Rack B,Anchor Piping Works,WLD-020,Night,Carbon Steel A106-B,8.0,15.8,1G,MPT,Accept,,0.0,0.0
2025-04-23,J-03082,"3""-CW-1132",Compressor House,Delta Mech Services,WLD-003,Night,Alloy Steel P91,3.0,14.7,1G,MPT,Accept,,0.0,0.0
2025-04-23,J-01478,"8""-IA-1236",Pipe Rack A,Meridian Fabricators,WLD-010,Day,Carbon Steel A106-B,8.0,8.2,5G,DPT,Accept,,0.0,0.0
2025-04-24,J-02970,"8""-NG-1329",Cooling Water Package,Delta Mech Services,WLD-024,Night,Stainless 304L,8.0,15.9,2G,MPT,Accept,,0.0,0.0
2025-04-24,J-01422,"8""-PW-1029",Utility Tie-in,Delta Mech Services,WLD-012,Day,Carbon Steel A106-B,8.0,4.0,1G,UT,Accept,,0.0,0.0
2025-04-24,J-01943,"6""-IA-1053",Utility Tie-in,Delta Mech Services,WLD-027,Day,Stainless 304L,6.0,6.1,5G,RT,Accept,,0.0,0.0
2025-04-24,J-02336,"4""-CW-1340",Pipe Rack A,Anchor Piping Works,WLD-008,Day,Carbon Steel A106-B,4.0,25.8,3G,UT,Accept,,0.0,0.0
2025-04-24,J-01665,"4""-PW-1239",Compressor House,Anchor Piping Works,WLD-023,Day,Alloy Steel P91,4.0,13.9,2G,DPT,Reject,Porosity,3344.0,3.5
2025-04-24,J-02449,"8""-NG-1223",TSA Unit,Delta Mech Services,WLD-012,Night,Alloy Steel P91,8.0,24.1,3G,UT,Accept,,0.0,0.0
2025-04-24,J-02305,"3""-NG-1037",Pipe Rack B,Delta Mech Services,WLD-024,Night,Carbon Steel A106-B,3.0,17.5,3G,RT,Accept,,0.0,0.0
2025-04-24,J-02230,"6""-NG-1306",Cold Box,Anchor Piping Works,WLD-005,Night,Stainless 304L,6.0,20.5,2G,UT,Accept,,0.0,0.0
2025-04-25,J-01053,"16""-NG-1077",Cold Box,Delta Mech Services,WLD-024,Day,Carbon Steel A106-B,16.0,4.9,2G,RT,Accept,,0.0,0.0
2025-04-25,J-01393,"4""-IA-1066",Utility Tie-in,Meridian Fabricators,WLD-001,Day,Stainless 304L,4.0,16.4,1G,DPT,Accept,,0.0,0.0
2025-04-25,J-02096,"4""-NG-1156",Compressor House,Anchor Piping Works,WLD-017,Day,Carbon Steel A106-B,4.0,9.0,1G,RT,Accept,,0.0,0.0
2025-04-25,J-03009,"3""-CW-1397",Pipe Rack A,Delta Mech Services,WLD-015,Night,Alloy Steel P91,3.0,18.4,2G,UT,Accept,,0.0,0.0
2025-04-25,J-02984,"2""-IA-1225",Pipe Rack A,Delta Mech Services,WLD-021,Night,Alloy Steel P91,2.0,16.6,6G,RT,Reject,Undercut,4506.0,4.7
2025-04-25,J-01746,"6""-PW-1111",Cold Box,Anchor Piping Works,WLD-002,Day,Alloy Steel P91,6.0,19.6,1G,UT,Accept,,0.0,0.0
2025-04-25,J-02940,"12""-IA-1194",Compressor House,Meridian Fabricators,WLD-019,Day,Carbon Steel A106-B,12.0,8.4,1G,UT,Reject,Lack of Fusion,5033.0,5.3
2025-04-25,J-01744,"10""-NG-1360",Pipe Rack A,Meridian Fabricators,WLD-025,Day,Stainless 304L,10.0,14.7,2G,DPT,Accept,,0.0,0.0
2025-04-25,J-01572,"2""-IA-1105",Pipe Rack A,Anchor Piping Works,WLD-002,Day,Carbon Steel A106-B,2.0,6.4,2G,RT,Accept,,0.0,0.0
2025-04-26,J-02532,"8""-NG-1127",Cold Box,Meridian Fabricators,WLD-016,Day,Stainless 304L,8.0,11.1,5G,RT,Accept,,0.0,0.0
2025-04-26,J-01739,"3""-PW-1052",Cooling Water Package,Delta Mech Services,WLD-021,Night,Alloy Steel P91,3.0,16.6,1G,MPT,Reject,Lack of Fusion,4119.0,4.3
2025-04-26,J-03016,"10""-FW-1110",Cold Box,Delta Mech Services,WLD-024,Day,Alloy Steel P91,10.0,20.5,2G,RT,Accept,,0.0,0.0
2025-04-26,J-02386,"8""-PW-1222",TSA Unit,Anchor Piping Works,WLD-011,Night,Carbon Steel A106-B,8.0,6.6,2G,UT,Accept,,0.0,0.0
2025-04-26,J-02683,"6""-CW-1136",TSA Unit,Anchor Piping Works,WLD-020,Day,Carbon Steel A106-B,6.0,5.4,2G,MPT,Accept,,0.0,0.0
2025-04-26,J-02643,"12""-PW-1104",Pipe Rack A,Anchor Piping Works,WLD-014,Day,Stainless 304L,12.0,5.6,3G,DPT,Accept,,0.0,0.0
2025-04-26,J-01776,"12""-FW-1017",Compressor House,Anchor Piping Works,WLD-008,Day,Carbon Steel A106-B,12.0,8.8,1G,MPT,Accept,,0.0,0.0
2025-04-26,J-01547,"24""-PW-1247",Cold Box,Delta Mech Services,WLD-006,Day,Alloy Steel P91,24.0,14.1,2G,RT,Accept,,0.0,0.0
2025-04-27,J-02200,"8""-FW-1307",Cold Box,Delta Mech Services,WLD-018,Night,Alloy Steel P91,8.0,13.9,1G,UT,Accept,,0.0,0.0
2025-04-27,J-02961,"6""-FW-1260",Cold Box,Delta Mech Services,WLD-018,Day,Stainless 304L,6.0,7.4,5G,RT,Accept,,0.0,0.0
2025-04-27,J-02728,"12""-IA-1119",Cold Box,Meridian Fabricators,WLD-004,Day,Alloy Steel P91,12.0,14.3,1G,RT,Accept,,0.0,0.0
2025-04-27,J-01809,"12""-PW-1204",TSA Unit,Delta Mech Services,WLD-012,Day,Carbon Steel A106-B,12.0,23.8,3G,RT,Accept,,0.0,0.0
2025-04-27,J-01143,"2""-PW-1154",Compressor House,Delta Mech Services,WLD-021,Night,Carbon Steel A106-B,2.0,7.4,5G,UT,Reject,Excess Reinforcement,3285.0,3.5
2025-04-27,J-02251,"6""-IA-1214",Cold Box,Anchor Piping Works,WLD-008,Night,Carbon Steel A106-B,6.0,24.8,1G,UT,Reject,Crack,5975.0,6.3
2025-04-28,J-01335,"6""-IA-1382",Compressor House,Meridian Fabricators,WLD-004,Day,Stainless 304L,6.0,25.3,2G,UT,Accept,,0.0,0.0
2025-04-28,J-01004,"6""-FW-1024",Cooling Water Package,Meridian Fabricators,WLD-016,Day,Carbon Steel A106-B,6.0,22.8,2G,RT,Accept,,0.0,0.0
2025-04-28,J-02002,"3""-NG-1344",Compressor House,Anchor Piping Works,WLD-026,Day,Alloy Steel P91,3.0,11.8,1G,RT,Accept,,0.0,0.0
2025-04-28,J-01117,"12""-CW-1165",Pipe Rack B,Delta Mech Services,WLD-012,Night,Carbon Steel A106-B,12.0,14.2,5G,UT,Accept,,0.0,0.0
2025-04-28,J-02264,"12""-PW-1293",Compressor House,Anchor Piping Works,WLD-023,Day,Carbon Steel A106-B,12.0,10.3,2G,MPT,Reject,Porosity,5851.0,6.2
2025-04-29,J-02391,"20""-IA-1335",Utility Tie-in,Anchor Piping Works,WLD-017,Day,Stainless 304L,20.0,7.4,1G,UT,Accept,,0.0,0.0
2025-04-29,J-01846,"6""-CW-1251",Cooling Water Package,Delta Mech Services,WLD-012,Day,Carbon Steel A106-B,6.0,22.3,5G,UT,Accept,,0.0,0.0
2025-04-29,J-03010,"4""-CW-1247",TSA Unit,Delta Mech Services,WLD-024,Day,Stainless 304L,4.0,15.9,1G,UT,Accept,,0.0,0.0
2025-04-29,J-02574,"16""-FW-1269",Pipe Rack A,Delta Mech Services,WLD-018,Night,Alloy Steel P91,16.0,13.0,2G,RT,Accept,,0.0,0.0
2025-04-29,J-01593,"4""-FW-1061",Compressor House,Anchor Piping Works,WLD-026,Day,Carbon Steel A106-B,4.0,9.9,2G,RT,Accept,,0.0,0.0
2025-04-29,J-01185,"8""-PW-1386",Pipe Rack B,Anchor Piping Works,WLD-017,Night,Stainless 304L,8.0,7.3,2G,RT,Accept,,0.0,0.0
2025-04-29,J-01141,"20""-FW-1120",Compressor House,Meridian Fabricators,WLD-019,Night,Alloy Steel P91,20.0,6.7,5G,MPT,Accept,,0.0,0.0
2025-04-29,J-01820,"4""-IA-1327",TSA Unit,Anchor Piping Works,WLD-014,Night,Carbon Steel A106-B,4.0,17.5,1G,DPT,Reject,Slag Inclusion,4300.0,4.5
2025-04-30,J-01148,"4""-IA-1358",Pipe Rack B,Anchor Piping Works,WLD-014,Day,Carbon Steel A106-B,4.0,18.0,2G,UT,Reject,Excess Reinforcement,5260.0,5.5
2025-04-30,J-01116,"16""-IA-1327",Pipe Rack A,Meridian Fabricators,WLD-001,Day,Alloy Steel P91,16.0,22.1,3G,RT,Accept,,0.0,0.0
2025-04-30,J-02941,"4""-PW-1156",Pipe Rack A,Delta Mech Services,WLD-012,Day,Carbon Steel A106-B,4.0,8.5,3G,RT,Accept,,0.0,0.0
2025-04-30,J-01319,"12""-PW-1238",Pipe Rack B,Anchor Piping Works,WLD-020,Night,Stainless 304L,12.0,12.2,5G,RT,Accept,,0.0,0.0
2025-04-30,J-01400,"2""-IA-1137",Cold Box,Meridian Fabricators,WLD-004,Day,Carbon Steel A106-B,2.0,14.9,6G,UT,Accept,,0.0,0.0
2025-04-30,J-02360,"4""-PW-1144",Pipe Rack A,Anchor Piping Works,WLD-002,Day,Carbon Steel A106-B,4.0,8.9,6G,UT,Accept,,0.0,0.0
2025-05-01,J-02977,"6""-FW-1168",Pipe Rack A,Delta Mech Services,WLD-021,Night,Alloy Steel P91,6.0,21.1,1G,RT,Accept,,0.0,0.0
2025-05-01,J-01450,"4""-NG-1364",Compressor House,Anchor Piping Works,WLD-011,Night,Carbon Steel A106-B,4.0,10.6,3G,RT,Reject,Lack of Fusion,3664.0,3.9
2025-05-01,J-01176,"12""-PW-1057",Pipe Rack B,Anchor Piping Works,WLD-014,Day,Stainless 304L,12.0,11.6,2G,DPT,Accept,,0.0,0.0
2025-05-01,J-01678,"4""-FW-1354",Cold Box,Meridian Fabricators,WLD-013,Day,Alloy Steel P91,4.0,11.7,3G,MPT,Accept,,0.0,0.0
2025-05-02,J-02450,"8""-PW-1072",Utility Tie-in,Meridian Fabricators,WLD-028,Night,Stainless 304L,8.0,13.4,2G,RT,Accept,,0.0,0.0
2025-05-02,J-01126,"4""-FW-1322",TSA Unit,Anchor Piping Works,WLD-023,Day,Alloy Steel P91,4.0,24.9,2G,RT,Accept,,0.0,0.0
2025-05-02,J-01403,"4""-CW-1265",Pipe Rack B,Anchor Piping Works,WLD-002,Night,Carbon Steel A106-B,4.0,5.9,2G,RT,Accept,,0.0,0.0
2025-05-02,J-01555,"8""-NG-1258",Pipe Rack A,Meridian Fabricators,WLD-022,Night,Stainless 304L,8.0,6.0,1G,RT,Accept,,0.0,0.0
2025-05-02,J-01578,"10""-IA-1360",Utility Tie-in,Meridian Fabricators,WLD-025,Day,Carbon Steel A106-B,10.0,10.3,3G,MPT,Accept,,0.0,0.0
2025-05-02,J-01427,"6""-NG-1096",Cold Box,Delta Mech Services,WLD-003,Day,Stainless 304L,6.0,8.4,5G,RT,Accept,,0.0,0.0
2025-05-02,J-01594,"24""-NG-1328",Cooling Water Package,Meridian Fabricators,WLD-025,Day,Carbon Steel A106-B,24.0,23.0,6G,MPT,Reject,Porosity,8747.0,9.2
2025-05-02,J-01006,"3""-PW-1153",Pipe Rack B,Delta Mech Services,WLD-003,Day,Carbon Steel A106-B,3.0,19.3,5G,UT,Accept,,0.0,0.0
2025-05-02,J-01021,"12""-PW-1338",Pipe Rack A,Delta Mech Services,WLD-021,Day,Alloy Steel P91,12.0,14.2,2G,DPT,Accept,,0.0,0.0
2025-05-02,J-01753,"24""-PW-1399",TSA Unit,Delta Mech Services,WLD-015,Night,Carbon Steel A106-B,24.0,7.5,1G,RT,Accept,,0.0,0.0
2025-05-03,J-01245,"3""-CW-1043",Pipe Rack A,Anchor Piping Works,WLD-011,Night,Carbon Steel A106-B,3.0,20.8,2G,RT,Reject,Crack,2942.0,3.1
2025-05-03,J-02131,"3""-NG-1085",TSA Unit,Delta Mech Services,WLD-015,Day,Carbon Steel A106-B,3.0,4.7,1G,MPT,Accept,,0.0,0.0
2025-05-03,J-02007,"2""-FW-1279",Pipe Rack A,Anchor Piping Works,WLD-023,Day,Carbon Steel A106-B,2.0,25.4,1G,RT,Accept,,0.0,0.0
2025-05-03,J-02712,"4""-NG-1217",Pipe Rack B,Delta Mech Services,WLD-012,Night,Stainless 304L,4.0,6.2,1G,RT,Reject,Lack of Fusion,3505.0,3.7
2025-05-03,J-02205,"12""-NG-1144",Cold Box,Delta Mech Services,WLD-006,Day,Carbon Steel A106-B,12.0,4.6,1G,UT,Accept,,0.0,0.0
2025-05-03,J-02213,"4""-NG-1033",Pipe Rack A,Delta Mech Services,WLD-027,Day,Carbon Steel A106-B,4.0,24.7,1G,MPT,Accept,,0.0,0.0
2025-05-03,J-01451,"16""-IA-1359",Utility Tie-in,Anchor Piping Works,WLD-026,Day,Carbon Steel A106-B,16.0,25.4,2G,RT,Accept,,0.0,0.0
2025-05-03,J-02955,"2""-IA-1258",TSA Unit,Meridian Fabricators,WLD-013,Day,Carbon Steel A106-B,2.0,11.0,1G,RT,Accept,,0.0,0.0
2025-05-04,J-02175,"6""-CW-1137",Compressor House,Anchor Piping Works,WLD-023,Night,Carbon Steel A106-B,6.0,10.0,2G,UT,Accept,,0.0,0.0
2025-05-04,J-02280,"12""-CW-1375",Cooling Water Package,Meridian Fabricators,WLD-016,Night,Carbon Steel A106-B,12.0,20.9,2G,MPT,Accept,,0.0,0.0
2025-05-04,J-03065,"6""-NG-1371",Pipe Rack B,Delta Mech Services,WLD-015,Day,Stainless 304L,6.0,9.5,5G,RT,Reject,Slag Inclusion,3935.0,4.1
2025-05-04,J-01650,"6""-FW-1063",Pipe Rack A,Delta Mech Services,WLD-006,Day,Carbon Steel A106-B,6.0,24.8,3G,MPT,Accept,,0.0,0.0
2025-05-04,J-01454,"6""-NG-1097",Cold Box,Meridian Fabricators,WLD-019,Night,Carbon Steel A106-B,6.0,18.0,2G,DPT,Accept,,0.0,0.0
2025-05-04,J-01073,"6""-FW-1212",Pipe Rack B,Delta Mech Services,WLD-012,Day,Carbon Steel A106-B,6.0,21.2,1G,RT,Accept,,0.0,0.0
2025-05-04,J-01559,"12""-NG-1292",Cold Box,Anchor Piping Works,WLD-014,Day,Carbon Steel A106-B,12.0,17.0,5G,RT,Reject,Slag Inclusion,6163.0,6.5
2025-05-04,J-01329,"4""-IA-1263",TSA Unit,Meridian Fabricators,WLD-004,Day,Carbon Steel A106-B,4.0,11.8,1G,DPT,Accept,,0.0,0.0
2025-05-05,J-01016,"2""-PW-1374",TSA Unit,Delta Mech Services,WLD-015,Day,Stainless 304L,2.0,20.4,2G,RT,Accept,,0.0,0.0
2025-05-05,J-02310,"6""-FW-1370",Utility Tie-in,Meridian Fabricators,WLD-025,Day,Stainless 304L,6.0,10.2,5G,RT,Accept,,0.0,0.0
2025-05-05,J-02284,"4""-NG-1223",Pipe Rack A,Anchor Piping Works,WLD-008,Night,Carbon Steel A106-B,4.0,25.0,2G,DPT,Accept,,0.0,0.0
2025-05-05,J-01757,"20""-NG-1004",Pipe Rack B,Meridian Fabricators,WLD-010,Day,Carbon Steel A106-B,20.0,4.0,2G,DPT,Accept,,0.0,0.0
2025-05-06,J-01255,"8""-PW-1159",Compressor House,Anchor Piping Works,WLD-008,Day,Alloy Steel P91,8.0,8.7,1G,RT,Accept,,0.0,0.0
2025-05-06,J-01066,"20""-CW-1081",Compressor House,Anchor Piping Works,WLD-017,Day,Stainless 304L,20.0,14.9,6G,RT,Reject,Lack of Fusion,6753.0,7.1
2025-05-06,J-01519,"8""-FW-1104",Compressor House,Meridian Fabricators,WLD-001,Day,Stainless 304L,8.0,10.7,3G,UT,Accept,,0.0,0.0
2025-05-06,J-02923,"4""-CW-1004",TSA Unit,Meridian Fabricators,WLD-010,Night,Carbon Steel A106-B,4.0,15.8,3G,UT,Accept,,0.0,0.0
2025-05-06,J-01849,"3""-NG-1217",Utility Tie-in,Delta Mech Services,WLD-009,Day,Carbon Steel A106-B,3.0,12.9,2G,UT,Accept,,0.0,0.0
2025-05-06,J-01973,"12""-PW-1080",Compressor House,Delta Mech Services,WLD-018,Day,Carbon Steel A106-B,12.0,22.8,5G,MPT,Accept,,0.0,0.0
2025-05-06,J-02745,"6""-CW-1286",Cold Box,Meridian Fabricators,WLD-022,Night,Carbon Steel A106-B,6.0,9.6,5G,MPT,Accept,,0.0,0.0
2025-05-06,J-01223,"10""-FW-1103",Compressor House,Delta Mech Services,WLD-012,Day,Carbon Steel A106-B,10.0,13.7,6G,UT,Reject,Porosity,5982.0,6.3
2025-05-06,J-02760,"24""-FW-1219",Pipe Rack B,Delta Mech Services,WLD-006,Day,Alloy Steel P91,24.0,6.2,2G,MPT,Accept,,0.0,0.0
2025-05-06,J-01609,"16""-IA-1155",Cooling Water Package,Anchor Piping Works,WLD-017,Day,Carbon Steel A106-B,16.0,21.2,1G,UT,Accept,,0.0,0.0
2025-05-07,J-02922,"16""-CW-1154",Cooling Water Package,Anchor Piping Works,WLD-017,Night,Stainless 304L,16.0,9.7,5G,RT,Accept,,0.0,0.0
2025-05-07,J-01272,"16""-NG-1114",Cooling Water Package,Anchor Piping Works,WLD-014,Day,Stainless 304L,16.0,7.3,5G,MPT,Accept,,0.0,0.0
2025-05-07,J-03005,"4""-CW-1068",TSA Unit,Anchor Piping Works,WLD-020,Day,Stainless 304L,4.0,20.6,1G,RT,Reject,Undercut,5859.0,6.2
2025-05-07,J-02612,"2""-CW-1093",Compressor House,Delta Mech Services,WLD-012,Day,Stainless 304L,2.0,12.6,6G,UT,Accept,,0.0,0.0
2025-05-07,J-02918,"8""-FW-1116",TSA Unit,Anchor Piping Works,WLD-026,Night,Stainless 304L,8.0,19.5,2G,DPT,Accept,,0.0,0.0
2025-05-07,J-02894,"3""-CW-1333",Pipe Rack B,Delta Mech Services,WLD-018,Night,Carbon Steel A106-B,3.0,18.7,2G,RT,Accept,,0.0,0.0
2025-05-07,J-02668,"6""-NG-1056",Cold Box,Meridian Fabricators,WLD-022,Day,Alloy Steel P91,6.0,18.9,3G,UT,Accept,,0.0,0.0
2025-05-07,J-01322,"2""-FW-1242",Cold Box,Meridian Fabricators,WLD-028,Day,Stainless 304L,2.0,8.1,1G,UT,Accept,,0.0,0.0
2025-05-08,J-01441,"16""-IA-1223",Pipe Rack B,Anchor Piping Works,WLD-020,Night,Stainless 304L,16.0,15.4,1G,MPT,Accept,,0.0,0.0
2025-05-08,J-01834,"20""-PW-1379",Compressor House,Delta Mech Services,WLD-012,Night,Carbon Steel A106-B,20.0,9.8,5G,RT,Reject,Undercut,7113.0,7.5
2025-05-08,J-01764,"3""-NG-1384",Utility Tie-in,Meridian Fabricators,WLD-007,Day,Stainless 304L,3.0,5.8,5G,RT,Reject,Porosity,3353.0,3.5
2025-05-08,J-01742,"24""-CW-1019",Cooling Water Package,Delta Mech Services,WLD-012,Day,Carbon Steel A106-B,24.0,14.0,3G,MPT,Accept,,0.0,0.0
2025-05-08,J-01300,"12""-NG-1207",Pipe Rack B,Meridian Fabricators,WLD-010,Night,Alloy Steel P91,12.0,7.2,5G,RT,Accept,,0.0,0.0
2025-05-08,J-02013,"20""-CW-1257",Cold Box,Delta Mech Services,WLD-012,Day,Alloy Steel P91,20.0,22.3,1G,UT,Accept,,0.0,0.0
2025-05-08,J-02459,"4""-IA-1074",TSA Unit,Meridian Fabricators,WLD-010,Night,Carbon Steel A106-B,4.0,21.1,1G,UT,Accept,,0.0,0.0
2025-05-09,J-02074,"8""-PW-1182",Cooling Water Package,Meridian Fabricators,WLD-028,Day,Carbon Steel A106-B,8.0,13.4,1G,MPT,Accept,,0.0,0.0
2025-05-09,J-02137,"2""-NG-1186",Compressor House,Anchor Piping Works,WLD-008,Day,Carbon Steel A106-B,2.0,23.5,5G,RT,Accept,,0.0,0.0
2025-05-09,J-01288,"10""-PW-1314",Cold Box,Meridian Fabricators,WLD-007,Night,Carbon Steel A106-B,10.0,18.3,2G,UT,Reject,Lack of Fusion,5972.0,6.3
2025-05-09,J-01652,"20""-PW-1203",TSA Unit,Anchor Piping Works,WLD-014,Day,Carbon Steel A106-B,20.0,17.1,1G,RT,Accept,,0.0,0.0
2025-05-10,J-01750,"4""-FW-1215",Cold Box,Meridian Fabricators,WLD-007,Night,Alloy Steel P91,4.0,26.0,5G,RT,Accept,,0.0,0.0
2025-05-10,J-01793,"8""-IA-1272",Compressor House,Meridian Fabricators,WLD-025,Day,Carbon Steel A106-B,8.0,18.5,5G,RT,Accept,,0.0,0.0
2025-05-10,J-02068,"4""-PW-1207",Cold Box,Anchor Piping Works,WLD-020,Night,Carbon Steel A106-B,4.0,19.1,1G,RT,Accept,,0.0,0.0
2025-05-11,J-01164,"10""-IA-1187",Pipe Rack A,Meridian Fabricators,WLD-028,Night,Carbon Steel A106-B,10.0,20.6,2G,RT,Accept,,0.0,0.0
2025-05-11,J-01881,"12""-NG-1228",Cold Box,Anchor Piping Works,WLD-011,Day,Alloy Steel P91,12.0,9.6,5G,RT,Reject,Incomplete Penetration,5283.0,5.6
2025-05-11,J-02783,"3""-PW-1189",Pipe Rack A,Delta Mech Services,WLD-015,Day,Carbon Steel A106-B,3.0,11.9,5G,RT,Accept,,0.0,0.0
2025-05-11,J-01893,"12""-IA-1371",TSA Unit,Delta Mech Services,WLD-009,Day,Carbon Steel A106-B,12.0,16.1,1G,RT,Reject,Incomplete Penetration,5516.0,5.8
2025-05-11,J-01343,"6""-IA-1119",TSA Unit,Anchor Piping Works,WLD-011,Night,Carbon Steel A106-B,6.0,13.3,6G,RT,Reject,Crack,5561.0,5.9
2025-05-11,J-01110,"24""-PW-1169",Cold Box,Delta Mech Services,WLD-024,Day,Stainless 304L,24.0,8.2,1G,RT,Accept,,0.0,0.0
2025-05-11,J-02959,"4""-PW-1074",Cold Box,Meridian Fabricators,WLD-007,Day,Stainless 304L,4.0,9.7,5G,RT,Accept,,0.0,0.0
2025-05-12,J-01119,"16""-NG-1189",Utility Tie-in,Meridian Fabricators,WLD-028,Night,Carbon Steel A106-B,16.0,8.1,2G,DPT,Accept,,0.0,0.0
2025-05-12,J-01806,"6""-IA-1239",Pipe Rack A,Meridian Fabricators,WLD-007,Day,Carbon Steel A106-B,6.0,19.1,1G,RT,Accept,,0.0,0.0
2025-05-12,J-01405,"4""-IA-1026",TSA Unit,Anchor Piping Works,WLD-020,Day,Carbon Steel A106-B,4.0,12.1,3G,UT,Reject,Porosity,2830.0,3.0
2025-05-12,J-01137,"12""-PW-1353",Utility Tie-in,Anchor Piping Works,WLD-017,Night,Carbon Steel A106-B,12.0,25.4,2G,RT,Reject,Undercut,8359.0,8.8
2025-05-12,J-01486,"4""-IA-1192",Utility Tie-in,Anchor Piping Works,WLD-020,Day,Carbon Steel A106-B,4.0,7.9,2G,DPT,Accept,,0.0,0.0
2025-05-12,J-01967,"8""-FW-1157",Compressor House,Delta Mech Services,WLD-024,Day,Carbon Steel A106-B,8.0,15.1,3G,RT,Reject,Incomplete Penetration,4770.0,5.0
2025-05-12,J-02794,"2""-CW-1085",Cooling Water Package,Delta Mech Services,WLD-006,Day,Stainless 304L,2.0,11.7,5G,RT,Reject,Porosity,2506.0,2.6
2025-05-13,J-02434,"4""-IA-1116",Cold Box,Anchor Piping Works,WLD-008,Day,Carbon Steel A106-B,4.0,16.8,2G,DPT,Accept,,0.0,0.0
2025-05-13,J-01847,"3""-PW-1045",Utility Tie-in,Delta Mech Services,WLD-006,Night,Alloy Steel P91,3.0,15.5,1G,MPT,Accept,,0.0,0.0
2025-05-13,J-01333,"12""-FW-1057",Cold Box,Delta Mech Services,WLD-027,Night,Stainless 304L,12.0,14.6,3G,MPT,Accept,,0.0,0.0
2025-05-13,J-02471,"2""-PW-1283",Utility Tie-in,Meridian Fabricators,WLD-013,Day,Stainless 304L,2.0,14.3,2G,MPT,Accept,,0.0,0.0
2025-05-13,J-02915,"10""-FW-1280",Cooling Water Package,Meridian Fabricators,WLD-007,Day,Stainless 304L,10.0,6.3,5G,RT,Reject,Lack of Fusion,4468.0,4.7
2025-05-13,J-02211,"2""-IA-1302",Utility Tie-in,Anchor Piping Works,WLD-023,Night,Carbon Steel A106-B,2.0,25.8,2G,RT,Accept,,0.0,0.0
2025-05-14,J-02377,"10""-CW-1331",Cold Box,Anchor Piping Works,WLD-008,Day,Carbon Steel A106-B,10.0,15.9,5G,DPT,Accept,,0.0,0.0
2025-05-14,J-01115,"2""-FW-1340",Cooling Water Package,Meridian Fabricators,WLD-016,Day,Carbon Steel A106-B,2.0,3.9,1G,RT,Accept,,0.0,0.0
2025-05-14,J-01630,"4""-CW-1278",Cold Box,Delta Mech Services,WLD-024,Day,Stainless 304L,4.0,7.3,1G,UT,Accept,,0.0,0.0
2025-05-14,J-02031,"16""-IA-1060",Pipe Rack B,Meridian Fabricators,WLD-001,Day,Carbon Steel A106-B,16.0,22.2,2G,DPT,Accept,,0.0,0.0
2025-05-14,J-02820,"6""-PW-1140",Pipe Rack A,Delta Mech Services,WLD-021,Day,Alloy Steel P91,6.0,12.6,1G,RT,Accept,,0.0,0.0
2025-05-14,J-02488,"10""-PW-1115",Cold Box,Delta Mech Services,WLD-009,Night,Stainless 304L,10.0,7.1,6G,UT,Accept,,0.0,0.0
2025-05-15,J-02369,"6""-IA-1120",Pipe Rack B,Delta Mech Services,WLD-003,Night,Carbon Steel A106-B,6.0,17.6,6G,MPT,Accept,,0.0,0.0
2025-05-15,J-02246,"4""-IA-1305",Compressor House,Meridian Fabricators,WLD-022,Night,Carbon Steel A106-B,4.0,17.8,6G,MPT,Accept,,0.0,0.0
2025-05-15,J-01362,"8""-NG-1202",Pipe Rack A,Delta Mech Services,WLD-015,Day,Stainless 304L,8.0,15.3,1G,DPT,Accept,,0.0,0.0
2025-05-15,J-02385,"6""-CW-1008",Pipe Rack B,Anchor Piping Works,WLD-002,Night,Stainless 304L,6.0,21.5,5G,RT,Accept,,0.0,0.0
2025-05-15,J-02240,"16""-FW-1387",Pipe Rack A,Delta Mech Services,WLD-015,Day,Carbon Steel A106-B,16.0,19.0,6G,DPT,Accept,,0.0,0.0
2025-05-16,J-01201,"12""-PW-1011",Cooling Water Package,Meridian Fabricators,WLD-013,Day,Carbon Steel A106-B,12.0,10.2,3G,UT,Accept,,0.0,0.0
2025-05-16,J-01203,"6""-NG-1170",Pipe Rack A,Delta Mech Services,WLD-006,Day,Carbon Steel A106-B,6.0,15.4,1G,RT,Accept,,0.0,0.0
2025-05-16,J-01100,"8""-IA-1137",Compressor House,Anchor Piping Works,WLD-026,Day,Stainless 304L,8.0,14.3,2G,UT,Accept,,0.0,0.0
2025-05-16,J-01470,"4""-FW-1089",Compressor House,Meridian Fabricators,WLD-013,Day,Carbon Steel A106-B,4.0,19.1,2G,RT,Accept,,0.0,0.0
2025-05-16,J-01208,"4""-IA-1170",Pipe Rack A,Meridian Fabricators,WLD-028,Day,Carbon Steel A106-B,4.0,15.0,2G,DPT,Accept,,0.0,0.0
2025-05-16,J-02351,"3""-CW-1382",Cold Box,Meridian Fabricators,WLD-016,Day,Stainless 304L,3.0,10.5,3G,MPT,Accept,,0.0,0.0
2025-05-16,J-01614,"3""-PW-1354",Cooling Water Package,Meridian Fabricators,WLD-016,Day,Carbon Steel A106-B,3.0,16.5,5G,RT,Accept,,0.0,0.0
2025-05-16,J-02925,"12""-PW-1067",Pipe Rack B,Anchor Piping Works,WLD-002,Day,Carbon Steel A106-B,12.0,16.0,5G,DPT,Accept,,0.0,0.0
2025-05-16,J-01416,"3""-CW-1236",Pipe Rack B,Delta Mech Services,WLD-003,Night,Carbon Steel A106-B,3.0,8.7,1G,MPT,Accept,,0.0,0.0
2025-05-16,J-02311,"8""-FW-1177",Pipe Rack A,Delta Mech Services,WLD-006,Day,Alloy Steel P91,8.0,24.3,2G,UT,Reject,Porosity,4774.0,5.0
2025-05-17,J-01649,"8""-IA-1254",TSA Unit,Meridian Fabricators,WLD-001,Day,Carbon Steel A106-B,8.0,8.2,5G,RT,Accept,,0.0,0.0
2025-05-17,J-01060,"2""-FW-1394",TSA Unit,Delta Mech Services,WLD-009,Day,Stainless 304L,2.0,21.1,5G,RT,Accept,,0.0,0.0
2025-05-17,J-01415,"8""-IA-1009",Utility Tie-in,Delta Mech Services,WLD-027,Night,Carbon Steel A106-B,8.0,24.3,2G,RT,Accept,,0.0,0.0
2025-05-17,J-01025,"8""-PW-1331",Cold Box,Meridian Fabricators,WLD-013,Day,Carbon Steel A106-B,8.0,18.9,1G,RT,Accept,,0.0,0.0
2025-05-17,J-02937,"8""-PW-1129",Pipe Rack B,Delta Mech Services,WLD-009,Day,Stainless 304L,8.0,8.6,2G,RT,Accept,,0.0,0.0
2025-05-17,J-01976,"8""-PW-1238",TSA Unit,Delta Mech Services,WLD-015,Night,Carbon Steel A106-B,8.0,9.1,6G,UT,Reject,Lack of Fusion,4334.0,4.6
2025-05-17,J-01819,"8""-PW-1319",TSA Unit,Anchor Piping Works,WLD-002,Night,Carbon Steel A106-B,8.0,8.9,2G,RT,Accept,,0.0,0.0
2025-05-17,J-02699,"10""-IA-1271",Cooling Water Package,Meridian Fabricators,WLD-025,Day,Stainless 304L,10.0,12.6,1G,RT,Accept,,0.0,0.0
2025-05-17,J-03060,"8""-NG-1319",TSA Unit,Delta Mech Services,WLD-024,Night,Carbon Steel A106-B,8.0,11.3,1G,RT,Accept,,0.0,0.0
2025-05-17,J-01605,"4""-IA-1119",Cold Box,Meridian Fabricators,WLD-028,Day,Stainless 304L,4.0,17.6,2G,MPT,Accept,,0.0,0.0
2025-05-18,J-01962,"12""-FW-1386",Compressor House,Meridian Fabricators,WLD-001,Night,Carbon Steel A106-B,12.0,11.0,1G,UT,Accept,,0.0,0.0
2025-05-18,J-02886,"6""-CW-1167",Cooling Water Package,Anchor Piping Works,WLD-017,Day,Stainless 304L,6.0,20.7,3G,MPT,Accept,,0.0,0.0
2025-05-19,J-01196,"20""-IA-1380",Compressor House,Delta Mech Services,WLD-012,Night,Alloy Steel P91,20.0,4.3,1G,RT,Accept,,0.0,0.0
2025-05-19,J-02604,"12""-NG-1376",Pipe Rack A,Anchor Piping Works,WLD-014,Day,Alloy Steel P91,12.0,19.7,1G,UT,Accept,,0.0,0.0
2025-05-19,J-01966,"20""-CW-1122",TSA Unit,Anchor Piping Works,WLD-017,Night,Carbon Steel A106-B,20.0,23.4,2G,RT,Accept,,0.0,0.0
2025-05-19,J-02399,"12""-IA-1231",Pipe Rack B,Delta Mech Services,WLD-009,Night,Alloy Steel P91,12.0,19.4,2G,RT,Accept,,0.0,0.0
2025-05-19,J-02056,"2""-FW-1069",Utility Tie-in,Meridian Fabricators,WLD-004,Night,Carbon Steel A106-B,2.0,4.3,2G,UT,Accept,,0.0,0.0
2025-05-19,J-02852,"10""-FW-1012",Compressor House,Meridian Fabricators,WLD-010,Day,Stainless 304L,10.0,18.1,5G,UT,Accept,,0.0,0.0
2025-05-20,J-02914,"24""-CW-1285",Pipe Rack B,Delta Mech Services,WLD-018,Day,Stainless 304L,24.0,9.2,5G,UT,Accept,,0.0,0.0
2025-05-20,J-02110,"20""-NG-1327",Compressor House,Anchor Piping Works,WLD-026,Day,Alloy Steel P91,20.0,25.1,3G,RT,Accept,,0.0,0.0
2025-05-20,J-02553,"2""-FW-1023",TSA Unit,Anchor Piping Works,WLD-014,Day,Stainless 304L,2.0,19.9,1G,MPT,Accept,,0.0,0.0
2025-05-21,J-02985,"10""-FW-1233",Pipe Rack B,Meridian Fabricators,WLD-025,Day,Carbon Steel A106-B,10.0,5.2,3G,RT,Accept,,0.0,0.0
2025-05-21,J-01507,"12""-IA-1275",Utility Tie-in,Delta Mech Services,WLD-027,Day,Stainless 304L,12.0,7.6,2G,UT,Reject,Lack of Fusion,4833.0,5.1
2025-05-21,J-01774,"10""-CW-1047",Utility Tie-in,Delta Mech Services,WLD-027,Night,Carbon Steel A106-B,10.0,23.5,6G,UT,Accept,,0.0,0.0
2025-05-21,J-02534,"8""-IA-1010",Utility Tie-in,Delta Mech Services,WLD-027,Night,Stainless 304L,8.0,12.5,5G,RT,Accept,,0.0,0.0
2025-05-21,J-03052,"24""-NG-1255",TSA Unit,Meridian Fabricators,WLD-004,Day,Alloy Steel P91,24.0,16.5,6G,MPT,Accept,,0.0,0.0
2025-05-21,J-03002,"20""-FW-1182",Cooling Water Package,Delta Mech Services,WLD-018,Day,Carbon Steel A106-B,20.0,25.2,1G,MPT,Accept,,0.0,0.0
2025-05-21,J-02735,"8""-FW-1285",Cooling Water Package,Meridian Fabricators,WLD-019,Day,Carbon Steel A106-B,8.0,5.4,1G,RT,Accept,,0.0,0.0
2025-05-21,J-03087,"24""-NG-1009",TSA Unit,Meridian Fabricators,WLD-013,Day,Stainless 304L,24.0,22.2,1G,RT,Accept,,0.0,0.0
2025-05-21,J-02155,"16""-CW-1111",Cooling Water Package,Meridian Fabricators,WLD-013,Night,Carbon Steel A106-B,16.0,18.9,2G,RT,Accept,,0.0,0.0
2025-05-21,J-02216,"8""-FW-1030",Pipe Rack B,Anchor Piping Works,WLD-005,Day,Carbon Steel A106-B,8.0,15.3,5G,MPT,Accept,,0.0,0.0
2025-05-21,J-02188,"4""-IA-1280",Pipe Rack A,Anchor Piping Works,WLD-017,Day,Carbon Steel A106-B,4.0,4.9,6G,UT,Reject,Lack of Fusion,3453.0,3.6
2025-05-22,J-01127,"6""-FW-1392",Pipe Rack A,Anchor Piping Works,WLD-023,Night,Carbon Steel A106-B,6.0,16.8,2G,RT,Reject,Lack of Fusion,5027.0,5.3
2025-05-22,J-02203,"8""-CW-1073",Pipe Rack A,Meridian Fabricators,WLD-025,Night,Stainless 304L,8.0,12.2,1G,RT,Accept,,0.0,0.0
2025-05-22,J-01102,"8""-NG-1362",Cold Box,Delta Mech Services,WLD-009,Night,Carbon Steel A106-B,8.0,19.8,6G,RT,Accept,,0.0,0.0
2025-05-22,J-02516,"12""-IA-1120",Pipe Rack B,Anchor Piping Works,WLD-011,Day,Carbon Steel A106-B,12.0,14.0,1G,UT,Accept,,0.0,0.0
2025-05-22,J-02293,"4""-CW-1101",TSA Unit,Anchor Piping Works,WLD-005,Day,Alloy Steel P91,4.0,12.9,3G,MPT,Accept,,0.0,0.0
2025-05-22,J-03020,"10""-FW-1211",Utility Tie-in,Anchor Piping Works,WLD-005,Night,Stainless 304L,10.0,22.3,3G,UT,Accept,,0.0,0.0
2025-05-22,J-02551,"4""-PW-1348",TSA Unit,Anchor Piping Works,WLD-014,Day,Carbon Steel A106-B,4.0,20.5,2G,RT,Reject,Undercut,5256.0,5.5
2025-05-22,J-02924,"6""-IA-1137",Compressor House,Delta Mech Services,WLD-012,Day,Carbon Steel A106-B,6.0,4.1,6G,MPT,Accept,,0.0,0.0
2025-05-22,J-01901,"6""-IA-1213",Pipe Rack A,Meridian Fabricators,WLD-010,Day,Alloy Steel P91,6.0,7.3,5G,RT,Reject,Slag Inclusion,3886.0,4.1
2025-05-22,J-02026,"4""-PW-1217",Cold Box,Delta Mech Services,WLD-027,Day,Carbon Steel A106-B,4.0,22.9,5G,RT,Reject,Lack of Fusion,4683.0,4.9
2025-05-23,J-01279,"6""-NG-1014",Cooling Water Package,Delta Mech Services,WLD-006,Day,Stainless 304L,6.0,4.6,2G,RT,Accept,,0.0,0.0
2025-05-23,J-01897,"12""-NG-1089",Utility Tie-in,Anchor Piping Works,WLD-017,Day,Carbon Steel A106-B,12.0,17.1,1G,UT,Accept,,0.0,0.0
2025-05-23,J-01342,"4""-CW-1259",Cold Box,Meridian Fabricators,WLD-019,Day,Carbon Steel A106-B,4.0,11.2,2G,UT,Accept,,0.0,0.0
2025-05-23,J-02294,"4""-NG-1162",Compressor House,Meridian Fabricators,WLD-004,Night,Carbon Steel A106-B,4.0,10.5,3G,MPT,Accept,,0.0,0.0
2025-05-23,J-01903,"4""-PW-1347",Compressor House,Delta Mech Services,WLD-003,Day,Stainless 304L,4.0,12.9,6G,DPT,Accept,,0.0,0.0
2025-05-23,J-01308,"6""-PW-1394",Pipe Rack A,Delta Mech Services,WLD-009,Night,Carbon Steel A106-B,6.0,21.4,1G,UT,Reject,Porosity,4133.0,4.4
2025-05-23,J-02843,"6""-CW-1116",Cooling Water Package,Anchor Piping Works,WLD-011,Day,Carbon Steel A106-B,6.0,25.1,6G,UT,Reject,Incomplete Penetration,5706.0,6.0
2025-05-23,J-01597,"20""-NG-1296",Cooling Water Package,Meridian Fabricators,WLD-001,Day,Carbon Steel A106-B,20.0,14.8,1G,MPT,Reject,Lack of Fusion,7639.0,8.0
2025-05-23,J-02986,"2""-NG-1003",Pipe Rack B,Delta Mech Services,WLD-006,Night,Carbon Steel A106-B,2.0,5.2,1G,MPT,Accept,,0.0,0.0
2025-05-23,J-02003,"4""-CW-1226",Cooling Water Package,Anchor Piping Works,WLD-008,Day,Carbon Steel A106-B,4.0,23.0,1G,RT,Accept,,0.0,0.0
2025-05-23,J-01954,"10""-IA-1210",Utility Tie-in,Delta Mech Services,WLD-021,Night,Carbon Steel A106-B,10.0,18.6,3G,MPT,Accept,,0.0,0.0
2025-05-23,J-02697,"3""-PW-1358",Cold Box,Anchor Piping Works,WLD-017,Day,Alloy Steel P91,3.0,18.4,5G,RT,Accept,,0.0,0.0
2025-05-23,J-03041,"2""-PW-1287",TSA Unit,Meridian Fabricators,WLD-010,Day,Carbon Steel A106-B,2.0,25.5,5G,RT,Accept,,0.0,0.0
2025-05-23,J-02332,"8""-PW-1138",TSA Unit,Anchor Piping Works,WLD-011,Day,Alloy Steel P91,8.0,16.3,6G,UT,Reject,Undercut,5499.0,5.8
2025-05-24,J-02789,"10""-PW-1152",Utility Tie-in,Anchor Piping Works,WLD-005,Night,Carbon Steel A106-B,10.0,13.0,1G,RT,Reject,Slag Inclusion,5097.0,5.4
2025-05-24,J-01438,"4""-FW-1315",Pipe Rack A,Meridian Fabricators,WLD-010,Day,Stainless 304L,4.0,22.0,6G,MPT,Reject,Slag Inclusion,5456.0,5.7
2025-05-24,J-02971,"8""-NG-1016",Compressor House,Meridian Fabricators,WLD-001,Day,Stainless 304L,8.0,9.6,5G,RT,Accept,,0.0,0.0
2025-05-24,J-02112,"10""-FW-1241",Cold Box,Anchor Piping Works,WLD-014,Day,Carbon Steel A106-B,10.0,15.8,6G,DPT,Reject,Slag Inclusion,5087.0,5.4
2025-05-24,J-02215,"20""-CW-1267",Cold Box,Meridian Fabricators,WLD-016,Night,Carbon Steel A106-B,20.0,9.6,1G,UT,Accept,,0.0,0.0
2025-05-24,J-01193,"10""-FW-1348",Compressor House,Anchor Piping Works,WLD-017,Day,Carbon Steel A106-B,10.0,17.1,3G,UT,Accept,,0.0,0.0
2025-05-24,J-01101,"10""-NG-1300",Utility Tie-in,Delta Mech Services,WLD-003,Day,Carbon Steel A106-B,10.0,25.8,5G,DPT,Accept,,0.0,0.0
2025-05-24,J-01274,"10""-NG-1325",Compressor House,Anchor Piping Works,WLD-005,Day,Carbon Steel A106-B,10.0,15.7,5G,DPT,Accept,,0.0,0.0
2025-05-24,J-02857,"12""-CW-1140",Cooling Water Package,Anchor Piping Works,WLD-014,Night,Carbon Steel A106-B,12.0,14.1,1G,RT,Accept,,0.0,0.0
2025-05-24,J-02687,"3""-FW-1111",Pipe Rack A,Anchor Piping Works,WLD-011,Day,Carbon Steel A106-B,3.0,17.7,5G,RT,Reject,Excess Reinforcement,3845.0,4.0
2025-05-25,J-02204,"20""-NG-1391",Cooling Water Package,Anchor Piping Works,WLD-002,Night,Stainless 304L,20.0,10.8,3G,UT,Accept,,0.0,0.0
2025-05-25,J-01449,"3""-NG-1320",Cooling Water Package,Delta Mech Services,WLD-015,Day,Stainless 304L,3.0,9.1,1G,RT,Reject,Lack of Fusion,3578.0,3.8
2025-05-25,J-02255,"12""-PW-1395",Cold Box,Meridian Fabricators,WLD-007,Night,Alloy Steel P91,12.0,13.2,1G,RT,Accept,,0.0,0.0
2025-05-25,J-02382,"8""-CW-1396",TSA Unit,Meridian Fabricators,WLD-004,Day,Alloy Steel P91,8.0,16.1,1G,MPT,Accept,,0.0,0.0
2025-05-25,J-02116,"3""-NG-1136",Pipe Rack A,Anchor Piping Works,WLD-023,Night,Alloy Steel P91,3.0,21.7,1G,MPT,Accept,,0.0,0.0
2025-05-25,J-02189,"16""-FW-1352",Cold Box,Anchor Piping Works,WLD-014,Day,Alloy Steel P91,16.0,22.1,2G,MPT,Accept,,0.0,0.0
2025-05-25,J-02994,"16""-CW-1106",Compressor House,Anchor Piping Works,WLD-014,Night,Stainless 304L,16.0,12.1,1G,MPT,Accept,,0.0,0.0
2025-05-25,J-02339,"2""-CW-1059",Pipe Rack A,Meridian Fabricators,WLD-001,Night,Carbon Steel A106-B,2.0,12.9,2G,MPT,Accept,,0.0,0.0
2025-05-26,J-01539,"4""-CW-1305",Cold Box,Delta Mech Services,WLD-027,Day,Carbon Steel A106-B,4.0,12.7,2G,UT,Reject,Crack,4189.0,4.4
2025-05-26,J-02740,"8""-PW-1379",Cooling Water Package,Anchor Piping Works,WLD-002,Day,Stainless 304L,8.0,25.7,6G,RT,Accept,,0.0,0.0
2025-05-26,J-02148,"16""-PW-1277",Compressor House,Anchor Piping Works,WLD-020,Day,Carbon Steel A106-B,16.0,7.2,1G,UT,Accept,,0.0,0.0
2025-05-26,J-01805,"2""-IA-1021",Cold Box,Delta Mech Services,WLD-021,Day,Stainless 304L,2.0,7.7,1G,UT,Accept,,0.0,0.0
2025-05-26,J-01094,"8""-PW-1355",Pipe Rack A,Meridian Fabricators,WLD-007,Night,Alloy Steel P91,8.0,9.4,5G,RT,Reject,Porosity,3853.0,4.1
2025-05-27,J-02057,"12""-IA-1119",Pipe Rack A,Anchor Piping Works,WLD-002,Day,Stainless 304L,12.0,13.3,1G,RT,Accept,,0.0,0.0
2025-05-27,J-01404,"3""-FW-1022",Utility Tie-in,Meridian Fabricators,WLD-013,Day,Alloy Steel P91,3.0,5.6,1G,UT,Accept,,0.0,0.0
2025-05-27,J-01728,"20""-CW-1143",Pipe Rack B,Meridian Fabricators,WLD-019,Day,Carbon Steel A106-B,20.0,11.1,2G,DPT,Reject,Lack of Fusion,7479.0,7.9
2025-05-27,J-01381,"16""-FW-1343",Pipe Rack A,Meridian Fabricators,WLD-001,Night,Carbon Steel A106-B,16.0,10.7,2G,RT,Accept,,0.0,0.0
2025-05-27,J-01340,"10""-FW-1309",Cold Box,Meridian Fabricators,WLD-010,Day,Carbon Steel A106-B,10.0,21.5,5G,UT,Accept,,0.0,0.0
2025-05-27,J-02605,"20""-CW-1103",Compressor House,Anchor Piping Works,WLD-026,Night,Carbon Steel A106-B,20.0,19.8,3G,RT,Accept,,0.0,0.0
2025-05-27,J-01501,"12""-FW-1320",Utility Tie-in,Delta Mech Services,WLD-012,Night,Stainless 304L,12.0,17.1,1G,UT,Accept,,0.0,0.0
2025-05-27,J-01623,"12""-PW-1326",Cooling Water Package,Meridian Fabricators,WLD-022,Day,Stainless 304L,12.0,11.1,1G,UT,Accept,,0.0,0.0
2025-05-28,J-01225,"10""-FW-1178",Pipe Rack A,Meridian Fabricators,WLD-016,Day,Stainless 304L,10.0,11.4,1G,RT,Accept,,0.0,0.0
2025-05-28,J-02822,"6""-NG-1156",Utility Tie-in,Delta Mech Services,WLD-012,Night,Carbon Steel A106-B,6.0,6.4,2G,RT,Accept,,0.0,0.0
2025-05-28,J-03083,"3""-PW-1302",Utility Tie-in,Meridian Fabricators,WLD-025,Night,Carbon Steel A106-B,3.0,25.1,3G,RT,Accept,,0.0,0.0
2025-05-28,J-01882,"6""-IA-1111",Pipe Rack B,Meridian Fabricators,WLD-001,Day,Stainless 304L,6.0,7.6,1G,RT,Accept,,0.0,0.0
2025-05-28,J-01998,"3""-IA-1386",Compressor House,Meridian Fabricators,WLD-007,Night,Stainless 304L,3.0,14.3,5G,RT,Accept,,0.0,0.0
2025-05-28,J-01397,"10""-PW-1211",Compressor House,Meridian Fabricators,WLD-013,Day,Stainless 304L,10.0,21.9,5G,RT,Accept,,0.0,0.0
2025-05-29,J-01631,"6""-IA-1062",Cold Box,Meridian Fabricators,WLD-016,Day,Carbon Steel A106-B,6.0,6.4,2G,RT,Accept,,0.0,0.0
2025-05-29,J-01054,"16""-IA-1268",Cooling Water Package,Anchor Piping Works,WLD-014,Day,Carbon Steel A106-B,16.0,18.0,3G,RT,Accept,,0.0,0.0
2025-05-29,J-03072,"8""-CW-1157",TSA Unit,Anchor Piping Works,WLD-017,Day,Carbon Steel A106-B,8.0,19.6,1G,DPT,Accept,,0.0,0.0
2025-05-29,J-02811,"6""-IA-1242",Utility Tie-in,Meridian Fabricators,WLD-016,Night,Carbon Steel A106-B,6.0,15.0,5G,RT,Accept,,0.0,0.0
2025-05-29,J-01232,"2""-FW-1379",Cold Box,Meridian Fabricators,WLD-028,Day,Stainless 304L,2.0,20.0,5G,RT,Reject,Porosity,4819.0,5.1
2025-05-29,J-01839,"10""-NG-1339",Cold Box,Meridian Fabricators,WLD-019,Day,Carbon Steel A106-B,10.0,9.8,2G,DPT,Accept,,0.0,0.0
2025-05-29,J-02541,"10""-PW-1349",Pipe Rack A,Meridian Fabricators,WLD-007,Day,Carbon Steel A106-B,10.0,12.3,3G,RT,Accept,,0.0,0.0
2025-05-29,J-02190,"6""-PW-1061",Utility Tie-in,Anchor Piping Works,WLD-020,Night,Carbon Steel A106-B,6.0,23.9,3G,RT,Accept,,0.0,0.0
2025-05-29,J-02550,"4""-IA-1105",Compressor House,Anchor Piping Works,WLD-002,Day,Carbon Steel A106-B,4.0,24.7,5G,RT,Accept,,0.0,0.0
2025-05-30,J-02010,"10""-CW-1054",Pipe Rack A,Meridian Fabricators,WLD-016,Night,Alloy Steel P91,10.0,14.4,1G,UT,Accept,,0.0,0.0
2025-05-30,J-02996,"4""-NG-1355",TSA Unit,Anchor Piping Works,WLD-026,Night,Stainless 304L,4.0,6.4,2G,RT,Accept,,0.0,0.0
2025-05-30,J-02517,"2""-FW-1037",Utility Tie-in,Meridian Fabricators,WLD-019,Day,Alloy Steel P91,2.0,21.1,1G,UT,Reject,Slag Inclusion,4827.0,5.1
2025-05-30,J-02989,"4""-CW-1213",Cold Box,Anchor Piping Works,WLD-017,Day,Stainless 304L,4.0,13.8,1G,RT,Reject,Excess Reinforcement,3767.0,4.0
2025-05-30,J-02273,"6""-PW-1369",Pipe Rack A,Delta Mech Services,WLD-012,Day,Carbon Steel A106-B,6.0,24.6,2G,UT,Accept,,0.0,0.0
2025-05-31,J-01165,"12""-PW-1048",Pipe Rack B,Anchor Piping Works,WLD-005,Night,Carbon Steel A106-B,12.0,9.8,2G,DPT,Accept,,0.0,0.0
2025-05-31,J-01688,"2""-PW-1181",Utility Tie-in,Meridian Fabricators,WLD-010,Day,Carbon Steel A106-B,2.0,18.4,5G,UT,Accept,,0.0,0.0
2025-05-31,J-01472,"16""-CW-1274",Cooling Water Package,Delta Mech Services,WLD-024,Day,Carbon Steel A106-B,16.0,23.4,5G,RT,Reject,Slag Inclusion,6976.0,7.3
2025-05-31,J-01471,"20""-PW-1339",Compressor House,Meridian Fabricators,WLD-004,Day,Carbon Steel A106-B,20.0,8.7,2G,DPT,Accept,,0.0,0.0
2025-05-31,J-02688,"6""-NG-1352",Cold Box,Delta Mech Services,WLD-024,Day,Carbon Steel A106-B,6.0,22.1,2G,UT,Accept,,0.0,0.0
2025-05-31,J-01286,"4""-PW-1369",Cooling Water Package,Meridian Fabricators,WLD-025,Day,Carbon Steel A106-B,4.0,17.1,3G,UT,Accept,,0.0,0.0
2025-05-31,J-01089,"6""-PW-1269",Compressor House,Meridian Fabricators,WLD-028,Day,Carbon Steel A106-B,6.0,25.1,2G,RT,Accept,,0.0,0.0
2025-05-31,J-01695,"3""-FW-1072",Cold Box,Anchor Piping Works,WLD-011,Night,Carbon Steel A106-B,3.0,11.3,6G,RT,Accept,,0.0,0.0
2025-06-01,J-01827,"16""-FW-1101",TSA Unit,Meridian Fabricators,WLD-004,Day,Carbon Steel A106-B,16.0,17.7,1G,UT,Accept,,0.0,0.0
2025-06-01,J-02279,"10""-NG-1384",Cooling Water Package,Delta Mech Services,WLD-027,Day,Alloy Steel P91,10.0,8.2,3G,MPT,Reject,Undercut,5014.0,5.3
2025-06-01,J-02272,"8""-IA-1339",Pipe Rack B,Delta Mech Services,WLD-024,Day,Carbon Steel A106-B,8.0,13.4,3G,RT,Accept,,0.0,0.0
2025-06-01,J-01125,"8""-FW-1385",Cooling Water Package,Anchor Piping Works,WLD-023,Day,Carbon Steel A106-B,8.0,6.6,6G,RT,Accept,,0.0,0.0
2025-06-01,J-02084,"8""-IA-1188",Pipe Rack A,Delta Mech Services,WLD-024,Night,Carbon Steel A106-B,8.0,5.4,5G,DPT,Reject,Incomplete Penetration,3559.0,3.7
2025-06-02,J-02909,"12""-PW-1368",Utility Tie-in,Meridian Fabricators,WLD-016,Day,Carbon Steel A106-B,12.0,4.2,1G,UT,Accept,,0.0,0.0
2025-06-02,J-01093,"16""-FW-1025",Compressor House,Anchor Piping Works,WLD-017,Day,Alloy Steel P91,16.0,7.9,1G,RT,Accept,,0.0,0.0
2025-06-02,J-01899,"6""-CW-1188",Cold Box,Meridian Fabricators,WLD-016,Day,Alloy Steel P91,6.0,5.9,2G,RT,Accept,,0.0,0.0
2025-06-02,J-02018,"24""-FW-1249",Utility Tie-in,Meridian Fabricators,WLD-019,Night,Stainless 304L,24.0,24.7,3G,RT,Accept,,0.0,0.0
2025-06-02,J-01505,"3""-FW-1241",Utility Tie-in,Meridian Fabricators,WLD-022,Day,Alloy Steel P91,3.0,10.7,6G,RT,Accept,,0.0,0.0
2025-06-02,J-02654,"3""-PW-1021",Cold Box,Meridian Fabricators,WLD-028,Day,Stainless 304L,3.0,24.6,1G,RT,Accept,,0.0,0.0
2025-06-03,J-02644,"20""-IA-1188",TSA Unit,Anchor Piping Works,WLD-026,Night,Stainless 304L,20.0,24.3,5G,RT,Accept,,0.0,0.0
2025-06-03,J-02008,"3""-NG-1307",Cold Box,Anchor Piping Works,WLD-023,Night,Carbon Steel A106-B,3.0,23.3,2G,UT,Reject,Lack of Fusion,4857.0,5.1
2025-06-03,J-02860,"8""-PW-1388",Cooling Water Package,Anchor Piping Works,WLD-008,Day,Carbon Steel A106-B,8.0,8.5,2G,RT,Reject,Undercut,4599.0,4.8
2025-06-03,J-03027,"20""-PW-1296",Utility Tie-in,Anchor Piping Works,WLD-002,Day,Stainless 304L,20.0,8.9,5G,DPT,Accept,,0.0,0.0
2025-06-03,J-01310,"16""-PW-1313",Utility Tie-in,Meridian Fabricators,WLD-028,Night,Stainless 304L,16.0,6.1,2G,RT,Accept,,0.0,0.0
2025-06-03,J-02472,"12""-IA-1353",Pipe Rack B,Delta Mech Services,WLD-024,Day,Carbon Steel A106-B,12.0,10.8,1G,RT,Reject,Incomplete Penetration,3844.0,4.0
2025-06-03,J-02690,"3""-PW-1392",Utility Tie-in,Meridian Fabricators,WLD-004,Day,Carbon Steel A106-B,3.0,16.3,1G,RT,Accept,,0.0,0.0
2025-06-04,J-01151,"16""-NG-1040",TSA Unit,Anchor Piping Works,WLD-017,Day,Carbon Steel A106-B,16.0,9.9,1G,MPT,Accept,,0.0,0.0
2025-06-04,J-02265,"8""-CW-1191",TSA Unit,Anchor Piping Works,WLD-020,Night,Stainless 304L,8.0,25.3,1G,UT,Accept,,0.0,0.0
2025-06-04,J-01777,"6""-NG-1278",TSA Unit,Delta Mech Services,WLD-006,Day,Stainless 304L,6.0,25.8,5G,UT,Accept,,0.0,0.0
2025-06-04,J-02198,"12""-NG-1115",TSA Unit,Meridian Fabricators,WLD-007,Night,Carbon Steel A106-B,12.0,18.4,1G,RT,Accept,,0.0,0.0
2025-06-04,J-02873,"12""-PW-1384",Pipe Rack A,Anchor Piping Works,WLD-020,Day,Carbon Steel A106-B,12.0,5.2,6G,UT,Accept,,0.0,0.0
2025-06-05,J-01518,"3""-CW-1374",Pipe Rack A,Meridian Fabricators,WLD-013,Day,Carbon Steel A106-B,3.0,17.4,1G,MPT,Accept,,0.0,0.0
2025-06-05,J-01498,"10""-PW-1163",TSA Unit,Anchor Piping Works,WLD-014,Day,Alloy Steel P91,10.0,18.7,2G,MPT,Accept,,0.0,0.0
2025-06-05,J-02468,"10""-IA-1033",Compressor House,Delta Mech Services,WLD-018,Night,Stainless 304L,10.0,21.4,2G,UT,Accept,,0.0,0.0
2025-06-05,J-01684,"2""-NG-1182",Pipe Rack A,Anchor Piping Works,WLD-023,Day,Stainless 304L,2.0,6.0,2G,RT,Reject,Slag Inclusion,3084.0,3.2
2025-06-05,J-02641,"3""-PW-1238",Compressor House,Meridian Fabricators,WLD-028,Day,Carbon Steel A106-B,3.0,12.2,1G,RT,Accept,,0.0,0.0
2025-06-06,J-02555,"8""-NG-1163",Cooling Water Package,Delta Mech Services,WLD-018,Day,Alloy Steel P91,8.0,23.0,2G,RT,Accept,,0.0,0.0
2025-06-06,J-01923,"24""-CW-1069",Compressor House,Delta Mech Services,WLD-003,Day,Carbon Steel A106-B,24.0,10.8,3G,UT,Accept,,0.0,0.0
2025-06-06,J-02795,"6""-CW-1322",Utility Tie-in,Anchor Piping Works,WLD-005,Day,Carbon Steel A106-B,6.0,12.6,2G,UT,Accept,,0.0,0.0
2025-06-06,J-02193,"2""-CW-1287",Cold Box,Delta Mech Services,WLD-021,Day,Carbon Steel A106-B,2.0,3.9,2G,RT,Accept,,0.0,0.0
2025-06-06,J-01850,"8""-IA-1069",Cold Box,Delta Mech Services,WLD-021,Day,Carbon Steel A106-B,8.0,6.3,5G,UT,Accept,,0.0,0.0
2025-06-06,J-02135,"10""-CW-1098",Pipe Rack A,Meridian Fabricators,WLD-016,Day,Carbon Steel A106-B,10.0,17.4,2G,UT,Reject,Porosity,5848.0,6.2
2025-06-06,J-03044,"2""-FW-1273",Utility Tie-in,Anchor Piping Works,WLD-020,Day,Alloy Steel P91,2.0,6.1,5G,UT,Accept,,0.0,0.0
2025-06-07,J-02047,"6""-IA-1023",Cooling Water Package,Anchor Piping Works,WLD-023,Day,Carbon Steel A106-B,6.0,23.5,1G,RT,Accept,,0.0,0.0
2025-06-07,J-01361,"16""-CW-1113",Cold Box,Meridian Fabricators,WLD-004,Night,Carbon Steel A106-B,16.0,23.0,2G,RT,Accept,,0.0,0.0
2025-06-07,J-02848,"4""-FW-1041",Compressor House,Delta Mech Services,WLD-024,Day,Carbon Steel A106-B,4.0,12.9,6G,RT,Reject,Porosity,4579.0,4.8
2025-06-08,J-02075,"16""-IA-1267",Pipe Rack A,Delta Mech Services,WLD-009,Night,Alloy Steel P91,16.0,21.4,1G,MPT,Accept,,0.0,0.0
2025-06-08,J-02965,"4""-PW-1092",Utility Tie-in,Meridian Fabricators,WLD-019,Night,Carbon Steel A106-B,4.0,4.8,5G,RT,Accept,,0.0,0.0
2025-06-08,J-01632,"4""-PW-1335",Compressor House,Meridian Fabricators,WLD-013,Day,Alloy Steel P91,4.0,11.7,2G,MPT,Reject,Lack of Fusion,4178.0,4.4
2025-06-08,J-02270,"10""-IA-1005",Cooling Water Package,Delta Mech Services,WLD-006,Night,Carbon Steel A106-B,10.0,7.3,2G,RT,Accept,,0.0,0.0
2025-06-08,J-01074,"4""-PW-1061",Utility Tie-in,Meridian Fabricators,WLD-010,Night,Carbon Steel A106-B,4.0,24.5,1G,RT,Reject,Lack of Fusion,5236.0,5.5
2025-06-08,J-02145,"16""-FW-1391",Cooling Water Package,Delta Mech Services,WLD-009,Day,Carbon Steel A106-B,16.0,20.0,2G,UT,Accept,,0.0,0.0
2025-06-08,J-02254,"16""-IA-1005",Utility Tie-in,Anchor Piping Works,WLD-026,Day,Carbon Steel A106-B,16.0,8.1,6G,RT,Accept,,0.0,0.0
2025-06-09,J-02538,"8""-PW-1043",Pipe Rack B,Meridian Fabricators,WLD-016,Night,Carbon Steel A106-B,8.0,24.8,1G,RT,Reject,Lack of Fusion,5469.0,5.8
2025-06-09,J-03093,"8""-IA-1273",Compressor House,Meridian Fabricators,WLD-010,Day,Alloy Steel P91,8.0,17.4,6G,RT,Accept,,0.0,0.0
2025-06-09,J-01364,"4""-NG-1161",Utility Tie-in,Delta Mech Services,WLD-009,Day,Carbon Steel A106-B,4.0,20.4,2G,MPT,Reject,Incomplete Penetration,4935.0,5.2
2025-06-09,J-02895,"8""-FW-1301",Cold Box,Anchor Piping Works,WLD-026,Day,Alloy Steel P91,8.0,16.7,3G,RT,Reject,Slag Inclusion,4779.0,5.0
2025-06-09,J-01356,"8""-FW-1287",Pipe Rack A,Delta Mech Services,WLD-021,Night,Carbon Steel A106-B,8.0,3.9,5G,RT,Accept,,0.0,0.0
2025-06-09,J-02524,"3""-NG-1173",Cold Box,Meridian Fabricators,WLD-010,Night,Carbon Steel A106-B,3.0,10.8,1G,UT,Accept,,0.0,0.0
2025-06-09,J-01076,"3""-CW-1102",Pipe Rack B,Anchor Piping Works,WLD-017,Night,Carbon Steel A106-B,3.0,21.0,5G,UT,Accept,,0.0,0.0
2025-06-10,J-02442,"16""-PW-1046",Cooling Water Package,Delta Mech Services,WLD-009,Day,Stainless 304L,16.0,20.0,6G,DPT,Accept,,0.0,0.0
2025-06-10,J-01646,"24""-NG-1082",Cold Box,Delta Mech Services,WLD-006,Night,Stainless 304L,24.0,19.5,3G,RT,Accept,,0.0,0.0
2025-06-10,J-01783,"6""-CW-1103",Pipe Rack A,Delta Mech Services,WLD-006,Night,Carbon Steel A106-B,6.0,8.2,1G,MPT,Accept,,0.0,0.0
2025-06-10,J-01542,"4""-NG-1299",Pipe Rack A,Anchor Piping Works,WLD-008,Night,Carbon Steel A106-B,4.0,5.4,2G,UT,Accept,,0.0,0.0
2025-06-10,J-01014,"4""-NG-1206",TSA Unit,Anchor Piping Works,WLD-002,Night,Carbon Steel A106-B,4.0,25.0,3G,MPT,Accept,,0.0,0.0
2025-06-11,J-02821,"6""-FW-1307",Cooling Water Package,Anchor Piping Works,WLD-002,Night,Carbon Steel A106-B,6.0,24.2,6G,RT,Accept,,0.0,0.0
2025-06-11,J-02594,"16""-IA-1007",Cold Box,Meridian Fabricators,WLD-028,Day,Carbon Steel A106-B,16.0,20.6,1G,MPT,Accept,,0.0,0.0
2025-06-11,J-01891,"4""-IA-1170",Cold Box,Delta Mech Services,WLD-009,Day,Alloy Steel P91,4.0,17.5,1G,MPT,Accept,,0.0,0.0
2025-06-11,J-02288,"12""-PW-1214",Compressor House,Delta Mech Services,WLD-027,Night,Carbon Steel A106-B,12.0,21.0,1G,UT,Accept,,0.0,0.0
2025-06-11,J-02890,"10""-FW-1234",Cold Box,Anchor Piping Works,WLD-005,Day,Carbon Steel A106-B,10.0,25.5,3G,MPT,Accept,,0.0,0.0
2025-06-11,J-01028,"3""-FW-1343",Cooling Water Package,Meridian Fabricators,WLD-028,Day,Stainless 304L,3.0,15.7,5G,MPT,Accept,,0.0,0.0
2025-06-11,J-02694,"6""-PW-1326",Cooling Water Package,Anchor Piping Works,WLD-014,Night,Alloy Steel P91,6.0,15.3,2G,RT,Accept,,0.0,0.0
2025-06-11,J-02042,"10""-CW-1337",Cooling Water Package,Delta Mech Services,WLD-024,Day,Carbon Steel A106-B,10.0,14.3,3G,RT,Reject,Excess Reinforcement,5045.0,5.3
2025-06-11,J-01980,"10""-PW-1170",Compressor House,Delta Mech Services,WLD-006,Night,Alloy Steel P91,10.0,22.8,2G,RT,Accept,,0.0,0.0
2025-06-11,J-01376,"6""-IA-1230",TSA Unit,Meridian Fabricators,WLD-022,Day,Carbon Steel A106-B,6.0,23.4,2G,RT,Accept,,0.0,0.0
2025-06-11,J-01634,"20""-FW-1045",TSA Unit,Anchor Piping Works,WLD-011,Day,Carbon Steel A106-B,20.0,24.2,5G,RT,Accept,,0.0,0.0
2025-06-11,J-02393,"10""-NG-1312",Utility Tie-in,Delta Mech Services,WLD-006,Night,Alloy Steel P91,10.0,4.3,5G,RT,Accept,,0.0,0.0
2025-06-11,J-02125,"10""-NG-1290",TSA Unit,Delta Mech Services,WLD-027,Night,Carbon Steel A106-B,10.0,7.4,2G,RT,Accept,,0.0,0.0
2025-06-12,J-02951,"10""-FW-1268",Pipe Rack B,Delta Mech Services,WLD-003,Night,Carbon Steel A106-B,10.0,25.5,2G,DPT,Accept,,0.0,0.0
2025-06-12,J-02726,"6""-CW-1166",Cooling Water Package,Anchor Piping Works,WLD-005,Day,Stainless 304L,6.0,16.4,1G,RT,Accept,,0.0,0.0
2025-06-12,J-01443,"6""-IA-1351",Pipe Rack A,Meridian Fabricators,WLD-022,Night,Alloy Steel P91,6.0,16.9,3G,RT,Reject,Lack of Fusion,4871.0,5.1
2025-06-12,J-02357,"8""-IA-1148",TSA Unit,Anchor Piping Works,WLD-026,Day,Stainless 304L,8.0,4.7,2G,RT,Accept,,0.0,0.0
2025-06-12,J-01155,"4""-NG-1216",Cooling Water Package,Anchor Piping Works,WLD-026,Day,Carbon Steel A106-B,4.0,12.1,2G,RT,Accept,,0.0,0.0
2025-06-12,J-01017,"16""-PW-1399",Cooling Water Package,Meridian Fabricators,WLD-001,Day,Carbon Steel A106-B,16.0,8.2,5G,UT,Accept,,0.0,0.0
2025-06-13,J-02769,"2""-CW-1012",Compressor House,Anchor Piping Works,WLD-017,Night,Stainless 304L,2.0,9.3,6G,DPT,Accept,,0.0,0.0
2025-06-13,J-02325,"20""-PW-1378",Cold Box,Anchor Piping Works,WLD-023,Day,Carbon Steel A106-B,20.0,17.0,3G,RT,Accept,,0.0,0.0
2025-06-13,J-03063,"6""-FW-1376",TSA Unit,Meridian Fabricators,WLD-019,Day,Carbon Steel A106-B,6.0,24.6,1G,UT,Accept,,0.0,0.0
2025-06-13,J-02421,"10""-CW-1093",Pipe Rack A,Delta Mech Services,WLD-018,Day,Carbon Steel A106-B,10.0,18.9,2G,UT,Accept,,0.0,0.0
2025-06-13,J-02589,"2""-IA-1312",Compressor House,Meridian Fabricators,WLD-001,Day,Carbon Steel A106-B,2.0,22.6,2G,RT,Accept,,0.0,0.0
2025-06-14,J-02400,"8""-CW-1020",Cooling Water Package,Anchor Piping Works,WLD-005,Night,Carbon Steel A106-B,8.0,9.4,3G,RT,Accept,,0.0,0.0
2025-06-14,J-01268,"16""-CW-1292",TSA Unit,Delta Mech Services,WLD-024,Night,Stainless 304L,16.0,10.3,1G,UT,Accept,,0.0,0.0
2025-06-14,J-01602,"4""-IA-1158",Utility Tie-in,Anchor Piping Works,WLD-002,Day,Carbon Steel A106-B,4.0,16.1,6G,RT,Accept,,0.0,0.0
2025-06-14,J-01781,"3""-IA-1369",Utility Tie-in,Delta Mech Services,WLD-009,Day,Alloy Steel P91,3.0,15.6,2G,UT,Accept,,0.0,0.0
2025-06-14,J-01672,"8""-NG-1271",Utility Tie-in,Meridian Fabricators,WLD-001,Night,Carbon Steel A106-B,8.0,8.4,2G,UT,Accept,,0.0,0.0
2025-06-14,J-01446,"3""-NG-1298",Compressor House,Meridian Fabricators,WLD-019,Day,Carbon Steel A106-B,3.0,21.1,2G,MPT,Accept,,0.0,0.0
2025-06-15,J-02933,"10""-PW-1095",Cooling Water Package,Meridian Fabricators,WLD-013,Day,Stainless 304L,10.0,13.8,3G,RT,Accept,,0.0,0.0
2025-06-15,J-01807,"8""-FW-1151",Cold Box,Delta Mech Services,WLD-021,Night,Carbon Steel A106-B,8.0,23.5,2G,UT,Reject,Incomplete Penetration,6000.0,6.3
2025-06-15,J-02100,"16""-CW-1181",Pipe Rack B,Meridian Fabricators,WLD-022,Night,Carbon Steel A106-B,16.0,19.5,3G,RT,Reject,Incomplete Penetration,6921.0,7.3
2025-06-16,J-02988,"2""-CW-1162",TSA Unit,Anchor Piping Works,WLD-017,Night,Carbon Steel A106-B,2.0,10.3,5G,UT,Accept,,0.0,0.0
2025-06-16,J-02637,"8""-PW-1125",Pipe Rack A,Anchor Piping Works,WLD-020,Night,Alloy Steel P91,8.0,21.3,3G,MPT,Accept,,0.0,0.0
2025-06-16,J-02184,"24""-FW-1080",Cold Box,Delta Mech Services,WLD-015,Day,Carbon Steel A106-B,24.0,22.6,2G,MPT,Accept,,0.0,0.0
2025-06-16,J-02673,"10""-FW-1399",Pipe Rack B,Anchor Piping Works,WLD-014,Day,Carbon Steel A106-B,10.0,25.7,1G,MPT,Accept,,0.0,0.0
2025-06-16,J-02121,"10""-PW-1019",Cold Box,Meridian Fabricators,WLD-019,Day,Alloy Steel P91,10.0,8.7,2G,RT,Reject,Excess Reinforcement,4416.0,4.6
2025-06-16,J-02353,"4""-PW-1394",Pipe Rack A,Meridian Fabricators,WLD-028,Day,Carbon Steel A106-B,4.0,14.6,2G,RT,Accept,,0.0,0.0
2025-06-16,J-01015,"16""-FW-1090",TSA Unit,Meridian Fabricators,WLD-028,Day,Carbon Steel A106-B,16.0,20.4,1G,DPT,Accept,,0.0,0.0
2025-06-16,J-01924,"12""-PW-1146",Cooling Water Package,Delta Mech Services,WLD-021,Day,Stainless 304L,12.0,12.3,5G,RT,Accept,,0.0,0.0
2025-06-16,J-01751,"8""-CW-1324",Cooling Water Package,Anchor Piping Works,WLD-005,Day,Carbon Steel A106-B,8.0,16.9,2G,DPT,Accept,,0.0,0.0
2025-06-16,J-02830,"2""-IA-1367",Cold Box,Delta Mech Services,WLD-003,Night,Stainless 304L,2.0,5.4,1G,RT,Accept,,0.0,0.0
2025-06-17,J-02905,"6""-CW-1008",TSA Unit,Meridian Fabricators,WLD-007,Night,Carbon Steel A106-B,6.0,15.5,2G,RT,Reject,Crack,5221.0,5.5
2025-06-17,J-01109,"3""-IA-1182",Cooling Water Package,Meridian Fabricators,WLD-013,Night,Carbon Steel A106-B,3.0,4.1,2G,MPT,Accept,,0.0,0.0
2025-06-17,J-01243,"12""-PW-1082",Pipe Rack B,Delta Mech Services,WLD-012,Day,Carbon Steel A106-B,12.0,23.6,1G,MPT,Accept,,0.0,0.0
2025-06-17,J-02964,"12""-NG-1324",Cold Box,Delta Mech Services,WLD-015,Day,Alloy Steel P91,12.0,5.1,2G,RT,Accept,,0.0,0.0
2025-06-17,J-02430,"2""-CW-1076",Cold Box,Meridian Fabricators,WLD-004,Night,Carbon Steel A106-B,2.0,5.8,2G,RT,Accept,,0.0,0.0
2025-06-17,J-02590,"16""-PW-1312",TSA Unit,Meridian Fabricators,WLD-022,Day,Carbon Steel A106-B,16.0,10.9,3G,MPT,Reject,Slag Inclusion,4776.0,5.0
2025-06-17,J-02758,"6""-FW-1127",Cold Box,Anchor Piping Works,WLD-008,Day,Carbon Steel A106-B,6.0,23.3,1G,UT,Accept,,0.0,0.0
2025-06-18,J-02968,"2""-NG-1183",Utility Tie-in,Meridian Fabricators,WLD-022,Day,Alloy Steel P91,2.0,23.7,1G,MPT,Accept,,0.0,0.0
2025-06-18,J-01714,"4""-PW-1153",Cold Box,Meridian Fabricators,WLD-025,Day,Stainless 304L,4.0,25.2,6G,RT,Accept,,0.0,0.0
2025-06-18,J-02321,"3""-CW-1332",Utility Tie-in,Delta Mech Services,WLD-024,Day,Stainless 304L,3.0,23.6,1G,RT,Accept,,0.0,0.0
2025-06-18,J-02610,"24""-FW-1104",Pipe Rack B,Delta Mech Services,WLD-003,Day,Carbon Steel A106-B,24.0,24.7,6G,RT,Accept,,0.0,0.0
2025-06-18,J-02366,"8""-NG-1107",Cold Box,Delta Mech Services,WLD-015,Day,Carbon Steel A106-B,8.0,14.6,1G,MPT,Reject,Slag Inclusion,5455.0,5.7
2025-06-18,J-02419,"12""-FW-1309",Cold Box,Meridian Fabricators,WLD-013,Day,Alloy Steel P91,12.0,19.4,6G,RT,Accept,,0.0,0.0
2025-06-18,J-01951,"2""-NG-1216",Utility Tie-in,Delta Mech Services,WLD-012,Night,Stainless 304L,2.0,19.3,5G,DPT,Accept,,0.0,0.0
2025-06-18,J-02403,"2""-FW-1266",Utility Tie-in,Meridian Fabricators,WLD-001,Day,Alloy Steel P91,2.0,18.9,6G,MPT,Accept,,0.0,0.0
2025-06-18,J-02226,"16""-FW-1170",TSA Unit,Anchor Piping Works,WLD-011,Day,Carbon Steel A106-B,16.0,17.4,2G,RT,Accept,,0.0,0.0
2025-06-19,J-02856,"4""-CW-1287",Cooling Water Package,Anchor Piping Works,WLD-020,Day,Alloy Steel P91,4.0,10.3,1G,RT,Accept,,0.0,0.0
2025-06-19,J-03034,"4""-CW-1300",Cold Box,Delta Mech Services,WLD-024,Day,Carbon Steel A106-B,4.0,7.8,2G,UT,Accept,,0.0,0.0
2025-06-19,J-01080,"16""-PW-1249",Pipe Rack B,Meridian Fabricators,WLD-001,Day,Alloy Steel P91,16.0,23.4,1G,RT,Accept,,0.0,0.0
2025-06-19,J-02122,"16""-NG-1155",Cooling Water Package,Anchor Piping Works,WLD-017,Day,Carbon Steel A106-B,16.0,13.4,1G,RT,Accept,,0.0,0.0
2025-06-19,J-02601,"24""-CW-1221",Cold Box,Meridian Fabricators,WLD-016,Day,Stainless 304L,24.0,12.4,1G,RT,Accept,,0.0,0.0
2025-06-19,J-01008,"16""-NG-1123",Cooling Water Package,Meridian Fabricators,WLD-022,Day,Carbon Steel A106-B,16.0,14.0,5G,RT,Accept,,0.0,0.0
2025-06-20,J-02185,"4""-IA-1395",Cooling Water Package,Delta Mech Services,WLD-009,Night,Carbon Steel A106-B,4.0,10.7,3G,RT,Accept,,0.0,0.0
2025-06-20,J-01345,"20""-PW-1340",Pipe Rack A,Meridian Fabricators,WLD-025,Day,Alloy Steel P91,20.0,5.6,3G,MPT,Reject,Undercut,6631.0,7.0
2025-06-20,J-02577,"8""-IA-1125",Compressor House,Anchor Piping Works,WLD-008,Night,Carbon Steel A106-B,8.0,13.3,3G,RT,Reject,Undercut,4362.0,4.6
2025-06-20,J-02742,"2""-PW-1332",Pipe Rack A,Meridian Fabricators,WLD-019,Day,Stainless 304L,2.0,15.6,1G,DPT,Reject,Undercut,4272.0,4.5
2025-06-20,J-02904,"2""-IA-1119",Compressor House,Anchor Piping Works,WLD-011,Night,Alloy Steel P91,2.0,18.1,2G,RT,Accept,,0.0,0.0
2025-06-20,J-03035,"4""-NG-1317",Cold Box,Anchor Piping Works,WLD-020,Day,Carbon Steel A106-B,4.0,23.3,2G,RT,Reject,Excess Reinforcement,5880.0,6.2
2025-06-20,J-01242,"6""-PW-1396",TSA Unit,Anchor Piping Works,WLD-002,Day,Carbon Steel A106-B,6.0,4.1,5G,MPT,Accept,,0.0,0.0
2025-06-20,J-01787,"2""-FW-1335",Cold Box,Delta Mech Services,WLD-006,Night,Carbon Steel A106-B,2.0,11.6,5G,RT,Accept,,0.0,0.0
2025-06-20,J-02565,"16""-CW-1056",Cold Box,Anchor Piping Works,WLD-017,Night,Carbon Steel A106-B,16.0,9.2,2G,UT,Accept,,0.0,0.0
2025-06-21,J-01081,"2""-PW-1339",TSA Unit,Delta Mech Services,WLD-021,Day,Carbon Steel A106-B,2.0,17.1,3G,MPT,Accept,,0.0,0.0
2025-06-21,J-02778,"24""-NG-1137",Cooling Water Package,Anchor Piping Works,WLD-026,Day,Carbon Steel A106-B,24.0,6.3,5G,RT,Accept,,0.0,0.0
2025-06-21,J-03018,"10""-CW-1057",Compressor House,Anchor Piping Works,WLD-011,Day,Stainless 304L,10.0,24.9,3G,RT,Accept,,0.0,0.0
2025-06-21,J-01719,"12""-PW-1247",Compressor House,Meridian Fabricators,WLD-004,Day,Carbon Steel A106-B,12.0,18.8,2G,MPT,Accept,,0.0,0.0
2025-06-21,J-02409,"6""-NG-1227",TSA Unit,Anchor Piping Works,WLD-005,Day,Stainless 304L,6.0,15.0,2G,UT,Accept,,0.0,0.0
2025-06-21,J-02371,"3""-FW-1236",Pipe Rack A,Anchor Piping Works,WLD-008,Night,Carbon Steel A106-B,3.0,22.7,2G,UT,Accept,,0.0,0.0
2025-06-22,J-02509,"6""-FW-1069",Cold Box,Meridian Fabricators,WLD-013,Day,Stainless 304L,6.0,9.2,3G,RT,Accept,,0.0,0.0
2025-06-22,J-01463,"8""-FW-1035",TSA Unit,Meridian Fabricators,WLD-025,Night,Stainless 304L,8.0,16.6,1G,RT,Accept,,0.0,0.0
2025-06-22,J-01166,"6""-NG-1256",Compressor House,Meridian Fabricators,WLD-004,Day,Carbon Steel A106-B,6.0,4.7,6G,MPT,Accept,,0.0,0.0
2025-06-22,J-02552,"3""-CW-1085",Cooling Water Package,Delta Mech Services,WLD-006,Night,Alloy Steel P91,3.0,24.8,5G,MPT,Accept,,0.0,0.0
2025-06-22,J-02497,"6""-NG-1248",TSA Unit,Delta Mech Services,WLD-003,Night,Carbon Steel A106-B,6.0,21.0,2G,UT,Accept,,0.0,0.0
2025-06-22,J-01961,"8""-PW-1394",Pipe Rack A,Delta Mech Services,WLD-006,Day,Carbon Steel A106-B,8.0,8.9,6G,UT,Accept,,0.0,0.0
2025-06-22,J-01532,"10""-IA-1042",Utility Tie-in,Meridian Fabricators,WLD-004,Day,Carbon Steel A106-B,10.0,15.2,1G,UT,Accept,,0.0,0.0
2025-06-22,J-01161,"12""-FW-1295",Cooling Water Package,Meridian Fabricators,WLD-010,Day,Carbon Steel A106-B,12.0,21.0,1G,RT,Accept,,0.0,0.0
2025-06-22,J-01759,"12""-IA-1159",Pipe Rack B,Meridian Fabricators,WLD-010,Night,Carbon Steel A106-B,12.0,10.4,6G,UT,Accept,,0.0,0.0
2025-06-22,J-02563,"4""-CW-1068",Pipe Rack A,Meridian Fabricators,WLD-004,Day,Alloy Steel P91,4.0,8.7,6G,UT,Accept,,0.0,0.0
2025-06-22,J-02313,"6""-CW-1108",Compressor House,Meridian Fabricators,WLD-010,Day,Stainless 304L,6.0,17.3,2G,UT,Accept,,0.0,0.0
2025-06-22,J-01432,"2""-IA-1382",TSA Unit,Meridian Fabricators,WLD-010,Day,Carbon Steel A106-B,2.0,4.6,1G,MPT,Accept,,0.0,0.0
2025-06-23,J-01369,"10""-IA-1207",Utility Tie-in,Delta Mech Services,WLD-021,Day,Stainless 304L,10.0,18.1,5G,DPT,Reject,Porosity,6249.0,6.6
2025-06-23,J-01879,"10""-FW-1034",Pipe Rack A,Anchor Piping Works,WLD-026,Day,Carbon Steel A106-B,10.0,17.1,6G,RT,Accept,,0.0,0.0
2025-06-23,J-01307,"6""-NG-1045",Compressor House,Meridian Fabricators,WLD-025,Day,Carbon Steel A106-B,6.0,20.3,6G,RT,Accept,,0.0,0.0
2025-06-23,J-01290,"10""-PW-1183",TSA Unit,Meridian Fabricators,WLD-013,Night,Carbon Steel A106-B,10.0,13.4,5G,DPT,Accept,,0.0,0.0
2025-06-23,J-02880,"24""-FW-1304",Cold Box,Delta Mech Services,WLD-009,Day,Alloy Steel P91,24.0,9.0,2G,UT,Accept,,0.0,0.0
2025-06-23,J-02263,"4""-FW-1241",Pipe Rack A,Meridian Fabricators,WLD-013,Day,Stainless 304L,4.0,12.8,3G,DPT,Accept,,0.0,0.0
2025-06-23,J-02667,"6""-FW-1080",Pipe Rack B,Anchor Piping Works,WLD-026,Day,Carbon Steel A106-B,6.0,20.8,3G,RT,Accept,,0.0,0.0
2025-06-23,J-01639,"10""-FW-1179",Cooling Water Package,Meridian Fabricators,WLD-013,Day,Carbon Steel A106-B,10.0,5.9,1G,RT,Accept,,0.0,0.0
2025-06-23,J-01493,"3""-IA-1140",Compressor House,Anchor Piping Works,WLD-023,Night,Carbon Steel A106-B,3.0,10.4,6G,UT,Reject,Lack of Fusion,3568.0,3.8
2025-06-23,J-02841,"6""-PW-1276",Compressor House,Delta Mech Services,WLD-003,Night,Stainless 304L,6.0,8.7,2G,RT,Accept,,0.0,0.0
2025-06-23,J-02016,"3""-IA-1106",Compressor House,Delta Mech Services,WLD-006,Day,Stainless 304L,3.0,24.6,2G,RT,Reject,Undercut,4907.0,5.2
2025-06-23,J-01215,"2""-PW-1117",Cooling Water Package,Anchor Piping Works,WLD-008,Day,Carbon Steel A106-B,2.0,4.5,2G,RT,Accept,,0.0,0.0
2025-06-23,J-02192,"3""-NG-1005",Utility Tie-in,Delta Mech Services,WLD-009,Day,Carbon Steel A106-B,3.0,24.6,3G,RT,Reject,Slag Inclusion,4729.0,5.0
2025-06-23,J-01433,"8""-FW-1222",Cooling Water Package,Anchor Piping Works,WLD-017,Night,Carbon Steel A106-B,8.0,13.2,6G,UT,Accept,,0.0,0.0
2025-06-24,J-01348,"8""-NG-1369",Cold Box,Meridian Fabricators,WLD-025,Day,Stainless 304L,8.0,5.8,2G,RT,Accept,,0.0,0.0
2025-06-24,J-02477,"12""-FW-1367",Utility Tie-in,Delta Mech Services,WLD-027,Night,Carbon Steel A106-B,12.0,21.4,3G,DPT,Accept,,0.0,0.0
2025-06-24,J-01005,"6""-CW-1134",Pipe Rack A,Anchor Piping Works,WLD-026,Night,Carbon Steel A106-B,6.0,21.9,3G,UT,Accept,,0.0,0.0
2025-06-24,J-02558,"16""-PW-1391",Cooling Water Package,Meridian Fabricators,WLD-016,Day,Carbon Steel A106-B,16.0,16.6,1G,RT,Accept,,0.0,0.0
2025-06-25,J-01408,"8""-FW-1036",Cold Box,Anchor Piping Works,WLD-008,Day,Alloy Steel P91,8.0,9.4,1G,UT,Accept,,0.0,0.0
2025-06-25,J-02064,"10""-PW-1147",Utility Tie-in,Delta Mech Services,WLD-027,Night,Alloy Steel P91,10.0,18.5,2G,RT,Accept,,0.0,0.0
2025-06-25,J-01039,"2""-FW-1341",Cooling Water Package,Meridian Fabricators,WLD-022,Day,Alloy Steel P91,2.0,23.7,1G,UT,Reject,Porosity,4364.0,4.6
2025-06-25,J-01720,"8""-CW-1018",TSA Unit,Meridian Fabricators,WLD-010,Day,Carbon Steel A106-B,8.0,5.3,1G,RT,Accept,,0.0,0.0
2025-06-25,J-02826,"16""-CW-1241",Utility Tie-in,Delta Mech Services,WLD-009,Day,Stainless 304L,16.0,24.2,1G,RT,Accept,,0.0,0.0
2025-06-25,J-02782,"3""-CW-1250",Pipe Rack B,Delta Mech Services,WLD-021,Night,Carbon Steel A106-B,3.0,10.6,1G,DPT,Accept,,0.0,0.0
2025-06-26,J-01262,"4""-PW-1161",Cooling Water Package,Delta Mech Services,WLD-024,Day,Carbon Steel A106-B,4.0,7.6,1G,RT,Accept,,0.0,0.0
2025-06-26,J-01267,"8""-CW-1246",Pipe Rack B,Meridian Fabricators,WLD-019,Night,Carbon Steel A106-B,8.0,13.4,1G,UT,Accept,,0.0,0.0
2025-06-26,J-01435,"16""-NG-1398",Pipe Rack B,Anchor Piping Works,WLD-017,Day,Carbon Steel A106-B,16.0,7.4,1G,RT,Accept,,0.0,0.0
2025-06-26,J-03042,"2""-IA-1141",Cooling Water Package,Anchor Piping Works,WLD-020,Night,Carbon Steel A106-B,2.0,24.0,3G,UT,Accept,,0.0,0.0
2025-06-26,J-03074,"16""-PW-1356",Utility Tie-in,Meridian Fabricators,WLD-022,Day,Stainless 304L,16.0,17.5,1G,MPT,Reject,Lack of Fusion,6826.0,7.2
2025-06-26,J-01497,"3""-PW-1319",Pipe Rack A,Meridian Fabricators,WLD-025,Day,Stainless 304L,3.0,19.0,5G,DPT,Accept,,0.0,0.0
2025-06-26,J-01181,"10""-IA-1244",Pipe Rack A,Meridian Fabricators,WLD-010,Day,Stainless 304L,10.0,18.8,3G,RT,Accept,,0.0,0.0
2025-06-26,J-03095,"16""-NG-1126",Compressor House,Delta Mech Services,WLD-021,Day,Carbon Steel A106-B,16.0,26.0,1G,UT,Accept,,0.0,0.0
2025-06-26,J-02838,"8""-NG-1092",Pipe Rack A,Meridian Fabricators,WLD-007,Day,Carbon Steel A106-B,8.0,11.5,6G,MPT,Reject,Lack of Fusion,4570.0,4.8
2025-06-26,J-01287,"6""-NG-1209",Cooling Water Package,Meridian Fabricators,WLD-019,Night,Alloy Steel P91,6.0,8.8,1G,MPT,Accept,,0.0,0.0
2025-06-27,J-01316,"20""-CW-1284",Utility Tie-in,Delta Mech Services,WLD-018,Day,Carbon Steel A106-B,20.0,10.6,3G,RT,Accept,,0.0,0.0
2025-06-27,J-02146,"12""-FW-1350",Utility Tie-in,Delta Mech Services,WLD-018,Night,Alloy Steel P91,12.0,16.7,2G,MPT,Accept,,0.0,0.0
2025-06-27,J-01601,"3""-IA-1257",TSA Unit,Delta Mech Services,WLD-015,Day,Stainless 304L,3.0,22.0,1G,UT,Accept,,0.0,0.0
2025-06-27,J-02960,"24""-CW-1272",TSA Unit,Meridian Fabricators,WLD-025,Night,Alloy Steel P91,24.0,10.8,5G,DPT,Reject,Porosity,7884.0,8.3
2025-06-27,J-02790,"3""-CW-1326",Utility Tie-in,Meridian Fabricators,WLD-010,Day,Alloy Steel P91,3.0,5.5,3G,DPT,Accept,,0.0,0.0
2025-06-27,J-02730,"2""-PW-1233",Compressor House,Delta Mech Services,WLD-018,Night,Carbon Steel A106-B,2.0,24.1,1G,RT,Accept,,0.0,0.0
2025-06-28,J-03085,"6""-CW-1116",TSA Unit,Delta Mech Services,WLD-006,Day,Carbon Steel A106-B,6.0,15.3,2G,UT,Reject,Porosity,5592.0,5.9
2025-06-28,J-01864,"8""-CW-1146",Cooling Water Package,Delta Mech Services,WLD-027,Night,Carbon Steel A106-B,8.0,6.2,2G,RT,Accept,,0.0,0.0
2025-06-28,J-02160,"2""-IA-1276",Compressor House,Meridian Fabricators,WLD-022,Day,Carbon Steel A106-B,2.0,10.1,5G,RT,Reject,Incomplete Penetration,3123.0,3.3
2025-06-28,J-02258,"10""-PW-1312",Cooling Water Package,Delta Mech Services,WLD-012,Day,Stainless 304L,10.0,17.0,6G,RT,Accept,,0.0,0.0
2025-06-28,J-01647,"10""-FW-1058",Pipe Rack A,Meridian Fabricators,WLD-019,Night,Carbon Steel A106-B,10.0,20.5,1G,DPT,Reject,Incomplete Penetration,5669.0,6.0
2025-06-28,J-01570,"8""-PW-1334",TSA Unit,Anchor Piping Works,WLD-020,Day,Stainless 304L,8.0,8.9,1G,UT,Accept,,0.0,0.0
2025-06-28,J-01902,"3""-FW-1128",TSA Unit,Meridian Fabricators,WLD-022,Day,Stainless 304L,3.0,9.2,5G,RT,Accept,,0.0,0.0
2025-06-28,J-01752,"3""-CW-1039",Pipe Rack B,Delta Mech Services,WLD-021,Day,Stainless 304L,3.0,23.3,1G,MPT,Accept,,0.0,0.0
2025-06-28,J-02348,"10""-FW-1227",TSA Unit,Delta Mech Services,WLD-009,Day,Alloy Steel P91,10.0,23.9,1G,DPT,Accept,,0.0,0.0
2025-06-29,J-01959,"4""-NG-1243",Cooling Water Package,Anchor Piping Works,WLD-014,Day,Carbon Steel A106-B,4.0,24.7,1G,RT,Accept,,0.0,0.0
2025-06-29,J-02501,"2""-FW-1275",Utility Tie-in,Anchor Piping Works,WLD-023,Day,Stainless 304L,2.0,16.2,1G,DPT,Accept,,0.0,0.0
2025-06-29,J-01814,"6""-NG-1155",TSA Unit,Meridian Fabricators,WLD-010,Day,Carbon Steel A106-B,6.0,9.3,3G,DPT,Accept,,0.0,0.0
2025-06-29,J-02022,"3""-IA-1070",Pipe Rack A,Delta Mech Services,WLD-003,Day,Alloy Steel P91,3.0,20.4,2G,MPT,Accept,,0.0,0.0
2025-06-29,J-02286,"4""-FW-1127",TSA Unit,Anchor Piping Works,WLD-017,Day,Carbon Steel A106-B,4.0,16.6,2G,UT,Accept,,0.0,0.0
2025-06-29,J-01282,"10""-NG-1042",Pipe Rack A,Anchor Piping Works,WLD-023,Night,Carbon Steel A106-B,10.0,15.3,6G,RT,Reject,Porosity,5977.0,6.3
2025-06-29,J-01854,"2""-IA-1262",Utility Tie-in,Delta Mech Services,WLD-003,Night,Alloy Steel P91,2.0,10.1,5G,RT,Accept,,0.0,0.0
2025-06-29,J-02039,"2""-PW-1046",TSA Unit,Anchor Piping Works,WLD-011,Day,Carbon Steel A106-B,2.0,12.5,1G,MPT,Reject,Excess Reinforcement,2919.0,3.1
2025-06-29,J-01550,"6""-PW-1003",TSA Unit,Anchor Piping Works,WLD-014,Day,Alloy Steel P91,6.0,14.7,1G,RT,Accept,,0.0,0.0
2025-06-30,J-02347,"8""-NG-1134",Compressor House,Anchor Piping Works,WLD-017,Day,Carbon Steel A106-B,8.0,25.5,6G,DPT,Accept,,0.0,0.0
2025-06-30,J-01238,"6""-PW-1200",TSA Unit,Meridian Fabricators,WLD-001,Day,Alloy Steel P91,6.0,21.5,1G,UT,Accept,,0.0,0.0
2025-06-30,J-01007,"16""-NG-1305",TSA Unit,Anchor Piping Works,WLD-020,Day,Carbon Steel A106-B,16.0,19.4,2G,DPT,Accept,,0.0,0.0
2025-06-30,J-01353,"6""-CW-1322",Cooling Water Package,Anchor Piping Works,WLD-014,Day,Carbon Steel A106-B,6.0,16.1,6G,UT,Accept,,0.0,0.0
2025-06-30,J-01591,"10""-CW-1198",Pipe Rack B,Delta Mech Services,WLD-012,Night,Carbon Steel A106-B,10.0,7.7,2G,MPT,Accept,,0.0,0.0
2025-06-30,J-02931,"8""-PW-1355",Pipe Rack A,Meridian Fabricators,WLD-001,Day,Alloy Steel P91,8.0,22.3,1G,UT,Accept,,0.0,0.0
2025-06-30,J-02592,"8""-IA-1298",Cooling Water Package,Meridian Fabricators,WLD-007,Day,Alloy Steel P91,8.0,7.6,2G,UT,Reject,Incomplete Penetration,4021.0,4.2
2025-07-01,J-01130,"12""-FW-1371",Pipe Rack B,Anchor Piping Works,WLD-005,Day,Carbon Steel A106-B,12.0,9.6,5G,UT,Accept,,0.0,0.0
2025-07-01,J-02059,"16""-CW-1275",TSA Unit,Meridian Fabricators,WLD-016,Day,Stainless 304L,16.0,5.8,6G,RT,Reject,Lack of Fusion,6696.0,7.0
2025-07-01,J-01104,"4""-CW-1114",Pipe Rack B,Meridian Fabricators,WLD-001,Night,Carbon Steel A106-B,4.0,18.7,2G,MPT,Reject,Lack of Fusion,4214.0,4.4
2025-07-01,J-02969,"6""-CW-1010",Pipe Rack A,Delta Mech Services,WLD-003,Day,Carbon Steel A106-B,6.0,19.4,2G,RT,Accept,,0.0,0.0
2025-07-02,J-03079,"6""-FW-1279",Cold Box,Delta Mech Services,WLD-015,Night,Stainless 304L,6.0,18.8,5G,UT,Accept,,0.0,0.0
2025-07-02,J-01326,"2""-PW-1280",TSA Unit,Anchor Piping Works,WLD-026,Night,Stainless 304L,2.0,5.3,6G,RT,Reject,Porosity,3483.0,3.7
2025-07-02,J-02947,"4""-FW-1020",Pipe Rack B,Delta Mech Services,WLD-027,Day,Stainless 304L,4.0,17.0,1G,MPT,Accept,,0.0,0.0
2025-07-02,J-01548,"3""-PW-1221",Cold Box,Delta Mech Services,WLD-009,Day,Stainless 304L,3.0,12.4,2G,UT,Accept,,0.0,0.0
2025-07-02,J-01703,"10""-FW-1352",Compressor House,Anchor Piping Works,WLD-002,Day,Stainless 304L,10.0,19.5,1G,UT,Accept,,0.0,0.0
2025-07-02,J-02191,"10""-NG-1121",Cold Box,Delta Mech Services,WLD-018,Day,Carbon Steel A106-B,10.0,18.7,5G,UT,Accept,,0.0,0.0
2025-07-02,J-02875,"6""-FW-1341",Pipe Rack B,Meridian Fabricators,WLD-016,Day,Carbon Steel A106-B,6.0,21.2,2G,RT,Accept,,0.0,0.0
2025-07-03,J-01199,"6""-FW-1040",Pipe Rack B,Anchor Piping Works,WLD-026,Day,Carbon Steel A106-B,6.0,24.7,5G,RT,Accept,,0.0,0.0
2025-07-03,J-02635,"3""-PW-1235",Cold Box,Anchor Piping Works,WLD-020,Day,Carbon Steel A106-B,3.0,4.6,3G,DPT,Accept,,0.0,0.0
2025-07-03,J-02864,"8""-IA-1002",Cold Box,Delta Mech Services,WLD-021,Day,Carbon Steel A106-B,8.0,13.8,1G,MPT,Accept,,0.0,0.0
2025-07-03,J-02243,"10""-NG-1281",Pipe Rack B,Anchor Piping Works,WLD-020,Day,Carbon Steel A106-B,10.0,6.2,2G,RT,Accept,,0.0,0.0
2025-07-03,J-02686,"10""-IA-1132",TSA Unit,Delta Mech Services,WLD-021,Day,Stainless 304L,10.0,10.4,6G,DPT,Reject,Slag Inclusion,3508.0,3.7
2025-07-03,J-02394,"8""-PW-1254",TSA Unit,Delta Mech Services,WLD-012,Night,Stainless 304L,8.0,12.1,2G,MPT,Accept,,0.0,0.0
2025-07-04,J-02876,"16""-IA-1096",Cooling Water Package,Delta Mech Services,WLD-003,Day,Carbon Steel A106-B,16.0,15.2,5G,MPT,Accept,,0.0,0.0
2025-07-04,J-02256,"12""-CW-1305",Pipe Rack B,Meridian Fabricators,WLD-016,Day,Carbon Steel A106-B,12.0,11.8,2G,MPT,Accept,,0.0,0.0
2025-07-04,J-01653,"12""-FW-1100",Utility Tie-in,Meridian Fabricators,WLD-025,Night,Carbon Steel A106-B,12.0,8.9,3G,MPT,Accept,,0.0,0.0
2025-07-05,J-01312,"6""-PW-1326",Compressor House,Anchor Piping Works,WLD-011,Day,Carbon Steel A106-B,6.0,4.3,2G,MPT,Accept,,0.0,0.0
2025-07-05,J-02661,"24""-PW-1021",TSA Unit,Delta Mech Services,WLD-003,Day,Carbon Steel A106-B,24.0,12.1,3G,MPT,Reject,Slag Inclusion,7741.0,8.1
2025-07-05,J-02807,"4""-CW-1328",TSA Unit,Delta Mech Services,WLD-015,Night,Carbon Steel A106-B,4.0,12.5,6G,UT,Reject,Incomplete Penetration,4580.0,4.8
2025-07-05,J-02274,"10""-IA-1078",Pipe Rack A,Delta Mech Services,WLD-009,Day,Carbon Steel A106-B,10.0,24.7,3G,RT,Accept,,0.0,0.0
2025-07-05,J-01419,"24""-IA-1322",Compressor House,Delta Mech Services,WLD-015,Night,Stainless 304L,24.0,7.3,6G,RT,Accept,,0.0,0.0
2025-07-05,J-02907,"3""-IA-1030",Compressor House,Meridian Fabricators,WLD-013,Day,Carbon Steel A106-B,3.0,19.3,6G,RT,Reject,Excess Reinforcement,4788.0,5.0
2025-07-05,J-02727,"12""-NG-1036",Utility Tie-in,Anchor Piping Works,WLD-020,Day,Carbon Steel A106-B,12.0,8.3,3G,DPT,Accept,,0.0,0.0
2025-07-05,J-01872,"8""-CW-1395",Compressor House,Meridian Fabricators,WLD-022,Day,Stainless 304L,8.0,5.0,3G,RT,Accept,,0.0,0.0
2025-07-05,J-02556,"2""-IA-1131",Cold Box,Delta Mech Services,WLD-012,Day,Stainless 304L,2.0,19.9,3G,RT,Accept,,0.0,0.0
2025-07-06,J-02481,"2""-CW-1342",Cooling Water Package,Delta Mech Services,WLD-027,Day,Carbon Steel A106-B,2.0,6.2,1G,UT,Accept,,0.0,0.0
2025-07-06,J-01018,"3""-CW-1203",TSA Unit,Meridian Fabricators,WLD-028,Day,Carbon Steel A106-B,3.0,18.9,2G,RT,Accept,,0.0,0.0
2025-07-06,J-01299,"12""-PW-1298",Cold Box,Anchor Piping Works,WLD-020,Night,Carbon Steel A106-B,12.0,7.6,1G,RT,Accept,,0.0,0.0
2025-07-07,J-02375,"20""-CW-1067",TSA Unit,Anchor Piping Works,WLD-008,Day,Stainless 304L,20.0,6.5,1G,DPT,Accept,,0.0,0.0
2025-07-07,J-01715,"6""-IA-1127",Cooling Water Package,Delta Mech Services,WLD-012,Day,Alloy Steel P91,6.0,6.7,1G,RT,Accept,,0.0,0.0
2025-07-07,J-02882,"16""-PW-1132",Cooling Water Package,Meridian Fabricators,WLD-004,Day,Stainless 304L,16.0,5.8,1G,DPT,Accept,,0.0,0.0
2025-07-07,J-02244,"3""-CW-1377",Utility Tie-in,Anchor Piping Works,WLD-002,Day,Alloy Steel P91,3.0,20.2,1G,RT,Accept,,0.0,0.0
2025-07-07,J-02262,"10""-FW-1180",Compressor House,Delta Mech Services,WLD-018,Day,Carbon Steel A106-B,10.0,17.3,2G,RT,Accept,,0.0,0.0
2025-07-07,J-01206,"8""-NG-1017",Cold Box,Meridian Fabricators,WLD-001,Day,Stainless 304L,8.0,24.4,3G,MPT,Accept,,0.0,0.0
2025-07-07,J-02482,"10""-PW-1180",Utility Tie-in,Meridian Fabricators,WLD-010,Night,Stainless 304L,10.0,10.2,2G,RT,Accept,,0.0,0.0
2025-07-07,J-02223,"10""-IA-1333",Pipe Rack A,Delta Mech Services,WLD-006,Day,Alloy Steel P91,10.0,7.4,1G,UT,Accept,,0.0,0.0
2025-07-07,J-02607,"2""-FW-1209",Cold Box,Meridian Fabricators,WLD-025,Day,Stainless 304L,2.0,20.0,1G,RT,Accept,,0.0,0.0
2025-07-07,J-02060,"3""-FW-1389",Utility Tie-in,Anchor Piping Works,WLD-023,Night,Carbon Steel A106-B,3.0,12.7,1G,UT,Accept,,0.0,0.0
2025-07-07,J-01114,"10""-CW-1357",Pipe Rack B,Anchor Piping Works,WLD-023,Day,Alloy Steel P91,10.0,21.6,5G,RT,Accept,,0.0,0.0
2025-07-08,J-02566,"4""-NG-1331",Pipe Rack B,Anchor Piping Works,WLD-005,Night,Stainless 304L,4.0,7.0,6G,MPT,Accept,,0.0,0.0
2025-07-08,J-01129,"4""-IA-1213",Pipe Rack A,Anchor Piping Works,WLD-008,Day,Carbon Steel A106-B,4.0,11.5,3G,UT,Accept,,0.0,0.0
2025-07-08,J-02152,"4""-IA-1069",Pipe Rack B,Delta Mech Services,WLD-006,Day,Alloy Steel P91,4.0,17.8,1G,DPT,Accept,,0.0,0.0
2025-07-08,J-01452,"12""-CW-1131",Pipe Rack B,Delta Mech Services,WLD-015,Day,Carbon Steel A106-B,12.0,13.2,2G,RT,Accept,,0.0,0.0
2025-07-08,J-01351,"24""-FW-1080",TSA Unit,Delta Mech Services,WLD-027,Day,Carbon Steel A106-B,24.0,21.2,3G,RT,Accept,,0.0,0.0
2025-07-08,J-02277,"16""-PW-1347",Utility Tie-in,Delta Mech Services,WLD-012,Night,Carbon Steel A106-B,16.0,21.2,2G,UT,Accept,,0.0,0.0
2025-07-08,J-01210,"6""-IA-1073",Compressor House,Delta Mech Services,WLD-015,Day,Carbon Steel A106-B,6.0,8.3,6G,RT,Accept,,0.0,0.0
2025-07-08,J-02234,"20""-PW-1355",Cooling Water Package,Delta Mech Services,WLD-018,Day,Alloy Steel P91,20.0,11.3,2G,UT,Accept,,0.0,0.0
2025-07-08,J-02447,"10""-NG-1223",Pipe Rack A,Delta Mech Services,WLD-009,Day,Carbon Steel A106-B,10.0,9.1,3G,RT,Accept,,0.0,0.0
2025-07-09,J-02424,"12""-CW-1096",TSA Unit,Meridian Fabricators,WLD-016,Night,Carbon Steel A106-B,12.0,12.5,2G,MPT,Accept,,0.0,0.0
2025-07-09,J-02235,"8""-CW-1111",Pipe Rack A,Meridian Fabricators,WLD-016,Night,Stainless 304L,8.0,12.5,2G,UT,Reject,Porosity,4465.0,4.7
2025-07-09,J-01564,"4""-CW-1371",Pipe Rack B,Meridian Fabricators,WLD-010,Night,Stainless 304L,4.0,18.7,1G,RT,Accept,,0.0,0.0
2025-07-09,J-02741,"20""-NG-1005",TSA Unit,Meridian Fabricators,WLD-028,Night,Carbon Steel A106-B,20.0,6.2,2G,RT,Accept,,0.0,0.0
2025-07-09,J-02567,"6""-PW-1166",Cooling Water Package,Meridian Fabricators,WLD-004,Day,Carbon Steel A106-B,6.0,12.6,3G,RT,Accept,,0.0,0.0
2025-07-09,J-01622,"20""-PW-1178",Utility Tie-in,Delta Mech Services,WLD-018,Day,Carbon Steel A106-B,20.0,8.1,5G,RT,Accept,,0.0,0.0
2025-07-09,J-01761,"3""-IA-1254",Cooling Water Package,Delta Mech Services,WLD-021,Day,Carbon Steel A106-B,3.0,13.7,3G,MPT,Accept,,0.0,0.0
2025-07-09,J-02318,"6""-PW-1076",Pipe Rack B,Anchor Piping Works,WLD-020,Day,Carbon Steel A106-B,6.0,13.3,6G,RT,Accept,,0.0,0.0
2025-07-10,J-01785,"2""-CW-1313",Compressor House,Delta Mech Services,WLD-018,Night,Carbon Steel A106-B,2.0,13.6,5G,RT,Accept,,0.0,0.0
2025-07-10,J-02624,"2""-FW-1026",Cooling Water Package,Delta Mech Services,WLD-003,Day,Carbon Steel A106-B,2.0,9.7,6G,MPT,Reject,Undercut,2804.0,3.0
2025-07-10,J-01301,"24""-PW-1046",Pipe Rack B,Anchor Piping Works,WLD-020,Night,Carbon Steel A106-B,24.0,6.1,1G,MPT,Accept,,0.0,0.0
2025-07-10,J-01132,"12""-FW-1149",Cooling Water Package,Delta Mech Services,WLD-021,Day,Carbon Steel A106-B,12.0,11.2,5G,RT,Accept,,0.0,0.0
2025-07-10,J-01412,"6""-PW-1117",Cold Box,Anchor Piping Works,WLD-011,Day,Alloy Steel P91,6.0,22.2,5G,UT,Accept,,0.0,0.0
2025-07-10,J-01616,"8""-FW-1028",Pipe Rack A,Anchor Piping Works,WLD-026,Day,Carbon Steel A106-B,8.0,17.7,1G,MPT,Accept,,0.0,0.0
2025-07-10,J-02787,"3""-PW-1031",Pipe Rack A,Meridian Fabricators,WLD-013,Day,Alloy Steel P91,3.0,19.7,6G,UT,Accept,,0.0,0.0
2025-07-10,J-01824,"20""-NG-1279",Pipe Rack B,Delta Mech Services,WLD-021,Night,Carbon Steel A106-B,20.0,11.8,2G,RT,Accept,,0.0,0.0
2025-07-11,J-02220,"8""-IA-1369",Cold Box,Delta Mech Services,WLD-009,Day,Carbon Steel A106-B,8.0,5.4,5G,MPT,Accept,,0.0,0.0
2025-07-11,J-02529,"8""-NG-1047",Cooling Water Package,Anchor Piping Works,WLD-008,Night,Alloy Steel P91,8.0,22.9,6G,UT,Accept,,0.0,0.0
2025-07-11,J-02356,"2""-IA-1152",Cooling Water Package,Delta Mech Services,WLD-006,Day,Carbon Steel A106-B,2.0,10.5,1G,RT,Accept,,0.0,0.0
2025-07-12,J-01945,"3""-NG-1323",Cold Box,Anchor Piping Works,WLD-026,Day,Carbon Steel A106-B,3.0,24.7,1G,UT,Accept,,0.0,0.0
2025-07-12,J-02721,"16""-IA-1030",Utility Tie-in,Meridian Fabricators,WLD-004,Night,Stainless 304L,16.0,5.8,3G,UT,Accept,,0.0,0.0
2025-07-12,J-01756,"20""-NG-1322",Cooling Water Package,Anchor Piping Works,WLD-014,Day,Carbon Steel A106-B,20.0,15.8,1G,UT,Accept,,0.0,0.0
2025-07-12,J-01188,"12""-CW-1394",Compressor House,Delta Mech Services,WLD-018,Day,Alloy Steel P91,12.0,10.6,5G,UT,Accept,,0.0,0.0
2025-07-12,J-02859,"6""-FW-1043",Utility Tie-in,Meridian Fabricators,WLD-001,Day,Stainless 304L,6.0,20.4,1G,RT,Accept,,0.0,0.0
2025-07-13,J-01530,"3""-PW-1095",TSA Unit,Meridian Fabricators,WLD-016,Day,Carbon Steel A106-B,3.0,4.0,1G,RT,Accept,,0.0,0.0
2025-07-13,J-01668,"8""-IA-1174",Cold Box,Anchor Piping Works,WLD-014,Night,Carbon Steel A106-B,8.0,9.5,1G,MPT,Accept,,0.0,0.0
2025-07-13,J-02599,"12""-FW-1257",Pipe Rack B,Anchor Piping Works,WLD-026,Day,Carbon Steel A106-B,12.0,17.4,1G,UT,Accept,,0.0,0.0
2025-07-13,J-01738,"10""-PW-1287",Pipe Rack A,Meridian Fabricators,WLD-001,Night,Stainless 304L,10.0,17.4,1G,RT,Accept,,0.0,0.0
2025-07-13,J-01541,"12""-NG-1108",Cooling Water Package,Anchor Piping Works,WLD-017,Day,Carbon Steel A106-B,12.0,19.3,5G,RT,Accept,,0.0,0.0
2025-07-13,J-01179,"4""-IA-1381",Utility Tie-in,Anchor Piping Works,WLD-005,Day,Stainless 304L,4.0,22.5,1G,RT,Accept,,0.0,0.0
2025-07-13,J-01975,"6""-NG-1177",Compressor House,Anchor Piping Works,WLD-020,Day,Carbon Steel A106-B,6.0,7.9,3G,UT,Accept,,0.0,0.0
2025-07-13,J-01159,"20""-IA-1002",Utility Tie-in,Meridian Fabricators,WLD-028,Day,Carbon Steel A106-B,20.0,12.8,1G,RT,Accept,,0.0,0.0
2025-07-14,J-02209,"8""-CW-1334",TSA Unit,Anchor Piping Works,WLD-023,Night,Stainless 304L,8.0,7.0,5G,MPT,Accept,,0.0,0.0
2025-07-14,J-02615,"3""-NG-1245",Cold Box,Delta Mech Services,WLD-024,Night,Stainless 304L,3.0,7.9,2G,MPT,Reject,Slag Inclusion,3099.0,3.3
2025-07-14,J-02436,"12""-NG-1259",Pipe Rack A,Delta Mech Services,WLD-015,Night,Stainless 304L,12.0,12.0,1G,UT,Accept,,0.0,0.0
2025-07-14,J-02773,"20""-CW-1128",TSA Unit,Anchor Piping Works,WLD-011,Day,Carbon Steel A106-B,20.0,5.2,3G,RT,Accept,,0.0,0.0
2025-07-14,J-01822,"10""-PW-1240",Cold Box,Meridian Fabricators,WLD-013,Day,Carbon Steel A106-B,10.0,19.4,6G,MPT,Reject,Porosity,4728.0,5.0
2025-07-14,J-01841,"10""-CW-1019",Pipe Rack B,Delta Mech Services,WLD-021,Day,Alloy Steel P91,10.0,13.1,5G,RT,Accept,,0.0,0.0
2025-07-15,J-02698,"6""-FW-1045",Compressor House,Meridian Fabricators,WLD-010,Day,Stainless 304L,6.0,14.1,2G,RT,Accept,,0.0,0.0
2025-07-15,J-01265,"6""-FW-1223",Cooling Water Package,Delta Mech Services,WLD-009,Night,Carbon Steel A106-B,6.0,8.3,5G,RT,Accept,,0.0,0.0
2025-07-15,J-02341,"8""-IA-1262",Compressor House,Delta Mech Services,WLD-021,Day,Alloy Steel P91,8.0,17.4,2G,DPT,Accept,,0.0,0.0
2025-07-15,J-01222,"2""-PW-1265",Cold Box,Meridian Fabricators,WLD-016,Day,Carbon Steel A106-B,2.0,15.2,5G,MPT,Accept,,0.0,0.0
2025-07-15,J-01576,"8""-IA-1066",TSA Unit,Meridian Fabricators,WLD-019,Night,Stainless 304L,8.0,15.3,5G,RT,Accept,,0.0,0.0
2025-07-15,J-02861,"6""-PW-1102",Compressor House,Meridian Fabricators,WLD-025,Night,Stainless 304L,6.0,18.4,6G,RT,Accept,,0.0,0.0
2025-07-15,J-03050,"12""-FW-1273",Pipe Rack A,Meridian Fabricators,WLD-004,Night,Alloy Steel P91,12.0,6.3,5G,RT,Accept,,0.0,0.0
2025-07-16,J-01749,"8""-CW-1080",Pipe Rack A,Delta Mech Services,WLD-018,Day,Carbon Steel A106-B,8.0,6.7,6G,MPT,Reject,Porosity,4223.0,4.4
2025-07-16,J-02772,"8""-NG-1164",Cold Box,Delta Mech Services,WLD-012,Day,Alloy Steel P91,8.0,19.4,1G,RT,Accept,,0.0,0.0
2025-07-16,J-01736,"10""-IA-1330",TSA Unit,Delta Mech Services,WLD-018,Day,Carbon Steel A106-B,10.0,5.0,2G,DPT,Accept,,0.0,0.0
2025-07-16,J-01868,"10""-IA-1098",TSA Unit,Meridian Fabricators,WLD-019,Night,Stainless 304L,10.0,20.2,5G,RT,Reject,Incomplete Penetration,6846.0,7.2
2025-07-16,J-02392,"4""-NG-1210",Pipe Rack A,Meridian Fabricators,WLD-028,Day,Stainless 304L,4.0,17.5,2G,UT,Accept,,0.0,0.0
2025-07-17,J-02170,"6""-NG-1278",Cooling Water Package,Anchor Piping Works,WLD-005,Night,Stainless 304L,6.0,22.6,5G,RT,Accept,,0.0,0.0
2025-07-17,J-01138,"20""-IA-1121",Compressor House,Meridian Fabricators,WLD-013,Day,Carbon Steel A106-B,20.0,4.8,2G,DPT,Accept,,0.0,0.0
2025-07-17,J-01560,"8""-CW-1172",Compressor House,Meridian Fabricators,WLD-004,Day,Carbon Steel A106-B,8.0,13.7,6G,RT,Accept,,0.0,0.0
2025-07-17,J-02872,"16""-FW-1365",Pipe Rack A,Delta Mech Services,WLD-015,Day,Stainless 304L,16.0,17.4,3G,UT,Accept,,0.0,0.0
2025-07-17,J-01656,"8""-IA-1046",Pipe Rack A,Meridian Fabricators,WLD-007,Night,Alloy Steel P91,8.0,25.8,5G,RT,Accept,,0.0,0.0
2025-07-17,J-01963,"8""-FW-1241",Cold Box,Delta Mech Services,WLD-027,Day,Stainless 304L,8.0,25.0,3G,UT,Accept,,0.0,0.0
2025-07-17,J-02109,"3""-CW-1374",Cold Box,Meridian Fabricators,WLD-004,Day,Stainless 304L,3.0,21.3,5G,RT,Accept,,0.0,0.0
2025-07-17,J-02757,"2""-IA-1132",Cold Box,Meridian Fabricators,WLD-004,Night,Carbon Steel A106-B,2.0,24.8,3G,RT,Accept,,0.0,0.0
2025-07-17,J-02717,"20""-CW-1225",TSA Unit,Meridian Fabricators,WLD-019,Night,Stainless 304L,20.0,13.5,1G,DPT,Reject,Porosity,7419.0,7.8
2025-07-18,J-01088,"20""-CW-1111",Compressor House,Delta Mech Services,WLD-012,Night,Carbon Steel A106-B,20.0,9.3,1G,RT,Reject,Undercut,6934.0,7.3
2025-07-18,J-03077,"16""-PW-1216",Utility Tie-in,Anchor Piping Works,WLD-011,Night,Alloy Steel P91,16.0,21.1,3G,MPT,Accept,,0.0,0.0
2025-07-18,J-01762,"8""-IA-1286",Cooling Water Package,Meridian Fabricators,WLD-028,Day,Stainless 304L,8.0,5.2,5G,UT,Accept,,0.0,0.0
2025-07-18,J-02404,"16""-FW-1323",Cooling Water Package,Delta Mech Services,WLD-012,Day,Carbon Steel A106-B,16.0,20.2,1G,RT,Accept,,0.0,0.0
2025-07-18,J-01503,"4""-NG-1008",Cold Box,Meridian Fabricators,WLD-019,Day,Carbon Steel A106-B,4.0,4.1,1G,RT,Accept,,0.0,0.0
2025-07-18,J-02530,"8""-CW-1258",Cooling Water Package,Anchor Piping Works,WLD-023,Day,Carbon Steel A106-B,8.0,7.8,5G,DPT,Accept,,0.0,0.0
2025-07-19,J-01621,"2""-NG-1042",Cold Box,Meridian Fabricators,WLD-004,Day,Carbon Steel A106-B,2.0,15.7,2G,RT,Accept,,0.0,0.0
2025-07-19,J-02675,"20""-FW-1220",Compressor House,Anchor Piping Works,WLD-020,Day,Carbon Steel A106-B,20.0,17.6,5G,DPT,Accept,,0.0,0.0
2025-07-19,J-01565,"3""-PW-1025",Pipe Rack B,Delta Mech Services,WLD-018,Day,Alloy Steel P91,3.0,8.2,1G,UT,Accept,,0.0,0.0
2025-07-20,J-01920,"4""-PW-1271",Pipe Rack B,Anchor Piping Works,WLD-017,Day,Stainless 304L,4.0,11.0,2G,RT,Accept,,0.0,0.0
2025-07-20,J-02249,"6""-FW-1340",Cold Box,Anchor Piping Works,WLD-005,Night,Carbon Steel A106-B,6.0,6.2,2G,UT,Accept,,0.0,0.0
2025-07-20,J-02062,"6""-CW-1021",Cold Box,Anchor Piping Works,WLD-017,Day,Alloy Steel P91,6.0,13.5,5G,RT,Reject,Crack,5067.0,5.3
2025-07-20,J-01552,"3""-PW-1327",Pipe Rack A,Delta Mech Services,WLD-021,Day,Alloy Steel P91,3.0,6.8,1G,DPT,Accept,,0.0,0.0
2025-07-20,J-03040,"12""-PW-1007",Pipe Rack A,Meridian Fabricators,WLD-016,Day,Carbon Steel A106-B,12.0,20.4,6G,RT,Accept,,0.0,0.0
2025-07-20,J-01251,"6""-PW-1091",Cold Box,Meridian Fabricators,WLD-010,Day,Carbon Steel A106-B,6.0,9.1,1G,DPT,Accept,,0.0,0.0
2025-07-20,J-01227,"6""-CW-1399",Cooling Water Package,Meridian Fabricators,WLD-016,Day,Carbon Steel A106-B,6.0,11.5,2G,UT,Accept,,0.0,0.0
2025-07-20,J-02600,"12""-NG-1188",Cooling Water Package,Delta Mech Services,WLD-015,Day,Carbon Steel A106-B,12.0,14.9,3G,RT,Accept,,0.0,0.0
2025-07-21,J-01596,"4""-IA-1243",Compressor House,Delta Mech Services,WLD-024,Day,Carbon Steel A106-B,4.0,6.5,5G,UT,Reject,Porosity,2188.0,2.3
2025-07-21,J-02157,"8""-IA-1256",Cooling Water Package,Delta Mech Services,WLD-009,Day,Carbon Steel A106-B,8.0,24.8,1G,MPT,Accept,,0.0,0.0
2025-07-21,J-02743,"6""-CW-1127",Compressor House,Delta Mech Services,WLD-009,Day,Alloy Steel P91,6.0,25.9,1G,UT,Accept,,0.0,0.0
2025-07-21,J-01638,"3""-FW-1258",Cooling Water Package,Meridian Fabricators,WLD-025,Night,Alloy Steel P91,3.0,21.5,5G,DPT,Accept,,0.0,0.0
2025-07-21,J-02402,"8""-IA-1335",TSA Unit,Delta Mech Services,WLD-027,Night,Stainless 304L,8.0,25.3,1G,UT,Accept,,0.0,0.0
2025-07-21,J-02405,"8""-IA-1155",Cooling Water Package,Meridian Fabricators,WLD-004,Day,Carbon Steel A106-B,8.0,20.4,2G,MPT,Accept,,0.0,0.0
2025-07-22,J-02050,"6""-FW-1284",Compressor House,Anchor Piping Works,WLD-014,Day,Stainless 304L,6.0,18.5,3G,UT,Accept,,0.0,0.0
2025-07-22,J-01023,"4""-IA-1383",Pipe Rack A,Anchor Piping Works,WLD-026,Day,Alloy Steel P91,4.0,20.4,3G,RT,Accept,,0.0,0.0
2025-07-22,J-01220,"12""-PW-1314",Compressor House,Delta Mech Services,WLD-015,Day,Carbon Steel A106-B,12.0,9.6,1G,RT,Accept,,0.0,0.0
2025-07-22,J-02015,"4""-IA-1090",TSA Unit,Meridian Fabricators,WLD-010,Day,Stainless 304L,4.0,7.4,5G,RT,Accept,,0.0,0.0
2025-07-23,J-02119,"8""-CW-1161",Cooling Water Package,Delta Mech Services,WLD-012,Night,Carbon Steel A106-B,8.0,14.0,6G,DPT,Accept,,0.0,0.0
2025-07-23,J-01205,"6""-IA-1333",TSA Unit,Delta Mech Services,WLD-024,Day,Carbon Steel A106-B,6.0,6.1,3G,RT,Accept,,0.0,0.0
2025-07-23,J-01411,"6""-FW-1137",Pipe Rack B,Anchor Piping Works,WLD-002,Day,Stainless 304L,6.0,9.6,2G,DPT,Accept,,0.0,0.0
2025-07-23,J-02506,"6""-NG-1226",Utility Tie-in,Anchor Piping Works,WLD-026,Night,Stainless 304L,6.0,23.7,2G,RT,Accept,,0.0,0.0
2025-07-23,J-02180,"3""-CW-1136",Cold Box,Delta Mech Services,WLD-021,Day,Carbon Steel A106-B,3.0,16.8,1G,UT,Accept,,0.0,0.0
2025-07-23,J-01670,"3""-IA-1103",Cold Box,Anchor Piping Works,WLD-005,Night,Carbon Steel A106-B,3.0,4.1,5G,RT,Accept,,0.0,0.0
2025-07-24,J-02948,"10""-FW-1211",TSA Unit,Anchor Piping Works,WLD-014,Night,Stainless 304L,10.0,16.3,5G,MPT,Accept,,0.0,0.0
2025-07-24,J-01935,"24""-PW-1055",TSA Unit,Anchor Piping Works,WLD-020,Night,Carbon Steel A106-B,24.0,21.2,1G,DPT,Accept,,0.0,0.0
2025-07-25,J-02210,"8""-CW-1252",Cold Box,Meridian Fabricators,WLD-019,Day,Alloy Steel P91,8.0,14.0,6G,MPT,Reject,Porosity,4559.0,4.8
2025-07-25,J-01851,"6""-FW-1168",Pipe Rack A,Meridian Fabricators,WLD-004,Day,Carbon Steel A106-B,6.0,13.8,3G,UT,Accept,,0.0,0.0
2025-07-25,J-02695,"8""-FW-1342",TSA Unit,Anchor Piping Works,WLD-002,Day,Carbon Steel A106-B,8.0,13.0,2G,RT,Accept,,0.0,0.0
2025-07-25,J-01068,"8""-PW-1063",Cold Box,Meridian Fabricators,WLD-007,Day,Alloy Steel P91,8.0,18.3,2G,MPT,Reject,Porosity,5720.0,6.0
2025-07-25,J-02127,"3""-IA-1386",Utility Tie-in,Delta Mech Services,WLD-021,Day,Carbon Steel A106-B,3.0,11.9,1G,UT,Accept,,0.0,0.0
2025-07-25,J-03075,"16""-IA-1008",Compressor House,Delta Mech Services,WLD-003,Day,Stainless 304L,16.0,21.3,5G,RT,Accept,,0.0,0.0
2025-07-25,J-02231,"6""-NG-1081",Compressor House,Anchor Piping Works,WLD-017,Day,Carbon Steel A106-B,6.0,21.0,5G,RT,Accept,,0.0,0.0
2025-07-26,J-01142,"6""-PW-1157",Pipe Rack A,Meridian Fabricators,WLD-016,Night,Alloy Steel P91,6.0,12.4,6G,UT,Accept,,0.0,0.0
2025-07-26,J-01606,"12""-PW-1216",Pipe Rack B,Anchor Piping Works,WLD-002,Night,Alloy Steel P91,12.0,11.5,2G,RT,Reject,Undercut,5406.0,5.7
2025-07-26,J-01499,"4""-PW-1145",Cold Box,Meridian Fabricators,WLD-019,Day,Alloy Steel P91,4.0,14.6,1G,RT,Accept,,0.0,0.0
2025-07-26,J-02452,"6""-IA-1382",Cooling Water Package,Anchor Piping Works,WLD-017,Night,Carbon Steel A106-B,6.0,6.0,5G,RT,Accept,,0.0,0.0
2025-07-26,J-01730,"10""-FW-1242",TSA Unit,Anchor Piping Works,WLD-023,Night,Carbon Steel A106-B,10.0,12.2,6G,MPT,Reject,Porosity,5954.0,6.3
2025-07-26,J-02411,"10""-CW-1216",Compressor House,Anchor Piping Works,WLD-014,Day,Carbon Steel A106-B,10.0,15.1,2G,UT,Reject,Excess Reinforcement,4993.0,5.3
2025-07-26,J-02917,"10""-IA-1140",Pipe Rack A,Anchor Piping Works,WLD-026,Day,Stainless 304L,10.0,21.2,2G,RT,Reject,Slag Inclusion,6024.0,6.3
2025-07-26,J-02417,"6""-NG-1302",Cold Box,Anchor Piping Works,WLD-011,Day,Alloy Steel P91,6.0,22.5,1G,DPT,Accept,,0.0,0.0
2025-07-27,J-02292,"20""-FW-1353",TSA Unit,Meridian Fabricators,WLD-007,Night,Stainless 304L,20.0,11.5,5G,RT,Accept,,0.0,0.0
2025-07-27,J-01837,"10""-PW-1241",Pipe Rack B,Anchor Piping Works,WLD-002,Night,Carbon Steel A106-B,10.0,8.3,2G,MPT,Accept,,0.0,0.0
2025-07-27,J-01219,"4""-IA-1187",Pipe Rack B,Delta Mech Services,WLD-024,Night,Carbon Steel A106-B,4.0,15.0,5G,RT,Accept,,0.0,0.0
2025-07-27,J-02401,"8""-PW-1029",Utility Tie-in,Delta Mech Services,WLD-018,Night,Carbon Steel A106-B,8.0,17.0,3G,RT,Reject,Porosity,5287.0,5.6
2025-07-27,J-03062,"20""-PW-1084",TSA Unit,Meridian Fabricators,WLD-028,Night,Alloy Steel P91,20.0,19.7,1G,UT,Accept,,0.0,0.0
2025-07-27,J-02701,"10""-FW-1254",Utility Tie-in,Delta Mech Services,WLD-018,Night,Alloy Steel P91,10.0,18.2,5G,MPT,Accept,,0.0,0.0
2025-07-27,J-01915,"6""-NG-1086",Cooling Water Package,Delta Mech Services,WLD-018,Night,Carbon Steel A106-B,6.0,19.9,5G,DPT,Accept,,0.0,0.0
2025-07-27,J-02720,"3""-FW-1041",Pipe Rack B,Delta Mech Services,WLD-021,Night,Alloy Steel P91,3.0,7.3,5G,RT,Accept,,0.0,0.0
2025-07-27,J-01341,"6""-PW-1226",Utility Tie-in,Meridian Fabricators,WLD-025,Day,Carbon Steel A106-B,6.0,16.3,1G,UT,Accept,,0.0,0.0
2025-07-28,J-01163,"6""-NG-1295",Utility Tie-in,Meridian Fabricators,WLD-010,Day,Carbon Steel A106-B,6.0,22.9,2G,RT,Accept,,0.0,0.0
2025-07-28,J-02182,"10""-NG-1355",Cold Box,Meridian Fabricators,WLD-028,Day,Carbon Steel A106-B,10.0,18.4,5G,RT,Accept,,0.0,0.0
2025-07-28,J-01087,"20""-CW-1135",Cold Box,Delta Mech Services,WLD-018,Day,Stainless 304L,20.0,14.2,3G,UT,Accept,,0.0,0.0
2025-07-28,J-01626,"10""-FW-1172",Pipe Rack A,Delta Mech Services,WLD-012,Day,Carbon Steel A106-B,10.0,11.8,2G,DPT,Accept,,0.0,0.0
2025-07-28,J-02428,"12""-IA-1287",Pipe Rack A,Meridian Fabricators,WLD-022,Day,Carbon Steel A106-B,12.0,18.2,2G,DPT,Accept,,0.0,0.0
2025-07-28,J-01306,"4""-IA-1279",Compressor House,Meridian Fabricators,WLD-022,Day,Carbon Steel A106-B,4.0,23.6,3G,MPT,Accept,,0.0,0.0
2025-07-29,J-01833,"10""-CW-1066",Utility Tie-in,Meridian Fabricators,WLD-019,Day,Alloy Steel P91,10.0,17.3,3G,DPT,Reject,Porosity,6443.0,6.8
2025-07-29,J-03048,"2""-IA-1154",Utility Tie-in,Anchor Piping Works,WLD-002,Day,Stainless 304L,2.0,7.8,2G,MPT,Accept,,0.0,0.0
2025-07-29,J-03047,"12""-FW-1146",Cold Box,Anchor Piping Works,WLD-008,Night,Stainless 304L,12.0,11.1,5G,RT,Accept,,0.0,0.0
2025-07-29,J-01949,"4""-FW-1068",Cold Box,Delta Mech Services,WLD-009,Night,Carbon Steel A106-B,4.0,20.0,3G,UT,Accept,,0.0,0.0
2025-07-29,J-02163,"3""-CW-1310",Cooling Water Package,Anchor Piping Works,WLD-020,Day,Carbon Steel A106-B,3.0,22.8,1G,RT,Accept,,0.0,0.0
2025-07-29,J-02831,"10""-NG-1231",Utility Tie-in,Delta Mech Services,WLD-012,Night,Alloy Steel P91,10.0,22.6,3G,RT,Accept,,0.0,0.0
2025-07-30,J-01773,"4""-FW-1137",Pipe Rack A,Meridian Fabricators,WLD-025,Night,Stainless 304L,4.0,20.3,1G,MPT,Reject,Porosity,4121.0,4.3
2025-07-30,J-01779,"24""-IA-1225",Compressor House,Meridian Fabricators,WLD-010,Night,Carbon Steel A106-B,24.0,25.9,2G,DPT,Accept,,0.0,0.0
2025-07-30,J-02032,"10""-IA-1107",Utility Tie-in,Delta Mech Services,WLD-015,Day,Alloy Steel P91,10.0,5.9,2G,RT,Accept,,0.0,0.0
2025-07-30,J-01186,"4""-PW-1302",Compressor House,Delta Mech Services,WLD-018,Day,Stainless 304L,4.0,23.9,2G,MPT,Accept,,0.0,0.0
2025-07-30,J-02462,"6""-FW-1088",Utility Tie-in,Delta Mech Services,WLD-012,Night,Carbon Steel A106-B,6.0,23.6,2G,RT,Accept,,0.0,0.0
2025-07-30,J-02470,"4""-FW-1008",Compressor House,Anchor Piping Works,WLD-008,Day,Stainless 304L,4.0,24.6,5G,RT,Accept,,0.0,0.0
2025-07-30,J-02290,"6""-CW-1038",Utility Tie-in,Delta Mech Services,WLD-015,Day,Carbon Steel A106-B,6.0,9.0,1G,MPT,Accept,,0.0,0.0
2025-07-30,J-02949,"10""-FW-1059",Compressor House,Meridian Fabricators,WLD-004,Day,Carbon Steel A106-B,10.0,12.2,6G,UT,Accept,,0.0,0.0
2025-07-30,J-01796,"6""-PW-1281",Pipe Rack B,Anchor Piping Works,WLD-008,Day,Stainless 304L,6.0,10.2,1G,RT,Accept,,0.0,0.0
2025-07-30,J-01731,"12""-IA-1217",Cooling Water Package,Delta Mech Services,WLD-018,Day,Carbon Steel A106-B,12.0,18.5,1G,UT,Accept,,0.0,0.0
2025-07-31,J-01444,"3""-CW-1090",Pipe Rack B,Delta Mech Services,WLD-015,Day,Stainless 304L,3.0,23.7,1G,MPT,Reject,Slag Inclusion,4455.0,4.7
2025-07-31,J-02580,"6""-FW-1272",Cold Box,Meridian Fabricators,WLD-016,Night,Stainless 304L,6.0,17.1,2G,UT,Accept,,0.0,0.0
2025-07-31,J-03055,"8""-PW-1249",TSA Unit,Anchor Piping Works,WLD-023,Day,Stainless 304L,8.0,13.9,5G,RT,Accept,,0.0,0.0
2025-07-31,J-03043,"3""-NG-1187",TSA Unit,Delta Mech Services,WLD-009,Day,Carbon Steel A106-B,3.0,22.8,2G,RT,Accept,,0.0,0.0
2025-07-31,J-01942,"3""-FW-1162",Pipe Rack B,Delta Mech Services,WLD-009,Night,Alloy Steel P91,3.0,14.7,6G,UT,Reject,Incomplete Penetration,3481.0,3.7
2025-07-31,J-01682,"6""-PW-1156",Cold Box,Delta Mech Services,WLD-024,Day,Carbon Steel A106-B,6.0,6.8,3G,RT,Accept,,0.0,0.0
2025-07-31,J-02113,"4""-IA-1028",Cold Box,Meridian Fabricators,WLD-001,Day,Alloy Steel P91,4.0,13.9,6G,UT,Reject,Slag Inclusion,3381.0,3.6
2025-08-01,J-01270,"6""-IA-1322",Cold Box,Meridian Fabricators,WLD-016,Night,Carbon Steel A106-B,6.0,9.3,1G,RT,Accept,,0.0,0.0
2025-08-01,J-01296,"10""-FW-1098",Pipe Rack B,Anchor Piping Works,WLD-026,Day,Stainless 304L,10.0,14.0,3G,UT,Accept,,0.0,0.0
2025-08-01,J-02681,"4""-FW-1065",Compressor House,Meridian Fabricators,WLD-019,Night,Carbon Steel A106-B,4.0,23.6,2G,UT,Accept,,0.0,0.0
2025-08-01,J-01184,"24""-IA-1087",Pipe Rack B,Delta Mech Services,WLD-015,Day,Alloy Steel P91,24.0,13.9,2G,UT,Accept,,0.0,0.0
2025-08-02,J-02622,"4""-FW-1094",Pipe Rack B,Meridian Fabricators,WLD-004,Day,Carbon Steel A106-B,4.0,21.6,5G,DPT,Accept,,0.0,0.0
2025-08-02,J-01298,"8""-NG-1189",Cooling Water Package,Anchor Piping Works,WLD-017,Day,Stainless 304L,8.0,23.4,2G,RT,Accept,,0.0,0.0
2025-08-02,J-01426,"3""-PW-1322",Cooling Water Package,Delta Mech Services,WLD-021,Day,Alloy Steel P91,3.0,23.4,3G,UT,Reject,Porosity,4442.0,4.7
2025-08-02,J-01277,"16""-PW-1079",Compressor House,Delta Mech Services,WLD-012,Day,Stainless 304L,16.0,4.0,5G,RT,Accept,,0.0,0.0
2025-08-02,J-01568,"8""-PW-1230",Compressor House,Delta Mech Services,WLD-012,Day,Stainless 304L,8.0,24.1,5G,UT,Accept,,0.0,0.0
2025-08-02,J-01831,"20""-NG-1290",Utility Tie-in,Anchor Piping Works,WLD-014,Night,Stainless 304L,20.0,23.9,5G,RT,Accept,,0.0,0.0
2025-08-02,J-01584,"12""-CW-1058",Cooling Water Package,Meridian Fabricators,WLD-028,Day,Carbon Steel A106-B,12.0,5.8,6G,MPT,Accept,,0.0,0.0
2025-08-03,J-02066,"2""-IA-1380",Cold Box,Meridian Fabricators,WLD-022,Night,Carbon Steel A106-B,2.0,18.3,1G,RT,Accept,,0.0,0.0
2025-08-03,J-01058,"6""-IA-1288",Pipe Rack B,Anchor Piping Works,WLD-008,Night,Stainless 304L,6.0,20.7,5G,UT,Accept,,0.0,0.0
2025-08-03,J-01291,"6""-IA-1090",Pipe Rack A,Anchor Piping Works,WLD-020,Day,Carbon Steel A106-B,6.0,16.2,2G,RT,Accept,,0.0,0.0
2025-08-03,J-02283,"3""-FW-1142",Utility Tie-in,Anchor Piping Works,WLD-020,Day,Carbon Steel A106-B,3.0,20.7,1G,RT,Accept,,0.0,0.0
2025-08-03,J-01810,"24""-FW-1378",Utility Tie-in,Anchor Piping Works,WLD-026,Night,Carbon Steel A106-B,24.0,20.9,2G,DPT,Accept,,0.0,0.0
2025-08-03,J-01790,"16""-CW-1285",Pipe Rack A,Delta Mech Services,WLD-015,Night,Carbon Steel A106-B,16.0,15.8,1G,UT,Accept,,0.0,0.0
2025-08-03,J-02168,"2""-FW-1031",Pipe Rack B,Meridian Fabricators,WLD-007,Day,Carbon Steel A106-B,2.0,23.8,3G,MPT,Accept,,0.0,0.0
2025-08-04,J-02913,"20""-PW-1376",Compressor House,Delta Mech Services,WLD-003,Night,Carbon Steel A106-B,20.0,6.1,2G,DPT,Accept,,0.0,0.0
2025-08-04,J-01676,"10""-PW-1077",TSA Unit,Meridian Fabricators,WLD-010,Night,Carbon Steel A106-B,10.0,21.7,6G,RT,Accept,,0.0,0.0
2025-08-04,J-02227,"4""-NG-1080",Compressor House,Delta Mech Services,WLD-012,Night,Stainless 304L,4.0,4.3,3G,RT,Accept,,0.0,0.0
2025-08-04,J-01083,"2""-IA-1064",Utility Tie-in,Anchor Piping Works,WLD-026,Day,Stainless 304L,2.0,23.6,1G,RT,Accept,,0.0,0.0
2025-08-04,J-02658,"4""-CW-1081",TSA Unit,Delta Mech Services,WLD-003,Day,Stainless 304L,4.0,21.7,6G,RT,Accept,,0.0,0.0
2025-08-04,J-02054,"16""-FW-1061",Utility Tie-in,Meridian Fabricators,WLD-016,Day,Carbon Steel A106-B,16.0,21.7,3G,RT,Accept,,0.0,0.0
2025-08-04,J-01121,"8""-NG-1256",Utility Tie-in,Anchor Piping Works,WLD-008,Day,Carbon Steel A106-B,8.0,10.9,5G,RT,Accept,,0.0,0.0
2025-08-04,J-01103,"2""-NG-1293",Utility Tie-in,Delta Mech Services,WLD-006,Day,Carbon Steel A106-B,2.0,18.7,2G,RT,Accept,,0.0,0.0
2025-08-05,J-02874,"16""-FW-1299",Compressor House,Meridian Fabricators,WLD-013,Night,Carbon Steel A106-B,16.0,23.9,2G,UT,Accept,,0.0,0.0
2025-08-05,J-02073,"6""-CW-1057",Utility Tie-in,Anchor Piping Works,WLD-002,Day,Stainless 304L,6.0,13.4,1G,UT,Accept,,0.0,0.0
2025-08-05,J-02101,"10""-NG-1213",Cold Box,Meridian Fabricators,WLD-004,Day,Alloy Steel P91,10.0,18.8,5G,UT,Accept,,0.0,0.0
2025-08-05,J-02397,"8""-IA-1349",Cold Box,Delta Mech Services,WLD-018,Day,Carbon Steel A106-B,8.0,18.5,2G,UT,Accept,,0.0,0.0
2025-08-05,J-01612,"16""-NG-1088",Cooling Water Package,Anchor Piping Works,WLD-011,Day,Carbon Steel A106-B,16.0,24.1,2G,DPT,Accept,,0.0,0.0
2025-08-05,J-02275,"8""-CW-1174",Cold Box,Meridian Fabricators,WLD-022,Day,Carbon Steel A106-B,8.0,9.4,6G,DPT,Accept,,0.0,0.0
2025-08-05,J-02576,"8""-NG-1066",Compressor House,Anchor Piping Works,WLD-026,Day,Carbon Steel A106-B,8.0,26.0,3G,RT,Accept,,0.0,0.0
2025-08-05,J-02479,"3""-FW-1278",TSA Unit,Anchor Piping Works,WLD-023,Day,Stainless 304L,3.0,10.6,3G,MPT,Accept,,0.0,0.0
2025-08-05,J-01231,"16""-PW-1110",Cold Box,Meridian Fabricators,WLD-001,Day,Stainless 304L,16.0,20.8,2G,RT,Accept,,0.0,0.0
2025-08-06,J-01985,"4""-PW-1169",Cooling Water Package,Anchor Piping Works,WLD-002,Day,Carbon Steel A106-B,4.0,10.7,1G,DPT,Accept,,0.0,0.0
2025-08-06,J-02670,"20""-NG-1118",Cooling Water Package,Delta Mech Services,WLD-024,Night,Carbon Steel A106-B,20.0,14.6,6G,UT,Accept,,0.0,0.0
2025-08-06,J-02151,"6""-FW-1192",TSA Unit,Delta Mech Services,WLD-009,Day,Carbon Steel A106-B,6.0,7.4,1G,RT,Accept,,0.0,0.0
2025-08-06,J-02809,"4""-NG-1203",TSA Unit,Meridian Fabricators,WLD-016,Day,Alloy Steel P91,4.0,21.2,1G,MPT,Accept,,0.0,0.0
2025-08-06,J-01135,"4""-CW-1027",Pipe Rack A,Delta Mech Services,WLD-027,Night,Carbon Steel A106-B,4.0,10.6,2G,MPT,Accept,,0.0,0.0
2025-08-06,J-01808,"10""-IA-1339",Cooling Water Package,Anchor Piping Works,WLD-008,Day,Alloy Steel P91,10.0,19.6,1G,RT,Reject,Incomplete Penetration,5707.0,6.0
2025-08-06,J-01613,"6""-IA-1286",Compressor House,Delta Mech Services,WLD-012,Night,Stainless 304L,6.0,12.6,1G,UT,Reject,Lack of Fusion,4289.0,4.5
2025-08-06,J-01375,"8""-IA-1315",Compressor House,Delta Mech Services,WLD-021,Day,Carbon Steel A106-B,8.0,12.3,1G,DPT,Reject,Slag Inclusion,5529.0,5.8
2025-08-07,J-01964,"2""-IA-1085",Compressor House,Delta Mech Services,WLD-027,Day,Stainless 304L,2.0,6.3,6G,RT,Accept,,0.0,0.0
2025-08-07,J-01354,"12""-PW-1300",Pipe Rack B,Anchor Piping Works,WLD-026,Day,Carbon Steel A106-B,12.0,16.3,6G,MPT,Accept,,0.0,0.0
2025-08-07,J-02253,"8""-FW-1242",TSA Unit,Anchor Piping Works,WLD-014,Night,Alloy Steel P91,8.0,7.7,1G,RT,Accept,,0.0,0.0
2025-08-07,J-02535,"3""-NG-1245",TSA Unit,Meridian Fabricators,WLD-004,Day,Carbon Steel A106-B,3.0,12.0,2G,MPT,Accept,,0.0,0.0
2025-08-07,J-02352,"24""-PW-1363",Cold Box,Meridian Fabricators,WLD-022,Day,Carbon Steel A106-B,24.0,18.5,1G,MPT,Accept,,0.0,0.0
2025-08-07,J-01510,"2""-CW-1080",Cold Box,Meridian Fabricators,WLD-010,Day,Carbon Steel A106-B,2.0,15.5,3G,MPT,Accept,,0.0,0.0
2025-08-07,J-01643,"16""-CW-1351",Utility Tie-in,Meridian Fabricators,WLD-016,Night,Stainless 304L,16.0,13.9,1G,DPT,Accept,,0.0,0.0
2025-08-07,J-02457,"6""-NG-1357",TSA Unit,Meridian Fabricators,WLD-004,Day,Carbon Steel A106-B,6.0,4.1,2G,RT,Accept,,0.0,0.0
2025-08-08,J-01667,"12""-NG-1096",Pipe Rack B,Meridian Fabricators,WLD-007,Night,Stainless 304L,12.0,17.2,2G,DPT,Accept,,0.0,0.0
2025-08-08,J-02808,"20""-IA-1331",Utility Tie-in,Anchor Piping Works,WLD-002,Night,Carbon Steel A106-B,20.0,12.0,1G,UT,Reject,Incomplete Penetration,7510.0,7.9
2025-08-08,J-01038,"12""-PW-1351",Utility Tie-in,Delta Mech Services,WLD-009,Day,Carbon Steel A106-B,12.0,6.3,2G,DPT,Accept,,0.0,0.0
2025-08-08,J-01056,"8""-FW-1367",Utility Tie-in,Anchor Piping Works,WLD-026,Day,Alloy Steel P91,8.0,6.2,3G,UT,Accept,,0.0,0.0
2025-08-08,J-02934,"3""-IA-1001",Cooling Water Package,Anchor Piping Works,WLD-017,Day,Carbon Steel A106-B,3.0,17.4,1G,RT,Accept,,0.0,0.0
2025-08-08,J-02817,"12""-CW-1003",Cold Box,Delta Mech Services,WLD-015,Day,Carbon Steel A106-B,12.0,19.4,2G,UT,Accept,,0.0,0.0
2025-08-08,J-01289,"2""-IA-1249",Cold Box,Meridian Fabricators,WLD-016,Day,Carbon Steel A106-B,2.0,20.9,1G,RT,Accept,,0.0,0.0
2025-08-08,J-02889,"3""-CW-1186",Pipe Rack B,Anchor Piping Works,WLD-023,Day,Carbon Steel A106-B,3.0,12.0,1G,RT,Accept,,0.0,0.0
2025-08-09,J-01264,"3""-NG-1266",Pipe Rack A,Delta Mech Services,WLD-012,Night,Carbon Steel A106-B,3.0,17.5,3G,RT,Accept,,0.0,0.0
2025-08-09,J-01217,"24""-NG-1267",Cooling Water Package,Meridian Fabricators,WLD-004,Night,Carbon Steel A106-B,24.0,20.9,5G,RT,Reject,Undercut,9289.0,9.8
2025-08-09,J-03025,"3""-PW-1287",Pipe Rack A,Meridian Fabricators,WLD-013,Night,Carbon Steel A106-B,3.0,11.3,2G,UT,Reject,Undercut,3002.0,3.2
2025-08-09,J-03030,"2""-IA-1344",Compressor House,Meridian Fabricators,WLD-022,Day,Carbon Steel A106-B,2.0,18.6,3G,UT,Accept,,0.0,0.0
2025-08-09,J-01150,"12""-IA-1184",Compressor House,Meridian Fabricators,WLD-019,Day,Alloy Steel P91,12.0,15.1,3G,RT,Accept,,0.0,0.0
2025-08-09,J-02618,"12""-IA-1067",Pipe Rack B,Delta Mech Services,WLD-021,Day,Stainless 304L,12.0,19.0,1G,MPT,Accept,,0.0,0.0
2025-08-09,J-02792,"20""-CW-1379",Pipe Rack B,Anchor Piping Works,WLD-026,Day,Stainless 304L,20.0,23.2,6G,RT,Accept,,0.0,0.0
2025-08-10,J-02043,"6""-FW-1024",Cooling Water Package,Anchor Piping Works,WLD-020,Night,Carbon Steel A106-B,6.0,6.7,1G,DPT,Accept,,0.0,0.0
2025-08-10,J-02441,"16""-NG-1210",Pipe Rack B,Anchor Piping Works,WLD-023,Night,Carbon Steel A106-B,16.0,23.8,5G,MPT,Accept,,0.0,0.0
2025-08-10,J-02835,"6""-FW-1103",Pipe Rack B,Meridian Fabricators,WLD-016,Day,Stainless 304L,6.0,20.1,5G,MPT,Accept,,0.0,0.0
2025-08-10,J-02433,"2""-IA-1359",Compressor House,Delta Mech Services,WLD-015,Day,Carbon Steel A106-B,2.0,19.0,1G,MPT,Accept,,0.0,0.0
2025-08-10,J-01826,"4""-FW-1103",TSA Unit,Meridian Fabricators,WLD-022,Day,Carbon Steel A106-B,4.0,17.3,2G,RT,Accept,,0.0,0.0
2025-08-10,J-02837,"24""-IA-1311",Pipe Rack B,Meridian Fabricators,WLD-025,Night,Alloy Steel P91,24.0,19.1,1G,UT,Accept,,0.0,0.0
2025-08-11,J-02976,"2""-CW-1030",Cold Box,Anchor Piping Works,WLD-026,Night,Alloy Steel P91,2.0,21.9,2G,RT,Accept,,0.0,0.0
2025-08-11,J-03024,"2""-FW-1392",Pipe Rack B,Meridian Fabricators,WLD-016,Night,Alloy Steel P91,2.0,6.9,3G,UT,Accept,,0.0,0.0
2025-08-11,J-02853,"10""-PW-1029",Cold Box,Meridian Fabricators,WLD-025,Day,Carbon Steel A106-B,10.0,16.3,2G,MPT,Accept,,0.0,0.0
2025-08-11,J-02525,"16""-PW-1177",Pipe Rack A,Anchor Piping Works,WLD-023,Night,Stainless 304L,16.0,12.3,2G,RT,Accept,,0.0,0.0
2025-08-11,J-01012,"8""-IA-1056",Cold Box,Delta Mech Services,WLD-027,Day,Carbon Steel A106-B,8.0,13.6,3G,RT,Reject,Incomplete Penetration,4866.0,5.1
2025-08-12,J-01207,"6""-IA-1002",Compressor House,Delta Mech Services,WLD-027,Night,Carbon Steel A106-B,6.0,22.5,1G,RT,Accept,,0.0,0.0
2025-08-12,J-02995,"4""-CW-1299",Utility Tie-in,Anchor Piping Works,WLD-002,Day,Carbon Steel A106-B,4.0,13.4,1G,DPT,Reject,Lack of Fusion,3632.0,3.8
2025-08-12,J-02011,"2""-CW-1262",Utility Tie-in,Meridian Fabricators,WLD-004,Day,Carbon Steel A106-B,2.0,4.1,2G,DPT,Accept,,0.0,0.0
2025-08-12,J-01978,"10""-NG-1323",Utility Tie-in,Meridian Fabricators,WLD-019,Day,Alloy Steel P91,10.0,4.4,5G,RT,Accept,,0.0,0.0
2025-08-12,J-02902,"20""-PW-1129",Cold Box,Anchor Piping Works,WLD-014,Day,Alloy Steel P91,20.0,24.3,3G,DPT,Reject,Porosity,7521.0,7.9
2025-08-12,J-02166,"16""-IA-1002",TSA Unit,Delta Mech Services,WLD-012,Day,Carbon Steel A106-B,16.0,10.6,2G,UT,Accept,,0.0,0.0
2025-08-12,J-02156,"3""-IA-1270",Compressor House,Anchor Piping Works,WLD-005,Day,Stainless 304L,3.0,17.5,6G,RT,Accept,,0.0,0.0
2025-08-12,J-03038,"24""-NG-1061",TSA Unit,Anchor Piping Works,WLD-014,Day,Carbon Steel A106-B,24.0,11.5,3G,RT,Accept,,0.0,0.0
2025-08-13,J-01214,"3""-FW-1014",Cold Box,Delta Mech Services,WLD-018,Day,Alloy Steel P91,3.0,9.2,1G,RT,Accept,,0.0,0.0
2025-08-13,J-02724,"2""-IA-1387",Pipe Rack B,Meridian Fabricators,WLD-025,Day,Stainless 304L,2.0,15.8,3G,RT,Accept,,0.0,0.0
2025-08-13,J-02350,"8""-FW-1070",Utility Tie-in,Meridian Fabricators,WLD-019,Night,Alloy Steel P91,8.0,8.4,3G,DPT,Accept,,0.0,0.0
2025-08-13,J-01474,"3""-NG-1349",Cooling Water Package,Delta Mech Services,WLD-009,Day,Carbon Steel A106-B,3.0,6.8,1G,RT,Accept,,0.0,0.0
2025-08-13,J-02456,"3""-FW-1137",TSA Unit,Meridian Fabricators,WLD-007,Day,Carbon Steel A106-B,3.0,13.4,3G,RT,Accept,,0.0,0.0
2025-08-13,J-01651,"10""-CW-1093",Cold Box,Delta Mech Services,WLD-009,Day,Stainless 304L,10.0,21.2,5G,UT,Reject,Porosity,5226.0,5.5
2025-08-13,J-01663,"16""-PW-1287",Compressor House,Delta Mech Services,WLD-015,Day,Stainless 304L,16.0,9.4,1G,MPT,Accept,,0.0,0.0
2025-08-13,J-01380,"10""-NG-1085",Compressor House,Anchor Piping Works,WLD-017,Night,Carbon Steel A106-B,10.0,21.5,3G,RT,Accept,,0.0,0.0
2025-08-13,J-03058,"16""-FW-1031",Cold Box,Delta Mech Services,WLD-006,Day,Stainless 304L,16.0,19.2,6G,RT,Accept,,0.0,0.0
2025-08-14,J-02522,"16""-PW-1339",Utility Tie-in,Delta Mech Services,WLD-021,Night,Stainless 304L,16.0,11.5,6G,MPT,Accept,,0.0,0.0
2025-08-14,J-03028,"16""-NG-1144",Pipe Rack B,Meridian Fabricators,WLD-001,Night,Carbon Steel A106-B,16.0,20.6,3G,MPT,Accept,,0.0,0.0
2025-08-14,J-02324,"12""-NG-1113",Compressor House,Delta Mech Services,WLD-018,Day,Alloy Steel P91,12.0,7.1,3G,RT,Accept,,0.0,0.0
2025-08-14,J-02494,"20""-NG-1019",Utility Tie-in,Meridian Fabricators,WLD-010,Day,Stainless 304L,20.0,8.0,2G,UT,Accept,,0.0,0.0
2025-08-14,J-02027,"3""-CW-1114",Cold Box,Meridian Fabricators,WLD-013,Day,Carbon Steel A106-B,3.0,10.6,1G,RT,Reject,Excess Reinforcement,4614.0,4.9
2025-08-14,J-02218,"4""-NG-1009",Utility Tie-in,Anchor Piping Works,WLD-002,Day,Alloy Steel P91,4.0,13.8,6G,RT,Accept,,0.0,0.0
2025-08-14,J-01423,"8""-CW-1256",Compressor House,Meridian Fabricators,WLD-007,Night,Carbon Steel A106-B,8.0,9.4,2G,RT,Reject,Lack of Fusion,4277.0,4.5
2025-08-15,J-01092,"6""-PW-1309",Pipe Rack A,Anchor Piping Works,WLD-005,Night,Stainless 304L,6.0,12.8,5G,RT,Accept,,0.0,0.0
2025-08-15,J-01888,"4""-CW-1078",TSA Unit,Delta Mech Services,WLD-012,Day,Alloy Steel P91,4.0,7.6,5G,RT,Accept,,0.0,0.0
2025-08-15,J-02608,"16""-NG-1374",TSA Unit,Delta Mech Services,WLD-015,Day,Carbon Steel A106-B,16.0,19.8,3G,RT,Reject,Incomplete Penetration,7929.0,8.3
2025-08-15,J-02183,"2""-NG-1067",TSA Unit,Meridian Fabricators,WLD-016,Day,Stainless 304L,2.0,8.7,2G,MPT,Accept,,0.0,0.0
2025-08-15,J-02238,"6""-FW-1276",Cold Box,Anchor Piping Works,WLD-002,Day,Alloy Steel P91,6.0,11.5,3G,RT,Accept,,0.0,0.0
2025-08-15,J-02763,"3""-PW-1361",Utility Tie-in,Meridian Fabricators,WLD-013,Day,Carbon Steel A106-B,3.0,17.5,1G,UT,Accept,,0.0,0.0
2025-08-15,J-02103,"4""-PW-1049",Cooling Water Package,Anchor Piping Works,WLD-026,Night,Carbon Steel A106-B,4.0,14.9,5G,UT,Accept,,0.0,0.0
2025-08-16,J-02519,"16""-CW-1167",Pipe Rack A,Anchor Piping Works,WLD-002,Day,Carbon Steel A106-B,16.0,10.2,5G,RT,Accept,,0.0,0.0
2025-08-16,J-01003,"8""-IA-1226",Compressor House,Delta Mech Services,WLD-015,Day,Carbon Steel A106-B,8.0,20.8,1G,UT,Accept,,0.0,0.0
2025-08-16,J-01488,"20""-FW-1216",TSA Unit,Meridian Fabricators,WLD-013,Night,Carbon Steel A106-B,20.0,13.4,3G,UT,Reject,Porosity,7278.0,7.7
2025-08-16,J-01284,"6""-CW-1399",Pipe Rack A,Delta Mech Services,WLD-021,Day,Alloy Steel P91,6.0,18.9,6G,UT,Accept,,0.0,0.0
2025-08-16,J-02384,"3""-PW-1163",Compressor House,Meridian Fabricators,WLD-022,Day,Carbon Steel A106-B,3.0,6.8,1G,MPT,Accept,,0.0,0.0
2025-08-16,J-02491,"8""-PW-1187",Cooling Water Package,Meridian Fabricators,WLD-019,Night,Carbon Steel A106-B,8.0,19.8,2G,RT,Reject,Undercut,6197.0,6.5
2025-08-16,J-02603,"2""-FW-1241",Pipe Rack B,Anchor Piping Works,WLD-008,Day,Alloy Steel P91,2.0,16.9,1G,RT,Accept,,0.0,0.0
2025-08-17,J-01157,"8""-PW-1395",Pipe Rack A,Meridian Fabricators,WLD-022,Day,Carbon Steel A106-B,8.0,16.1,1G,RT,Accept,,0.0,0.0
2025-08-17,J-01457,"4""-PW-1343",TSA Unit,Meridian Fabricators,WLD-001,Day,Carbon Steel A106-B,4.0,16.9,2G,MPT,Accept,,0.0,0.0
2025-08-17,J-01029,"6""-CW-1202",Cold Box,Meridian Fabricators,WLD-022,Day,Carbon Steel A106-B,6.0,9.0,3G,UT,Accept,,0.0,0.0
2025-08-17,J-02663,"4""-CW-1331",TSA Unit,Anchor Piping Works,WLD-026,Day,Carbon Steel A106-B,4.0,12.1,1G,RT,Accept,,0.0,0.0
2025-08-17,J-02187,"16""-NG-1186",Cooling Water Package,Meridian Fabricators,WLD-022,Day,Carbon Steel A106-B,16.0,23.1,3G,RT,Accept,,0.0,0.0
2025-08-17,J-02111,"20""-CW-1245",Compressor House,Anchor Piping Works,WLD-008,Day,Alloy Steel P91,20.0,25.3,2G,MPT,Accept,,0.0,0.0
2025-08-17,J-01724,"6""-IA-1038",Cooling Water Package,Meridian Fabricators,WLD-019,Night,Carbon Steel A106-B,6.0,19.7,1G,RT,Accept,,0.0,0.0
2025-08-17,J-02625,"8""-CW-1115",Cooling Water Package,Delta Mech Services,WLD-027,Day,Carbon Steel A106-B,8.0,25.0,6G,UT,Accept,,0.0,0.0
2025-08-18,J-02102,"2""-NG-1389",Compressor House,Meridian Fabricators,WLD-022,Day,Carbon Steel A106-B,2.0,5.0,2G,RT,Accept,,0.0,0.0
2025-08-18,J-02676,"3""-IA-1317",Pipe Rack A,Anchor Piping Works,WLD-011,Day,Carbon Steel A106-B,3.0,9.5,2G,UT,Accept,,0.0,0.0
2025-08-18,J-01955,"10""-NG-1021",Pipe Rack B,Meridian Fabricators,WLD-022,Day,Carbon Steel A106-B,10.0,11.5,3G,MPT,Accept,,0.0,0.0
2025-08-18,J-01315,"20""-PW-1282",Cooling Water Package,Anchor Piping Works,WLD-026,Day,Carbon Steel A106-B,20.0,8.2,1G,RT,Accept,,0.0,0.0
2025-08-18,J-01960,"8""-CW-1011",Pipe Rack A,Meridian Fabricators,WLD-019,Day,Carbon Steel A106-B,8.0,25.4,2G,RT,Accept,,0.0,0.0
2025-08-18,J-01320,"10""-CW-1001",Pipe Rack B,Meridian Fabricators,WLD-028,Day,Alloy Steel P91,10.0,22.9,1G,MPT,Accept,,0.0,0.0
2025-08-18,J-01061,"12""-FW-1096",Pipe Rack A,Meridian Fabricators,WLD-010,Day,Stainless 304L,12.0,24.3,2G,UT,Accept,,0.0,0.0
2025-08-18,J-02089,"12""-CW-1338",Cooling Water Package,Delta Mech Services,WLD-012,Day,Stainless 304L,12.0,4.5,2G,DPT,Accept,,0.0,0.0
2025-08-19,J-01084,"20""-FW-1293",Utility Tie-in,Anchor Piping Works,WLD-005,Day,Carbon Steel A106-B,20.0,8.6,6G,MPT,Accept,,0.0,0.0
2025-08-19,J-01884,"3""-FW-1016",Compressor House,Meridian Fabricators,WLD-004,Day,Stainless 304L,3.0,5.1,5G,RT,Accept,,0.0,0.0
2025-08-19,J-02987,"16""-PW-1340",Cooling Water Package,Anchor Piping Works,WLD-005,Day,Alloy Steel P91,16.0,25.7,3G,DPT,Accept,,0.0,0.0
2025-08-19,J-02446,"2""-FW-1095",Utility Tie-in,Meridian Fabricators,WLD-013,Day,Stainless 304L,2.0,5.4,6G,RT,Accept,,0.0,0.0
2025-08-19,J-01366,"20""-CW-1052",Pipe Rack A,Delta Mech Services,WLD-003,Night,Alloy Steel P91,20.0,13.6,1G,DPT,Accept,,0.0,0.0
2025-08-20,J-01766,"10""-NG-1273",TSA Unit,Delta Mech Services,WLD-015,Day,Carbon Steel A106-B,10.0,10.5,1G,DPT,Accept,,0.0,0.0
2025-08-20,J-02906,"6""-CW-1006",Utility Tie-in,Anchor Piping Works,WLD-014,Day,Carbon Steel A106-B,6.0,7.1,2G,UT,Accept,,0.0,0.0
2025-08-20,J-02199,"8""-PW-1357",TSA Unit,Meridian Fabricators,WLD-019,Day,Carbon Steel A106-B,8.0,13.7,1G,RT,Reject,Incomplete Penetration,4573.0,4.8
2025-08-20,J-01655,"10""-NG-1163",Cooling Water Package,Delta Mech Services,WLD-003,Day,Stainless 304L,10.0,9.8,2G,MPT,Accept,,0.0,0.0
2025-08-20,J-01496,"6""-NG-1200",Utility Tie-in,Meridian Fabricators,WLD-013,Day,Stainless 304L,6.0,23.5,1G,RT,Accept,,0.0,0.0
2025-08-20,J-02337,"20""-PW-1001",Pipe Rack B,Meridian Fabricators,WLD-016,Day,Carbon Steel A106-B,20.0,14.1,1G,RT,Accept,,0.0,0.0
2025-08-20,J-01406,"4""-PW-1072",Utility Tie-in,Meridian Fabricators,WLD-028,Day,Carbon Steel A106-B,4.0,4.2,6G,RT,Reject,Lack of Fusion,2082.0,2.2
2025-08-20,J-02379,"10""-NG-1328",Compressor House,Meridian Fabricators,WLD-007,Day,Carbon Steel A106-B,10.0,6.7,3G,UT,Accept,,0.0,0.0
2025-08-20,J-01918,"8""-CW-1334",Cold Box,Anchor Piping Works,WLD-008,Day,Alloy Steel P91,8.0,24.2,2G,RT,Accept,,0.0,0.0
2025-08-20,J-01445,"8""-FW-1106",Compressor House,Delta Mech Services,WLD-003,Day,Carbon Steel A106-B,8.0,8.3,6G,MPT,Accept,,0.0,0.0
2025-08-20,J-01305,"8""-NG-1028",Pipe Rack A,Delta Mech Services,WLD-024,Day,Alloy Steel P91,8.0,9.3,1G,MPT,Accept,,0.0,0.0
2025-08-21,J-01592,"4""-NG-1220",Pipe Rack B,Anchor Piping Works,WLD-020,Night,Carbon Steel A106-B,4.0,11.3,1G,UT,Accept,,0.0,0.0
2025-08-21,J-02910,"16""-PW-1110",Cold Box,Meridian Fabricators,WLD-022,Day,Alloy Steel P91,16.0,19.8,5G,UT,Reject,Slag Inclusion,6603.0,7.0
2025-08-21,J-01149,"8""-PW-1121",Cold Box,Delta Mech Services,WLD-021,Night,Stainless 304L,8.0,22.8,5G,RT,Accept,,0.0,0.0
2025-08-21,J-01569,"8""-IA-1220",Compressor House,Meridian Fabricators,WLD-028,Night,Alloy Steel P91,8.0,5.2,1G,UT,Accept,,0.0,0.0
2025-08-21,J-01001,"4""-CW-1336",Cold Box,Meridian Fabricators,WLD-010,Night,Carbon Steel A106-B,4.0,22.3,3G,MPT,Accept,,0.0,0.0
2025-08-21,J-02998,"8""-IA-1065",TSA Unit,Anchor Piping Works,WLD-026,Day,Stainless 304L,8.0,17.6,1G,UT,Accept,,0.0,0.0
2025-08-21,J-01778,"8""-NG-1374",Utility Tie-in,Anchor Piping Works,WLD-005,Day,Stainless 304L,8.0,25.8,2G,UT,Accept,,0.0,0.0
2025-08-21,J-01462,"12""-FW-1097",Pipe Rack A,Anchor Piping Works,WLD-020,Day,Stainless 304L,12.0,19.9,1G,MPT,Reject,Undercut,7692.0,8.1
2025-08-21,J-01523,"6""-CW-1194",TSA Unit,Meridian Fabricators,WLD-019,Day,Carbon Steel A106-B,6.0,10.6,1G,UT,Accept,,0.0,0.0
2025-08-21,J-02762,"8""-PW-1262",Compressor House,Delta Mech Services,WLD-018,Day,Carbon Steel A106-B,8.0,3.9,1G,RT,Accept,,0.0,0.0
2025-08-22,J-01153,"10""-PW-1096",Cooling Water Package,Anchor Piping Works,WLD-023,Day,Carbon Steel A106-B,10.0,5.4,1G,UT,Accept,,0.0,0.0
2025-08-22,J-02561,"8""-NG-1046",TSA Unit,Anchor Piping Works,WLD-026,Night,Stainless 304L,8.0,10.5,6G,MPT,Accept,,0.0,0.0
2025-08-22,J-02869,"3""-IA-1217",Cooling Water Package,Anchor Piping Works,WLD-026,Night,Carbon Steel A106-B,3.0,5.1,6G,RT,Accept,,0.0,0.0
2025-08-22,J-02425,"4""-IA-1299",Cooling Water Package,Delta Mech Services,WLD-021,Day,Alloy Steel P91,4.0,16.1,3G,MPT,Accept,,0.0,0.0
2025-08-22,J-03008,"16""-NG-1106",Cold Box,Anchor Piping Works,WLD-005,Day,Carbon Steel A106-B,16.0,19.4,2G,RT,Accept,,0.0,0.0
2025-08-22,J-02420,"2""-FW-1153",Cooling Water Package,Anchor Piping Works,WLD-002,Day,Alloy Steel P91,2.0,16.2,6G,MPT,Accept,,0.0,0.0
2025-08-22,J-02120,"12""-PW-1148",Utility Tie-in,Meridian Fabricators,WLD-028,Day,Stainless 304L,12.0,23.5,2G,UT,Accept,,0.0,0.0
2025-08-22,J-02672,"12""-NG-1135",Cold Box,Delta Mech Services,WLD-021,Day,Carbon Steel A106-B,12.0,23.6,1G,MPT,Accept,,0.0,0.0
2025-08-22,J-01953,"8""-IA-1050",Pipe Rack B,Delta Mech Services,WLD-021,Day,Stainless 304L,8.0,22.6,6G,RT,Accept,,0.0,0.0
2025-08-22,J-01521,"16""-FW-1224",Cold Box,Anchor Piping Works,WLD-011,Day,Carbon Steel A106-B,16.0,17.6,2G,RT,Accept,,0.0,0.0
2025-08-23,J-02997,"10""-IA-1382",Cold Box,Anchor Piping Works,WLD-026,Night,Carbon Steel A106-B,10.0,4.8,1G,RT,Accept,,0.0,0.0
2025-08-23,J-01635,"6""-CW-1068",Pipe Rack A,Anchor Piping Works,WLD-020,Day,Carbon Steel A106-B,6.0,22.4,6G,MPT,Reject,Incomplete Penetration,4898.0,5.2
2025-08-23,J-01198,"10""-NG-1204",Compressor House,Delta Mech Services,WLD-012,Night,Carbon Steel A106-B,10.0,22.7,3G,RT,Accept,,0.0,0.0
2025-08-24,J-02083,"12""-NG-1225",Compressor House,Meridian Fabricators,WLD-001,Day,Carbon Steel A106-B,12.0,22.6,1G,MPT,Accept,,0.0,0.0
2025-08-24,J-02983,"10""-FW-1071",Compressor House,Anchor Piping Works,WLD-023,Night,Carbon Steel A106-B,10.0,9.8,5G,UT,Accept,,0.0,0.0
2025-08-24,J-03051,"10""-CW-1194",Cold Box,Delta Mech Services,WLD-003,Day,Stainless 304L,10.0,12.8,3G,UT,Reject,Slag Inclusion,4574.0,4.8
2025-08-24,J-02834,"4""-CW-1032",Cooling Water Package,Delta Mech Services,WLD-003,Day,Stainless 304L,4.0,25.8,2G,DPT,Reject,Porosity,5485.0,5.8
2025-08-24,J-02236,"3""-IA-1341",Pipe Rack B,Meridian Fabricators,WLD-019,Day,Carbon Steel A106-B,3.0,7.1,1G,RT,Reject,Slag Inclusion,3053.0,3.2
2025-08-25,J-01515,"6""-PW-1033",Cold Box,Anchor Piping Works,WLD-014,Day,Stainless 304L,6.0,5.0,2G,UT,Accept,,0.0,0.0
2025-08-25,J-02682,"8""-CW-1337",Compressor House,Delta Mech Services,WLD-009,Day,Carbon Steel A106-B,8.0,20.7,2G,RT,Accept,,0.0,0.0
2025-08-25,J-02768,"6""-PW-1245",Pipe Rack B,Delta Mech Services,WLD-024,Night,Carbon Steel A106-B,6.0,9.3,5G,MPT,Accept,,0.0,0.0
2025-08-25,J-01509,"8""-NG-1315",Compressor House,Anchor Piping Works,WLD-014,Night,Alloy Steel P91,8.0,17.9,2G,DPT,Accept,,0.0,0.0
2025-08-25,J-02418,"2""-FW-1327",Pipe Rack B,Anchor Piping Works,WLD-020,Night,Stainless 304L,2.0,13.4,1G,RT,Accept,,0.0,0.0
2025-08-25,J-01418,"12""-CW-1346",TSA Unit,Delta Mech Services,WLD-015,Night,Alloy Steel P91,12.0,9.8,2G,UT,Accept,,0.0,0.0
2025-08-26,J-01585,"20""-CW-1377",Cold Box,Meridian Fabricators,WLD-013,Night,Carbon Steel A106-B,20.0,14.3,1G,MPT,Accept,,0.0,0.0
2025-08-26,J-01285,"10""-PW-1009",Pipe Rack A,Delta Mech Services,WLD-018,Day,Carbon Steel A106-B,10.0,8.0,3G,RT,Accept,,0.0,0.0
2025-08-26,J-02141,"3""-CW-1003",Compressor House,Delta Mech Services,WLD-015,Night,Carbon Steel A106-B,3.0,14.4,2G,RT,Reject,Porosity,4784.0,5.0
2025-08-27,J-01984,"2""-FW-1186",Pipe Rack B,Delta Mech Services,WLD-003,Day,Carbon Steel A106-B,2.0,16.0,1G,MPT,Accept,,0.0,0.0
2025-08-27,J-01680,"3""-IA-1067",Compressor House,Delta Mech Services,WLD-021,Day,Carbon Steel A106-B,3.0,14.0,3G,DPT,Accept,,0.0,0.0
2025-08-27,J-02431,"12""-IA-1206",Compressor House,Delta Mech Services,WLD-009,Day,Stainless 304L,12.0,9.7,6G,RT,Accept,,0.0,0.0
2025-08-27,J-01812,"4""-PW-1281",Cold Box,Anchor Piping Works,WLD-014,Day,Alloy Steel P91,4.0,4.5,1G,DPT,Accept,,0.0,0.0
2025-08-27,J-01540,"3""-NG-1175",Pipe Rack B,Delta Mech Services,WLD-003,Day,Alloy Steel P91,3.0,17.2,3G,RT,Accept,,0.0,0.0
2025-08-27,J-02076,"3""-CW-1121",Pipe Rack B,Anchor Piping Works,WLD-011,Night,Alloy Steel P91,3.0,23.3,6G,RT,Reject,Slag Inclusion,4634.0,4.9
2025-08-28,J-02846,"20""-NG-1334",Pipe Rack A,Anchor Piping Works,WLD-023,Night,Stainless 304L,20.0,12.3,5G,DPT,Reject,Porosity,6159.0,6.5
2025-08-28,J-01645,"8""-CW-1250",Compressor House,Meridian Fabricators,WLD-010,Day,Carbon Steel A106-B,8.0,15.4,6G,RT,Reject,Incomplete Penetration,5789.0,6.1
2025-08-28,J-01925,"8""-IA-1097",TSA Unit,Anchor Piping Works,WLD-023,Day,Alloy Steel P91,8.0,22.7,2G,UT,Accept,,0.0,0.0
2025-08-28,J-01254,"8""-NG-1168",TSA Unit,Delta Mech Services,WLD-024,Night,Carbon Steel A106-B,8.0,18.1,1G,DPT,Accept,,0.0,0.0
2025-08-28,J-02819,"10""-FW-1147",Cooling Water Package,Anchor Piping Works,WLD-011,Day,Stainless 304L,10.0,20.6,1G,UT,Accept,,0.0,0.0
2025-08-28,J-02629,"16""-FW-1294",Compressor House,Anchor Piping Works,WLD-005,Day,Carbon Steel A106-B,16.0,9.1,5G,RT,Accept,,0.0,0.0
2025-08-28,J-01304,"12""-FW-1225",Pipe Rack A,Anchor Piping Works,WLD-002,Day,Carbon Steel A106-B,12.0,10.7,3G,MPT,Accept,,0.0,0.0
2025-08-28,J-02562,"20""-IA-1347",Cooling Water Package,Anchor Piping Works,WLD-002,Night,Carbon Steel A106-B,20.0,4.7,6G,RT,Accept,,0.0,0.0
2025-08-28,J-02492,"16""-FW-1311",Cold Box,Delta Mech Services,WLD-012,Day,Carbon Steel A106-B,16.0,24.2,6G,MPT,Reject,Undercut,7166.0,7.5
2025-08-28,J-01900,"2""-PW-1276",Utility Tie-in,Meridian Fabricators,WLD-019,Day,Alloy Steel P91,2.0,10.6,3G,MPT,Accept,,0.0,0.0
2025-08-29,J-01791,"16""-PW-1387",Pipe Rack B,Delta Mech Services,WLD-024,Night,Stainless 304L,16.0,12.3,2G,RT,Accept,,0.0,0.0
2025-08-29,J-01367,"3""-CW-1160",Cold Box,Meridian Fabricators,WLD-028,Day,Carbon Steel A106-B,3.0,8.9,6G,RT,Accept,,0.0,0.0
2025-08-29,J-02486,"24""-FW-1221",Pipe Rack B,Anchor Piping Works,WLD-005,Night,Carbon Steel A106-B,24.0,8.0,3G,MPT,Accept,,0.0,0.0
2025-08-29,J-01524,"10""-NG-1286",Cooling Water Package,Meridian Fabricators,WLD-004,Night,Stainless 304L,10.0,6.6,2G,RT,Accept,,0.0,0.0
2025-08-29,J-02868,"2""-FW-1334",Pipe Rack B,Anchor Piping Works,WLD-008,Night,Carbon Steel A106-B,2.0,9.0,6G,MPT,Reject,Crack,3596.0,3.8
2025-08-29,J-02303,"3""-FW-1175",Cooling Water Package,Meridian Fabricators,WLD-007,Night,Carbon Steel A106-B,3.0,15.7,3G,RT,Accept,,0.0,0.0
2025-08-29,J-02901,"12""-PW-1397",Pipe Rack B,Delta Mech Services,WLD-015,Night,Carbon Steel A106-B,12.0,22.5,1G,MPT,Reject,Undercut,6643.0,7.0
2025-08-29,J-02001,"6""-PW-1132",Pipe Rack B,Delta Mech Services,WLD-003,Night,Carbon Steel A106-B,6.0,3.9,2G,RT,Accept,,0.0,0.0
2025-08-29,J-02648,"8""-NG-1206",Pipe Rack B,Anchor Piping Works,WLD-020,Day,Stainless 304L,8.0,9.2,3G,UT,Accept,,0.0,0.0
2025-08-29,J-02178,"3""-CW-1268",Utility Tie-in,Meridian Fabricators,WLD-010,Night,Stainless 304L,3.0,25.5,2G,RT,Accept,,0.0,0.0
2025-08-30,J-02055,"10""-IA-1303",Pipe Rack A,Meridian Fabricators,WLD-028,Night,Carbon Steel A106-B,10.0,9.8,1G,UT,Accept,,0.0,0.0
2025-08-30,J-01359,"2""-IA-1002",Pipe Rack B,Meridian Fabricators,WLD-028,Night,Carbon Steel A106-B,2.0,4.3,1G,UT,Accept,,0.0,0.0
2025-08-30,J-01303,"8""-FW-1298",Pipe Rack B,Delta Mech Services,WLD-012,Night,Stainless 304L,8.0,10.0,3G,DPT,Reject,Slag Inclusion,5529.0,5.8
2025-08-30,J-02304,"4""-CW-1016",Pipe Rack B,Anchor Piping Works,WLD-002,Night,Stainless 304L,4.0,24.5,3G,RT,Accept,,0.0,0.0
2025-08-30,J-02992,"4""-NG-1286",Utility Tie-in,Meridian Fabricators,WLD-010,Night,Carbon Steel A106-B,4.0,19.6,2G,RT,Accept,,0.0,0.0
2025-08-30,J-02569,"4""-FW-1185",Compressor House,Anchor Piping Works,WLD-014,Night,Carbon Steel A106-B,4.0,23.9,3G,MPT,Accept,,0.0,0.0
2025-08-30,J-02738,"24""-NG-1349",Utility Tie-in,Meridian Fabricators,WLD-025,Day,Carbon Steel A106-B,24.0,5.5,6G,MPT,Accept,,0.0,0.0
2025-08-30,J-01858,"8""-IA-1263",Cold Box,Delta Mech Services,WLD-006,Night,Alloy Steel P91,8.0,24.2,1G,UT,Accept,,0.0,0.0
2025-08-30,J-01479,"2""-PW-1100",Pipe Rack B,Meridian Fabricators,WLD-010,Day,Carbon Steel A106-B,2.0,11.3,2G,UT,Accept,,0.0,0.0
2025-08-30,J-02793,"6""-FW-1112",Cooling Water Package,Anchor Piping Works,WLD-002,Day,Carbon Steel A106-B,6.0,21.5,1G,RT,Reject,Undercut,4423.0,4.7
2025-08-31,J-01765,"10""-FW-1361",Cold Box,Meridian Fabricators,WLD-010,Night,Carbon Steel A106-B,10.0,25.5,1G,RT,Accept,,0.0,0.0
2025-08-31,J-02087,"2""-NG-1265",TSA Unit,Delta Mech Services,WLD-018,Day,Carbon Steel A106-B,2.0,7.6,1G,RT,Accept,,0.0,0.0
2025-08-31,J-01654,"6""-FW-1298",Cooling Water Package,Anchor Piping Works,WLD-014,Day,Stainless 304L,6.0,9.9,3G,RT,Accept,,0.0,0.0
2025-08-31,J-01671,"4""-PW-1136",Pipe Rack B,Anchor Piping Works,WLD-005,Day,Carbon Steel A106-B,4.0,9.8,6G,MPT,Accept,,0.0,0.0
2025-08-31,J-01944,"2""-IA-1371",Compressor House,Delta Mech Services,WLD-003,Day,Carbon Steel A106-B,2.0,14.2,5G,UT,Accept,,0.0,0.0
2025-08-31,J-02407,"3""-FW-1152",Cooling Water Package,Delta Mech Services,WLD-006,Day,Alloy Steel P91,3.0,6.7,2G,RT,Accept,,0.0,0.0
2025-09-01,J-02733,"12""-CW-1283",Compressor House,Delta Mech Services,WLD-027,Day,Carbon Steel A106-B,12.0,24.4,3G,RT,Accept,,0.0,0.0
2025-09-01,J-01763,"6""-FW-1117",Pipe Rack B,Anchor Piping Works,WLD-002,Day,Carbon Steel A106-B,6.0,14.1,3G,RT,Accept,,0.0,0.0
2025-09-01,J-02201,"16""-PW-1153",Utility Tie-in,Meridian Fabricators,WLD-007,Day,Carbon Steel A106-B,16.0,9.2,1G,RT,Reject,Porosity,6417.0,6.8
2025-09-01,J-01396,"8""-FW-1054",Compressor House,Meridian Fabricators,WLD-004,Day,Carbon Steel A106-B,8.0,10.8,3G,DPT,Accept,,0.0,0.0
2025-09-01,J-03032,"6""-NG-1202",Pipe Rack B,Delta Mech Services,WLD-012,Night,Stainless 304L,6.0,22.9,3G,RT,Accept,,0.0,0.0
2025-09-01,J-02410,"16""-CW-1302",Compressor House,Anchor Piping Works,WLD-026,Night,Carbon Steel A106-B,16.0,14.5,3G,DPT,Accept,,0.0,0.0
2025-09-01,J-02748,"10""-IA-1033",Cold Box,Meridian Fabricators,WLD-007,Night,Alloy Steel P91,10.0,7.3,2G,RT,Reject,Incomplete Penetration,4442.0,4.7
2025-09-02,J-01392,"6""-NG-1282",Compressor House,Meridian Fabricators,WLD-007,Day,Carbon Steel A106-B,6.0,17.2,1G,RT,Reject,Incomplete Penetration,5251.0,5.5
2025-09-02,J-02737,"16""-NG-1117",Compressor House,Meridian Fabricators,WLD-016,Night,Alloy Steel P91,16.0,20.3,1G,RT,Accept,,0.0,0.0
2025-09-02,J-01113,"6""-PW-1305",Cold Box,Delta Mech Services,WLD-003,Day,Alloy Steel P91,6.0,5.0,5G,UT,Accept,,0.0,0.0
2025-09-02,J-02302,"4""-NG-1116",Cooling Water Package,Meridian Fabricators,WLD-004,Day,Carbon Steel A106-B,4.0,6.7,2G,RT,Accept,,0.0,0.0
2025-09-02,J-01078,"2""-FW-1283",Cold Box,Delta Mech Services,WLD-012,Day,Carbon Steel A106-B,2.0,7.6,2G,RT,Accept,,0.0,0.0
2025-09-02,J-02333,"12""-PW-1338",Cold Box,Delta Mech Services,WLD-006,Day,Carbon Steel A106-B,12.0,19.4,6G,RT,Reject,Porosity,6165.0,6.5
2025-09-02,J-01172,"12""-CW-1263",TSA Unit,Anchor Piping Works,WLD-023,Night,Alloy Steel P91,12.0,11.3,2G,RT,Accept,,0.0,0.0
2025-09-03,J-01534,"6""-FW-1348",Pipe Rack A,Delta Mech Services,WLD-006,Day,Stainless 304L,6.0,5.0,3G,DPT,Accept,,0.0,0.0
2025-09-03,J-01368,"3""-IA-1249",Pipe Rack B,Delta Mech Services,WLD-018,Night,Stainless 304L,3.0,11.0,6G,RT,Accept,,0.0,0.0
2025-09-03,J-01516,"12""-PW-1397",Pipe Rack A,Meridian Fabricators,WLD-022,Day,Alloy Steel P91,12.0,11.5,2G,RT,Accept,,0.0,0.0
2025-09-03,J-02632,"6""-IA-1066",Pipe Rack B,Meridian Fabricators,WLD-022,Day,Carbon Steel A106-B,6.0,11.6,2G,UT,Accept,,0.0,0.0
2025-09-03,J-02579,"4""-PW-1301",Pipe Rack B,Delta Mech Services,WLD-021,Day,Alloy Steel P91,4.0,15.9,3G,UT,Accept,,0.0,0.0
2025-09-03,J-02197,"24""-PW-1107",Utility Tie-in,Anchor Piping Works,WLD-020,Day,Alloy Steel P91,24.0,14.6,5G,DPT,Accept,,0.0,0.0
2025-09-03,J-02598,"3""-FW-1319",Cooling Water Package,Meridian Fabricators,WLD-019,Day,Alloy Steel P91,3.0,19.2,6G,UT,Accept,,0.0,0.0
2025-09-04,J-02370,"8""-CW-1313",Cold Box,Delta Mech Services,WLD-012,Night,Stainless 304L,8.0,9.0,1G,RT,Reject,Undercut,4399.0,4.6
2025-09-04,J-02892,"6""-IA-1295",Pipe Rack A,Anchor Piping Works,WLD-023,Day,Stainless 304L,6.0,8.8,1G,RT,Reject,Incomplete Penetration,3119.0,3.3
2025-09-04,J-02019,"4""-IA-1132",Cold Box,Delta Mech Services,WLD-009,Day,Carbon Steel A106-B,4.0,14.3,1G,UT,Accept,,0.0,0.0
2025-09-04,J-01124,"2""-FW-1244",Cold Box,Anchor Piping Works,WLD-005,Day,Alloy Steel P91,2.0,11.8,1G,RT,Accept,,0.0,0.0
2025-09-04,J-01933,"4""-CW-1218",TSA Unit,Delta Mech Services,WLD-018,Day,Carbon Steel A106-B,4.0,14.9,2G,RT,Accept,,0.0,0.0
2025-09-04,J-01929,"4""-FW-1348",TSA Unit,Delta Mech Services,WLD-006,Day,Alloy Steel P91,4.0,12.9,2G,RT,Accept,,0.0,0.0
2025-09-04,J-02095,"20""-FW-1321",Pipe Rack B,Anchor Piping Works,WLD-026,Day,Carbon Steel A106-B,20.0,23.1,1G,RT,Accept,,0.0,0.0
2025-09-05,J-01712,"4""-PW-1101",Utility Tie-in,Meridian Fabricators,WLD-001,Night,Carbon Steel A106-B,4.0,14.6,1G,DPT,Reject,Slag Inclusion,5159.0,5.4
2025-09-05,J-01048,"6""-CW-1126",Compressor House,Anchor Piping Works,WLD-011,Night,Stainless 304L,6.0,15.4,2G,DPT,Accept,,0.0,0.0
2025-09-05,J-01780,"6""-FW-1090",Cold Box,Delta Mech Services,WLD-024,Day,Alloy Steel P91,6.0,12.0,1G,UT,Reject,Lack of Fusion,4338.0,4.6
2025-09-05,J-02544,"8""-FW-1250",Utility Tie-in,Anchor Piping Works,WLD-017,Day,Alloy Steel P91,8.0,6.1,5G,RT,Accept,,0.0,0.0
2025-09-05,J-01691,"4""-FW-1159",Pipe Rack B,Delta Mech Services,WLD-003,Day,Stainless 304L,4.0,6.2,2G,RT,Accept,,0.0,0.0
2025-09-05,J-02746,"4""-FW-1131",Cooling Water Package,Anchor Piping Works,WLD-017,Day,Alloy Steel P91,4.0,22.4,5G,MPT,Reject,Slag Inclusion,4490.0,4.7
2025-09-05,J-02626,"3""-IA-1098",TSA Unit,Meridian Fabricators,WLD-013,Day,Carbon Steel A106-B,3.0,25.1,3G,RT,Accept,,0.0,0.0
2025-09-06,J-01244,"24""-FW-1195",Cold Box,Meridian Fabricators,WLD-016,Night,Carbon Steel A106-B,24.0,13.1,1G,UT,Accept,,0.0,0.0
2025-09-06,J-02627,"8""-NG-1144",TSA Unit,Anchor Piping Works,WLD-023,Night,Carbon Steel A106-B,8.0,8.5,2G,RT,Reject,Undercut,4812.0,5.1
2025-09-06,J-01178,"8""-IA-1179",Utility Tie-in,Delta Mech Services,WLD-024,Day,Stainless 304L,8.0,15.4,3G,DPT,Accept,,0.0,0.0
2025-09-06,J-03088,"20""-NG-1144",Compressor House,Delta Mech Services,WLD-024,Day,Stainless 304L,20.0,14.8,1G,UT,Reject,Slag Inclusion,7692.0,8.1
2025-09-06,J-02132,"20""-FW-1004",Pipe Rack A,Delta Mech Services,WLD-006,Night,Carbon Steel A106-B,20.0,22.2,1G,RT,Accept,,0.0,0.0
2025-09-06,J-01500,"3""-FW-1253",Compressor House,Meridian Fabricators,WLD-022,Day,Stainless 304L,3.0,11.9,3G,UT,Accept,,0.0,0.0
2025-09-06,J-01346,"8""-NG-1041",Cooling Water Package,Delta Mech Services,WLD-024,Night,Alloy Steel P91,8.0,9.5,2G,MPT,Accept,,0.0,0.0
2025-09-06,J-02796,"20""-PW-1357",Utility Tie-in,Delta Mech Services,WLD-009,Day,Stainless 304L,20.0,13.2,5G,UT,Accept,,0.0,0.0
2025-09-06,J-01494,"4""-FW-1239",Cooling Water Package,Meridian Fabricators,WLD-007,Day,Stainless 304L,4.0,18.9,3G,UT,Reject,Lack of Fusion,4616.0,4.9
2025-09-06,J-02340,"16""-PW-1290",Cooling Water Package,Delta Mech Services,WLD-015,Day,Carbon Steel A106-B,16.0,15.8,1G,RT,Accept,,0.0,0.0
2025-09-07,J-02943,"10""-CW-1122",Pipe Rack B,Meridian Fabricators,WLD-028,Night,Alloy Steel P91,10.0,19.5,5G,RT,Accept,,0.0,0.0
2025-09-07,J-02301,"12""-PW-1144",Cooling Water Package,Meridian Fabricators,WLD-010,Day,Carbon Steel A106-B,12.0,23.2,1G,UT,Accept,,0.0,0.0
2025-09-07,J-02573,"4""-CW-1124",Pipe Rack A,Meridian Fabricators,WLD-004,Day,Carbon Steel A106-B,4.0,16.9,5G,RT,Reject,Porosity,4666.0,4.9
2025-09-07,J-02536,"6""-CW-1058",Pipe Rack B,Meridian Fabricators,WLD-001,Night,Carbon Steel A106-B,6.0,9.9,2G,RT,Accept,,0.0,0.0
2025-09-07,J-01280,"10""-IA-1261",Cooling Water Package,Delta Mech Services,WLD-024,Night,Alloy Steel P91,10.0,18.8,1G,MPT,Accept,,0.0,0.0
2025-09-07,J-01681,"8""-NG-1250",Cooling Water Package,Anchor Piping Works,WLD-017,Night,Carbon Steel A106-B,8.0,17.8,1G,RT,Accept,,0.0,0.0
2025-09-07,J-01800,"2""-CW-1088",Pipe Rack B,Delta Mech Services,WLD-027,Day,Carbon Steel A106-B,2.0,11.8,1G,MPT,Accept,,0.0,0.0
2025-09-07,J-01175,"10""-NG-1371",Compressor House,Delta Mech Services,WLD-012,Day,Carbon Steel A106-B,10.0,17.9,1G,DPT,Accept,,0.0,0.0
2025-09-07,J-02495,"10""-NG-1300",Cooling Water Package,Meridian Fabricators,WLD-028,Night,Carbon Steel A106-B,10.0,17.4,1G,RT,Accept,,0.0,0.0
2025-09-09,J-01168,"6""-FW-1298",Pipe Rack A,Meridian Fabricators,WLD-022,Night,Stainless 304L,6.0,23.3,1G,MPT,Accept,,0.0,0.0
2025-09-09,J-02679,"2""-IA-1374",Pipe Rack B,Delta Mech Services,WLD-003,Day,Alloy Steel P91,2.0,14.6,3G,MPT,Accept,,0.0,0.0
2025-09-09,J-01145,"20""-NG-1248",TSA Unit,Meridian Fabricators,WLD-019,Day,Stainless 304L,20.0,11.6,1G,MPT,Reject,Porosity,7699.0,8.1
2025-09-09,J-02426,"6""-CW-1334",Compressor House,Meridian Fabricators,WLD-025,Night,Carbon Steel A106-B,6.0,4.9,5G,DPT,Accept,,0.0,0.0
2025-09-09,J-01314,"16""-CW-1385",Pipe Rack A,Delta Mech Services,WLD-009,Day,Carbon Steel A106-B,16.0,24.1,1G,DPT,Accept,,0.0,0.0
2025-09-09,J-02046,"24""-NG-1210",TSA Unit,Meridian Fabricators,WLD-028,Day,Alloy Steel P91,24.0,13.1,5G,UT,Accept,,0.0,0.0
2025-09-09,J-02935,"12""-IA-1092",Cold Box,Anchor Piping Works,WLD-017,Day,Carbon Steel A106-B,12.0,14.3,2G,RT,Accept,,0.0,0.0
2025-09-09,J-02839,"6""-NG-1125",Pipe Rack A,Anchor Piping Works,WLD-005,Day,Carbon Steel A106-B,6.0,8.5,2G,RT,Accept,,0.0,0.0
2025-09-09,J-01249,"10""-NG-1073",Pipe Rack B,Meridian Fabricators,WLD-001,Day,Carbon Steel A106-B,10.0,5.9,1G,DPT,Accept,,0.0,0.0
2025-09-09,J-02034,"2""-PW-1323",Cooling Water Package,Meridian Fabricators,WLD-007,Day,Carbon Steel A106-B,2.0,24.3,6G,UT,Reject,Undercut,4476.0,4.7
2025-09-10,J-02833,"8""-NG-1185",Pipe Rack A,Meridian Fabricators,WLD-019,Day,Carbon Steel A106-B,8.0,9.9,5G,DPT,Accept,,0.0,0.0
2025-09-10,J-01259,"2""-IA-1349",Pipe Rack A,Meridian Fabricators,WLD-007,Day,Alloy Steel P91,2.0,9.7,3G,UT,Accept,,0.0,0.0
2025-09-10,J-02842,"2""-NG-1386",Utility Tie-in,Delta Mech Services,WLD-009,Day,Alloy Steel P91,2.0,7.9,1G,UT,Accept,,0.0,0.0
2025-09-10,J-02547,"10""-CW-1188",Compressor House,Meridian Fabricators,WLD-010,Day,Stainless 304L,10.0,23.4,2G,MPT,Accept,,0.0,0.0
2025-09-10,J-02867,"2""-NG-1165",Utility Tie-in,Anchor Piping Works,WLD-014,Night,Alloy Steel P91,2.0,10.8,2G,RT,Accept,,0.0,0.0
2025-09-10,J-01804,"12""-PW-1078",Pipe Rack B,Anchor Piping Works,WLD-002,Day,Carbon Steel A106-B,12.0,16.6,6G,RT,Accept,,0.0,0.0
2025-09-10,J-02722,"6""-FW-1392",Compressor House,Meridian Fabricators,WLD-007,Night,Alloy Steel P91,6.0,8.9,6G,DPT,Reject,Incomplete Penetration,3373.0,3.6
2025-09-10,J-01044,"4""-CW-1260",Compressor House,Meridian Fabricators,WLD-022,Day,Carbon Steel A106-B,4.0,16.7,3G,DPT,Accept,,0.0,0.0
2025-09-10,J-02161,"2""-FW-1041",Compressor House,Meridian Fabricators,WLD-010,Day,Carbon Steel A106-B,2.0,8.8,6G,MPT,Reject,Crack,3027.0,3.2
2025-09-11,J-02395,"16""-IA-1279",Utility Tie-in,Delta Mech Services,WLD-018,Day,Stainless 304L,16.0,13.7,3G,DPT,Accept,,0.0,0.0
2025-09-11,J-02775,"4""-PW-1307",Compressor House,Meridian Fabricators,WLD-016,Day,Stainless 304L,4.0,17.8,2G,DPT,Accept,,0.0,0.0
2025-09-11,J-02559,"6""-PW-1286",Utility Tie-in,Anchor Piping Works,WLD-020,Day,Alloy Steel P91,6.0,10.1,2G,RT,Accept,,0.0,0.0
2025-09-11,J-02777,"12""-CW-1188",Pipe Rack B,Anchor Piping Works,WLD-011,Night,Stainless 304L,12.0,5.5,3G,MPT,Accept,,0.0,0.0
2025-09-11,J-02606,"2""-PW-1249",Cooling Water Package,Meridian Fabricators,WLD-028,Night,Stainless 304L,2.0,8.3,5G,RT,Accept,,0.0,0.0
2025-09-11,J-01000,"6""-IA-1052",Utility Tie-in,Anchor Piping Works,WLD-005,Night,Stainless 304L,6.0,14.3,3G,RT,Accept,,0.0,0.0
2025-09-11,J-02044,"6""-FW-1098",Pipe Rack B,Delta Mech Services,WLD-024,Day,Carbon Steel A106-B,6.0,16.8,2G,MPT,Accept,,0.0,0.0
2025-09-11,J-01813,"10""-FW-1072",Utility Tie-in,Meridian Fabricators,WLD-007,Night,Stainless 304L,10.0,11.9,5G,MPT,Reject,Porosity,5123.0,5.4
2025-09-11,J-02439,"4""-NG-1290",Cooling Water Package,Meridian Fabricators,WLD-022,Day,Carbon Steel A106-B,4.0,14.7,5G,UT,Accept,,0.0,0.0
2025-09-12,J-02126,"12""-PW-1145",Pipe Rack A,Delta Mech Services,WLD-003,Night,Stainless 304L,12.0,13.8,3G,RT,Accept,,0.0,0.0
2025-09-12,J-02414,"8""-IA-1166",Compressor House,Meridian Fabricators,WLD-010,Night,Stainless 304L,8.0,14.4,5G,UT,Accept,,0.0,0.0
2025-09-12,J-01745,"4""-CW-1128",Pipe Rack A,Anchor Piping Works,WLD-014,Day,Carbon Steel A106-B,4.0,14.4,5G,UT,Accept,,0.0,0.0
2025-09-12,J-01042,"4""-NG-1245",Compressor House,Delta Mech Services,WLD-018,Night,Carbon Steel A106-B,4.0,19.6,5G,RT,Accept,,0.0,0.0
2025-09-12,J-01883,"2""-CW-1246",Cooling Water Package,Anchor Piping Works,WLD-014,Day,Carbon Steel A106-B,2.0,4.7,2G,RT,Accept,,0.0,0.0
2025-09-12,J-01737,"20""-PW-1237",TSA Unit,Delta Mech Services,WLD-006,Day,Carbon Steel A106-B,20.0,11.8,3G,UT,Accept,,0.0,0.0
2025-09-12,J-01513,"3""-NG-1392",Utility Tie-in,Meridian Fabricators,WLD-028,Day,Carbon Steel A106-B,3.0,24.3,1G,RT,Accept,,0.0,0.0
2025-09-12,J-02232,"3""-IA-1048",Pipe Rack A,Anchor Piping Works,WLD-002,Day,Alloy Steel P91,3.0,22.6,6G,MPT,Accept,,0.0,0.0
2025-09-12,J-02700,"3""-PW-1198",Cold Box,Meridian Fabricators,WLD-013,Night,Carbon Steel A106-B,3.0,15.7,6G,MPT,Accept,,0.0,0.0
2025-09-12,J-02070,"12""-IA-1030",TSA Unit,Delta Mech Services,WLD-015,Night,Carbon Steel A106-B,12.0,24.2,6G,RT,Accept,,0.0,0.0
2025-09-12,J-01797,"3""-FW-1019",Cooling Water Package,Anchor Piping Works,WLD-020,Day,Carbon Steel A106-B,3.0,9.3,3G,MPT,Accept,,0.0,0.0
2025-09-13,J-01619,"24""-PW-1374",Utility Tie-in,Delta Mech Services,WLD-021,Day,Alloy Steel P91,24.0,6.8,5G,DPT,Accept,,0.0,0.0
2025-09-13,J-01526,"2""-CW-1229",Cooling Water Package,Anchor Piping Works,WLD-011,Day,Stainless 304L,2.0,15.6,1G,MPT,Accept,,0.0,0.0
2025-09-13,J-02390,"4""-CW-1122",Utility Tie-in,Meridian Fabricators,WLD-007,Day,Carbon Steel A106-B,4.0,5.3,1G,RT,Accept,,0.0,0.0
2025-09-13,J-02174,"16""-IA-1087",TSA Unit,Meridian Fabricators,WLD-016,Day,Stainless 304L,16.0,25.4,2G,RT,Accept,,0.0,0.0
2025-09-13,J-01489,"6""-NG-1336",Cooling Water Package,Anchor Piping Works,WLD-011,Night,Stainless 304L,6.0,7.9,1G,RT,Accept,,0.0,0.0
2025-09-13,J-02930,"10""-IA-1247",Cooling Water Package,Meridian Fabricators,WLD-001,Day,Carbon Steel A106-B,10.0,8.1,3G,UT,Accept,,0.0,0.0
2025-09-13,J-02208,"10""-FW-1077",TSA Unit,Anchor Piping Works,WLD-023,Day,Alloy Steel P91,10.0,20.1,3G,MPT,Accept,,0.0,0.0
2025-09-14,J-01191,"2""-PW-1322",Pipe Rack A,Anchor Piping Works,WLD-005,Day,Carbon Steel A106-B,2.0,5.1,2G,RT,Accept,,0.0,0.0
2025-09-14,J-01517,"4""-NG-1297",Cooling Water Package,Meridian Fabricators,WLD-001,Night,Alloy Steel P91,4.0,4.4,3G,UT,Accept,,0.0,0.0
2025-09-14,J-01013,"12""-PW-1390",Pipe Rack B,Delta Mech Services,WLD-009,Day,Carbon Steel A106-B,12.0,6.3,3G,MPT,Accept,,0.0,0.0
2025-09-14,J-01506,"10""-CW-1090",TSA Unit,Delta Mech Services,WLD-006,Day,Carbon Steel A106-B,10.0,11.8,6G,MPT,Accept,,0.0,0.0
2025-09-14,J-02164,"8""-IA-1094",Pipe Rack A,Delta Mech Services,WLD-018,Night,Carbon Steel A106-B,8.0,25.0,3G,RT,Accept,,0.0,0.0
2025-09-15,J-02444,"4""-PW-1169",Utility Tie-in,Meridian Fabricators,WLD-025,Day,Stainless 304L,4.0,22.7,3G,RT,Accept,,0.0,0.0
2025-09-15,J-03070,"20""-IA-1216",Pipe Rack A,Delta Mech Services,WLD-018,Night,Carbon Steel A106-B,20.0,25.0,5G,UT,Reject,Lack of Fusion,8486.0,8.9
2025-09-15,J-02300,"6""-NG-1118",TSA Unit,Delta Mech Services,WLD-021,Day,Carbon Steel A106-B,6.0,25.0,3G,RT,Accept,,0.0,0.0
2025-09-15,J-02296,"2""-IA-1040",Cold Box,Meridian Fabricators,WLD-016,Day,Stainless 304L,2.0,11.2,1G,UT,Reject,Lack of Fusion,3150.0,3.3
2025-09-15,J-01679,"6""-IA-1192",Pipe Rack A,Meridian Fabricators,WLD-013,Night,Carbon Steel A106-B,6.0,10.1,2G,MPT,Accept,,0.0,0.0
2025-09-15,J-02014,"6""-NG-1066",Pipe Rack B,Meridian Fabricators,WLD-010,Day,Carbon Steel A106-B,6.0,13.8,1G,RT,Accept,,0.0,0.0
2025-09-15,J-02975,"2""-CW-1247",Compressor House,Meridian Fabricators,WLD-028,Night,Alloy Steel P91,2.0,20.0,1G,MPT,Accept,,0.0,0.0
2025-09-15,J-01194,"6""-CW-1244",Utility Tie-in,Delta Mech Services,WLD-009,Day,Carbon Steel A106-B,6.0,19.6,2G,RT,Reject,Lack of Fusion,5082.0,5.3
2025-09-15,J-01261,"16""-NG-1152",Pipe Rack A,Delta Mech Services,WLD-018,Day,Carbon Steel A106-B,16.0,6.6,5G,UT,Accept,,0.0,0.0
2025-09-15,J-02684,"8""-IA-1060",Pipe Rack A,Meridian Fabricators,WLD-019,Night,Carbon Steel A106-B,8.0,19.8,1G,RT,Accept,,0.0,0.0
2025-09-15,J-02707,"6""-IA-1381",Compressor House,Anchor Piping Works,WLD-002,Day,Stainless 304L,6.0,13.4,3G,UT,Accept,,0.0,0.0
2025-09-15,J-02950,"12""-NG-1303",Pipe Rack A,Delta Mech Services,WLD-009,Night,Carbon Steel A106-B,12.0,10.7,3G,RT,Accept,,0.0,0.0
2025-09-16,J-02413,"24""-CW-1382",Cold Box,Meridian Fabricators,WLD-016,Day,Stainless 304L,24.0,18.6,6G,RT,Accept,,0.0,0.0
2025-09-16,J-02991,"3""-PW-1004",Compressor House,Meridian Fabricators,WLD-022,Night,Alloy Steel P91,3.0,7.3,3G,RT,Accept,,0.0,0.0
2025-09-16,J-01420,"8""-NG-1284",Pipe Rack B,Anchor Piping Works,WLD-023,Day,Stainless 304L,8.0,15.2,6G,RT,Reject,Slag Inclusion,4058.0,4.3
2025-09-16,J-02956,"2""-FW-1175",Cold Box,Meridian Fabricators,WLD-007,Day,Carbon Steel A106-B,2.0,24.3,2G,RT,Accept,,0.0,0.0
2025-09-16,J-01625,"6""-CW-1265",TSA Unit,Anchor Piping Works,WLD-026,Day,Alloy Steel P91,6.0,11.5,3G,UT,Accept,,0.0,0.0
2025-09-17,J-01784,"8""-FW-1175",Pipe Rack B,Delta Mech Services,WLD-012,Day,Carbon Steel A106-B,8.0,7.3,5G,RT,Accept,,0.0,0.0
2025-09-17,J-02212,"3""-IA-1102",Cold Box,Meridian Fabricators,WLD-022,Day,Stainless 304L,3.0,20.6,1G,UT,Accept,,0.0,0.0
2025-09-17,J-01633,"2""-NG-1142",Utility Tie-in,Meridian Fabricators,WLD-028,Night,Carbon Steel A106-B,2.0,24.6,1G,RT,Accept,,0.0,0.0
2025-09-17,J-02704,"6""-IA-1373",Cold Box,Anchor Piping Works,WLD-002,Day,Alloy Steel P91,6.0,7.2,6G,UT,Accept,,0.0,0.0
2025-09-17,J-01697,"6""-NG-1289",Utility Tie-in,Delta Mech Services,WLD-015,Day,Carbon Steel A106-B,6.0,4.5,3G,RT,Accept,,0.0,0.0
2025-09-17,J-02936,"6""-FW-1398",Cooling Water Package,Anchor Piping Works,WLD-020,Night,Stainless 304L,6.0,24.7,3G,UT,Accept,,0.0,0.0
2025-09-17,J-01133,"24""-CW-1340",Pipe Rack B,Anchor Piping Works,WLD-002,Day,Stainless 304L,24.0,25.2,1G,UT,Accept,,0.0,0.0
2025-09-18,J-01357,"10""-IA-1178",TSA Unit,Delta Mech Services,WLD-021,Day,Stainless 304L,10.0,25.7,5G,DPT,Accept,,0.0,0.0
2025-09-18,J-01707,"2""-NG-1303",Cooling Water Package,Delta Mech Services,WLD-021,Night,Carbon Steel A106-B,2.0,22.0,2G,UT,Accept,,0.0,0.0
2025-09-18,J-02647,"10""-IA-1184",Pipe Rack A,Delta Mech Services,WLD-009,Day,Carbon Steel A106-B,10.0,15.0,6G,RT,Accept,,0.0,0.0
2025-09-19,J-02596,"10""-PW-1040",Pipe Rack A,Delta Mech Services,WLD-009,Day,Alloy Steel P91,10.0,17.3,1G,RT,Accept,,0.0,0.0
2025-09-19,J-02756,"16""-NG-1271",Pipe Rack B,Meridian Fabricators,WLD-001,Night,Alloy Steel P91,16.0,7.7,1G,RT,Accept,,0.0,0.0
2025-09-19,J-02314,"6""-FW-1214",Pipe Rack B,Anchor Piping Works,WLD-014,Day,Carbon Steel A106-B,6.0,6.8,1G,MPT,Accept,,0.0,0.0
2025-09-19,J-01047,"12""-IA-1212",Utility Tie-in,Meridian Fabricators,WLD-010,Day,Stainless 304L,12.0,16.0,5G,RT,Accept,,0.0,0.0
2025-09-19,J-02469,"6""-NG-1396",Utility Tie-in,Delta Mech Services,WLD-012,Day,Carbon Steel A106-B,6.0,18.6,1G,UT,Accept,,0.0,0.0
2025-09-19,J-02045,"3""-NG-1250",Utility Tie-in,Delta Mech Services,WLD-012,Day,Alloy Steel P91,3.0,19.4,3G,UT,Reject,Porosity,3222.0,3.4
2025-09-19,J-02974,"3""-IA-1053",Compressor House,Delta Mech Services,WLD-018,Day,Carbon Steel A106-B,3.0,11.3,3G,RT,Accept,,0.0,0.0
2025-09-20,J-02476,"16""-NG-1233",Pipe Rack B,Delta Mech Services,WLD-006,Day,Alloy Steel P91,16.0,8.7,5G,DPT,Reject,Porosity,5346.0,5.6
2025-09-20,J-02388,"4""-PW-1012",Cold Box,Delta Mech Services,WLD-006,Night,Carbon Steel A106-B,4.0,15.8,1G,UT,Reject,Porosity,4252.0,4.5
2025-09-20,J-02908,"3""-FW-1148",Pipe Rack A,Anchor Piping Works,WLD-026,Day,Alloy Steel P91,3.0,11.7,3G,DPT,Accept,,0.0,0.0
2025-09-20,J-02282,"8""-NG-1113",Compressor House,Meridian Fabricators,WLD-019,Day,Stainless 304L,8.0,15.3,1G,UT,Accept,,0.0,0.0
2025-09-20,J-02581,"16""-FW-1205",Compressor House,Delta Mech Services,WLD-018,Night,Carbon Steel A106-B,16.0,17.4,1G,RT,Accept,,0.0,0.0
2025-09-21,J-01436,"8""-CW-1178",Pipe Rack B,Meridian Fabricators,WLD-028,Day,Carbon Steel A106-B,8.0,21.8,3G,RT,Accept,,0.0,0.0
2025-09-21,J-01577,"8""-NG-1385",Cooling Water Package,Delta Mech Services,WLD-009,Day,Alloy Steel P91,8.0,13.2,2G,RT,Reject,Porosity,4354.0,4.6
2025-09-21,J-01378,"20""-IA-1206",Utility Tie-in,Meridian Fabricators,WLD-022,Night,Alloy Steel P91,20.0,14.4,5G,MPT,Accept,,0.0,0.0
2025-09-21,J-02584,"2""-NG-1257",Cooling Water Package,Delta Mech Services,WLD-003,Night,Carbon Steel A106-B,2.0,15.9,1G,UT,Accept,,0.0,0.0
2025-09-21,J-01009,"8""-PW-1251",Pipe Rack A,Meridian Fabricators,WLD-016,Night,Stainless 304L,8.0,16.8,5G,RT,Accept,,0.0,0.0
2025-09-21,J-02455,"4""-NG-1386",Pipe Rack B,Delta Mech Services,WLD-027,Day,Carbon Steel A106-B,4.0,7.9,5G,UT,Accept,,0.0,0.0
2025-09-22,J-01504,"16""-PW-1186",Compressor House,Meridian Fabricators,WLD-001,Day,Stainless 304L,16.0,16.8,3G,RT,Accept,,0.0,0.0
2025-09-22,J-01154,"6""-CW-1157",Cooling Water Package,Delta Mech Services,WLD-021,Night,Carbon Steel A106-B,6.0,7.8,5G,RT,Accept,,0.0,0.0
2025-09-22,J-01011,"12""-CW-1268",Compressor House,Meridian Fabricators,WLD-013,Night,Carbon Steel A106-B,12.0,5.7,3G,UT,Accept,,0.0,0.0
2025-09-22,J-02788,"3""-NG-1095",Cold Box,Meridian Fabricators,WLD-016,Day,Carbon Steel A106-B,3.0,14.4,6G,DPT,Accept,,0.0,0.0
2025-09-22,J-02957,"3""-PW-1057",Utility Tie-in,Delta Mech Services,WLD-024,Night,Carbon Steel A106-B,3.0,4.1,1G,RT,Reject,Lack of Fusion,3333.0,3.5
2025-09-22,J-01595,"10""-IA-1232",Cold Box,Meridian Fabricators,WLD-019,Day,Carbon Steel A106-B,10.0,20.1,3G,RT,Accept,,0.0,0.0
2025-09-22,J-03081,"10""-CW-1301",TSA Unit,Anchor Piping Works,WLD-011,Night,Carbon Steel A106-B,10.0,8.6,6G,DPT,Accept,,0.0,0.0
2025-09-23,J-02093,"6""-PW-1239",Pipe Rack B,Delta Mech Services,WLD-021,Day,Alloy Steel P91,6.0,14.2,2G,MPT,Accept,,0.0,0.0
2025-09-23,J-02097,"10""-CW-1390",TSA Unit,Delta Mech Services,WLD-021,Day,Carbon Steel A106-B,10.0,9.8,5G,MPT,Accept,,0.0,0.0
2025-09-23,J-02650,"3""-NG-1352",Compressor House,Delta Mech Services,WLD-012,Night,Carbon Steel A106-B,3.0,25.0,6G,UT,Accept,,0.0,0.0
2025-09-23,J-02850,"3""-FW-1269",Cooling Water Package,Delta Mech Services,WLD-006,Night,Alloy Steel P91,3.0,12.3,1G,UT,Accept,,0.0,0.0
2025-09-23,J-02281,"10""-IA-1092",Pipe Rack A,Meridian Fabricators,WLD-013,Night,Carbon Steel A106-B,10.0,25.0,1G,RT,Accept,,0.0,0.0
2025-09-23,J-02862,"24""-PW-1122",Pipe Rack A,Anchor Piping Works,WLD-008,Night,Carbon Steel A106-B,24.0,9.6,2G,RT,Accept,,0.0,0.0
2025-09-23,J-03094,"4""-PW-1363",Utility Tie-in,Meridian Fabricators,WLD-001,Night,Alloy Steel P91,4.0,15.7,1G,DPT,Accept,,0.0,0.0
2025-09-23,J-01722,"2""-CW-1117",TSA Unit,Anchor Piping Works,WLD-011,Day,Carbon Steel A106-B,2.0,25.0,3G,RT,Accept,,0.0,0.0
2025-09-24,J-01247,"3""-NG-1335",Utility Tie-in,Delta Mech Services,WLD-006,Night,Stainless 304L,3.0,15.8,2G,RT,Accept,,0.0,0.0
2025-09-24,J-01437,"6""-IA-1157",Compressor House,Meridian Fabricators,WLD-028,Night,Carbon Steel A106-B,6.0,4.2,3G,DPT,Accept,,0.0,0.0
2025-09-24,J-01786,"10""-IA-1342",Cooling Water Package,Anchor Piping Works,WLD-023,Day,Stainless 304L,10.0,10.3,6G,UT,Accept,,0.0,0.0
2025-09-24,J-01986,"16""-NG-1035",Utility Tie-in,Anchor Piping Works,WLD-026,Night,Stainless 304L,16.0,21.5,5G,RT,Reject,Slag Inclusion,7268.0,7.7
2025-09-24,J-02171,"8""-CW-1256",Compressor House,Meridian Fabricators,WLD-019,Day,Stainless 304L,8.0,6.4,1G,MPT,Accept,,0.0,0.0
2025-09-25,J-01886,"4""-IA-1004",Cooling Water Package,Anchor Piping Works,WLD-011,Day,Stainless 304L,4.0,21.2,2G,UT,Accept,,0.0,0.0
2025-09-25,J-02309,"10""-CW-1313",Pipe Rack B,Meridian Fabricators,WLD-013,Day,Stainless 304L,10.0,21.3,3G,RT,Accept,,0.0,0.0
2025-09-25,J-01983,"20""-NG-1290",TSA Unit,Meridian Fabricators,WLD-007,Day,Carbon Steel A106-B,20.0,10.3,2G,RT,Reject,Porosity,8023.0,8.4
2025-09-26,J-01889,"12""-PW-1249",Pipe Rack A,Meridian Fabricators,WLD-001,Day,Stainless 304L,12.0,25.7,1G,RT,Accept,,0.0,0.0
2025-09-26,J-01999,"12""-CW-1006",Pipe Rack A,Anchor Piping Works,WLD-023,Day,Stainless 304L,12.0,12.5,1G,UT,Accept,,0.0,0.0
2025-09-26,J-01033,"2""-NG-1190",Compressor House,Meridian Fabricators,WLD-013,Day,Alloy Steel P91,2.0,17.5,5G,UT,Reject,Slag Inclusion,4248.0,4.5
2025-09-26,J-01350,"16""-NG-1302",Pipe Rack B,Anchor Piping Works,WLD-017,Day,Carbon Steel A106-B,16.0,11.3,1G,RT,Accept,,0.0,0.0
2025-09-26,J-02810,"4""-NG-1266",TSA Unit,Anchor Piping Works,WLD-014,Day,Alloy Steel P91,4.0,13.8,2G,UT,Accept,,0.0,0.0
2025-09-26,J-02840,"10""-CW-1023",Compressor House,Meridian Fabricators,WLD-013,Night,Alloy Steel P91,10.0,11.6,3G,DPT,Accept,,0.0,0.0
2025-09-27,J-02322,"4""-FW-1052",Utility Tie-in,Meridian Fabricators,WLD-004,Day,Carbon Steel A106-B,4.0,11.6,1G,UT,Reject,Lack of Fusion,4917.0,5.2
2025-09-27,J-01863,"16""-NG-1311",Compressor House,Delta Mech Services,WLD-012,Day,Carbon Steel A106-B,16.0,10.3,1G,DPT,Accept,,0.0,0.0
2025-09-27,J-01321,"2""-CW-1310",TSA Unit,Delta Mech Services,WLD-009,Day,Carbon Steel A106-B,2.0,24.1,1G,RT,Accept,,0.0,0.0
2025-09-27,J-01563,"10""-IA-1388",Pipe Rack A,Meridian Fabricators,WLD-013,Night,Carbon Steel A106-B,10.0,14.0,3G,UT,Accept,,0.0,0.0
2025-09-27,J-01512,"6""-PW-1220",Utility Tie-in,Meridian Fabricators,WLD-007,Night,Carbon Steel A106-B,6.0,16.2,5G,RT,Reject,Incomplete Penetration,4367.0,4.6
2025-09-27,J-02465,"8""-FW-1395",Pipe Rack B,Anchor Piping Works,WLD-023,Day,Carbon Steel A106-B,8.0,12.9,5G,DPT,Accept,,0.0,0.0
2025-09-27,J-01696,"4""-IA-1259",Utility Tie-in,Meridian Fabricators,WLD-007,Night,Carbon Steel A106-B,4.0,15.6,1G,RT,Reject,Slag Inclusion,3843.0,4.0
2025-09-27,J-01131,"8""-NG-1034",Pipe Rack A,Delta Mech Services,WLD-003,Day,Alloy Steel P91,8.0,4.0,1G,DPT,Reject,Undercut,4078.0,4.3
2025-09-27,J-02373,"6""-NG-1093",Pipe Rack B,Delta Mech Services,WLD-003,Night,Carbon Steel A106-B,6.0,20.4,1G,UT,Accept,,0.0,0.0
2025-09-27,J-01216,"12""-IA-1358",Pipe Rack B,Meridian Fabricators,WLD-028,Day,Carbon Steel A106-B,12.0,20.8,6G,RT,Accept,,0.0,0.0
2025-09-27,J-02572,"6""-PW-1210",Cold Box,Meridian Fabricators,WLD-025,Day,Carbon Steel A106-B,6.0,18.4,1G,RT,Accept,,0.0,0.0
2025-09-27,J-03078,"20""-PW-1387",Cooling Water Package,Delta Mech Services,WLD-012,Night,Stainless 304L,20.0,5.1,1G,RT,Accept,,0.0,0.0
2025-09-28,J-01495,"6""-CW-1396",Pipe Rack B,Meridian Fabricators,WLD-010,Day,Alloy Steel P91,6.0,26.0,5G,UT,Accept,,0.0,0.0
2025-09-28,J-02376,"6""-CW-1169",Pipe Rack A,Delta Mech Services,WLD-024,Day,Carbon Steel A106-B,6.0,18.7,5G,MPT,Accept,,0.0,0.0
2025-09-28,J-01241,"2""-PW-1071",TSA Unit,Anchor Piping Works,WLD-017,Day,Alloy Steel P91,2.0,4.9,3G,RT,Accept,,0.0,0.0
2025-09-28,J-03054,"12""-PW-1119",Pipe Rack B,Anchor Piping Works,WLD-002,Night,Carbon Steel A106-B,12.0,21.1,5G,DPT,Accept,,0.0,0.0
2025-09-28,J-01823,"20""-CW-1095",Cold Box,Meridian Fabricators,WLD-016,Night,Alloy Steel P91,20.0,16.8,1G,RT,Accept,,0.0,0.0
2025-09-29,J-01556,"6""-NG-1011",Pipe Rack A,Delta Mech Services,WLD-027,Day,Stainless 304L,6.0,16.6,1G,RT,Accept,,0.0,0.0
2025-09-29,J-02609,"10""-PW-1003",Compressor House,Anchor Piping Works,WLD-002,Night,Carbon Steel A106-B,10.0,15.7,5G,DPT,Accept,,0.0,0.0
2025-09-29,J-01957,"6""-NG-1259",Compressor House,Delta Mech Services,WLD-027,Night,Carbon Steel A106-B,6.0,8.5,1G,MPT,Accept,,0.0,0.0
2025-09-29,J-02085,"10""-FW-1232",TSA Unit,Delta Mech Services,WLD-012,Day,Stainless 304L,10.0,7.9,5G,RT,Accept,,0.0,0.0
2025-09-29,J-01571,"2""-PW-1247",Cooling Water Package,Meridian Fabricators,WLD-028,Day,Carbon Steel A106-B,2.0,17.3,2G,UT,Accept,,0.0,0.0
2025-09-29,J-02797,"2""-IA-1342",Compressor House,Delta Mech Services,WLD-003,Night,Carbon Steel A106-B,2.0,4.3,1G,RT,Accept,,0.0,0.0
2025-09-29,J-01940,"3""-NG-1341",Compressor House,Meridian Fabricators,WLD-013,Night,Carbon Steel A106-B,3.0,19.7,6G,MPT,Accept,,0.0,0.0
2025-09-30,J-01537,"8""-CW-1127",Pipe Rack B,Delta Mech Services,WLD-021,Day,Alloy Steel P91,8.0,25.8,2G,MPT,Accept,,0.0,0.0
2025-09-30,J-01825,"4""-IA-1033",Pipe Rack A,Meridian Fabricators,WLD-028,Night,Alloy Steel P91,4.0,13.2,3G,MPT,Accept,,0.0,0.0
2025-09-30,J-01527,"6""-NG-1084",Compressor House,Delta Mech Services,WLD-006,Night,Stainless 304L,6.0,11.5,1G,DPT,Accept,,0.0,0.0
2025-09-30,J-01699,"3""-NG-1234",Pipe Rack A,Meridian Fabricators,WLD-013,Day,Carbon Steel A106-B,3.0,6.6,3G,RT,Accept,,0.0,0.0
2025-09-30,J-01097,"12""-IA-1335",Pipe Rack B,Delta Mech Services,WLD-003,Day,Carbon Steel A106-B,12.0,20.3,2G,DPT,Accept,,0.0,0.0
2025-09-30,J-02115,"4""-NG-1065",TSA Unit,Meridian Fabricators,WLD-022,Night,Carbon Steel A106-B,4.0,20.8,3G,MPT,Accept,,0.0,0.0
2025-09-30,J-02659,"2""-PW-1100",TSA Unit,Delta Mech Services,WLD-006,Day,Stainless 304L,2.0,9.6,2G,RT,Accept,,0.0,0.0
2025-10-01,J-02785,"6""-CW-1293",Cooling Water Package,Meridian Fabricators,WLD-013,Day,Carbon Steel A106-B,6.0,7.8,1G,UT,Accept,,0.0,0.0
2025-10-01,J-02710,"8""-IA-1110",Cold Box,Delta Mech Services,WLD-009,Night,Stainless 304L,8.0,19.6,6G,RT,Reject,Incomplete Penetration,4846.0,5.1
2025-10-01,J-01956,"8""-IA-1082",Pipe Rack B,Delta Mech Services,WLD-027,Day,Carbon Steel A106-B,8.0,25.5,5G,MPT,Reject,Porosity,5337.0,5.6
2025-10-01,J-01713,"3""-FW-1322",Cooling Water Package,Meridian Fabricators,WLD-028,Day,Carbon Steel A106-B,3.0,17.7,1G,RT,Accept,,0.0,0.0
2025-10-01,J-01064,"4""-PW-1110",Compressor House,Meridian Fabricators,WLD-019,Day,Alloy Steel P91,4.0,16.9,1G,MPT,Accept,,0.0,0.0
2025-10-01,J-01460,"16""-FW-1020",Pipe Rack B,Meridian Fabricators,WLD-019,Day,Carbon Steel A106-B,16.0,7.0,2G,UT,Accept,,0.0,0.0
2025-10-01,J-01979,"16""-CW-1012",Compressor House,Anchor Piping Works,WLD-023,Night,Carbon Steel A106-B,16.0,14.9,5G,RT,Accept,,0.0,0.0
2025-10-02,J-02461,"3""-FW-1307",Compressor House,Meridian Fabricators,WLD-004,Day,Carbon Steel A106-B,3.0,5.0,2G,MPT,Accept,,0.0,0.0
2025-10-02,J-02515,"12""-IA-1354",Cooling Water Package,Anchor Piping Works,WLD-011,Night,Carbon Steel A106-B,12.0,14.2,1G,RT,Accept,,0.0,0.0
2025-10-02,J-02053,"8""-PW-1239",Utility Tie-in,Anchor Piping Works,WLD-023,Day,Stainless 304L,8.0,7.1,5G,UT,Reject,Undercut,4767.0,5.0
2025-10-02,J-01620,"12""-CW-1023",Compressor House,Delta Mech Services,WLD-003,Night,Carbon Steel A106-B,12.0,12.4,2G,RT,Reject,Incomplete Penetration,5500.0,5.8
2025-10-02,J-01311,"8""-IA-1066",TSA Unit,Meridian Fabricators,WLD-025,Day,Carbon Steel A106-B,8.0,13.7,3G,RT,Accept,,0.0,0.0
2025-10-03,J-02207,"20""-FW-1293",Cooling Water Package,Anchor Piping Works,WLD-026,Night,Stainless 304L,20.0,9.8,2G,MPT,Accept,,0.0,0.0
2025-10-03,J-01111,"4""-FW-1181",Pipe Rack A,Meridian Fabricators,WLD-025,Day,Carbon Steel A106-B,4.0,23.5,6G,MPT,Accept,,0.0,0.0
2025-10-03,J-02754,"8""-PW-1311",Cold Box,Delta Mech Services,WLD-018,Day,Carbon Steel A106-B,8.0,4.0,2G,MPT,Accept,,0.0,0.0
2025-10-03,J-01990,"8""-PW-1210",TSA Unit,Meridian Fabricators,WLD-004,Day,Alloy Steel P91,8.0,13.6,6G,RT,Accept,,0.0,0.0
2025-10-03,J-02595,"8""-PW-1029",TSA Unit,Meridian Fabricators,WLD-004,Day,Alloy Steel P91,8.0,6.1,6G,MPT,Accept,,0.0,0.0
2025-10-04,J-02689,"2""-NG-1286",Compressor House,Meridian Fabricators,WLD-004,Night,Carbon Steel A106-B,2.0,19.3,3G,UT,Accept,,0.0,0.0
2025-10-04,J-01417,"4""-NG-1236",TSA Unit,Meridian Fabricators,WLD-010,Day,Carbon Steel A106-B,4.0,24.0,6G,UT,Reject,Undercut,5954.0,6.3
2025-10-04,J-01874,"10""-PW-1079",Utility Tie-in,Meridian Fabricators,WLD-004,Night,Carbon Steel A106-B,10.0,24.6,3G,RT,Accept,,0.0,0.0
2025-10-04,J-01295,"6""-IA-1237",Pipe Rack A,Meridian Fabricators,WLD-016,Day,Alloy Steel P91,6.0,18.2,2G,DPT,Accept,,0.0,0.0
2025-10-05,J-02693,"10""-IA-1208",Utility Tie-in,Anchor Piping Works,WLD-008,Day,Alloy Steel P91,10.0,6.4,1G,UT,Accept,,0.0,0.0
2025-10-05,J-02714,"8""-NG-1378",Utility Tie-in,Delta Mech Services,WLD-003,Day,Alloy Steel P91,8.0,5.2,1G,RT,Accept,,0.0,0.0
2025-10-05,J-02346,"8""-FW-1312",Utility Tie-in,Anchor Piping Works,WLD-005,Day,Carbon Steel A106-B,8.0,13.5,1G,UT,Accept,,0.0,0.0
2025-10-05,J-01118,"3""-NG-1396",Cooling Water Package,Delta Mech Services,WLD-006,Day,Carbon Steel A106-B,3.0,22.1,5G,RT,Accept,,0.0,0.0
2025-10-05,J-01525,"2""-FW-1178",Utility Tie-in,Anchor Piping Works,WLD-020,Day,Carbon Steel A106-B,2.0,15.0,1G,RT,Accept,,0.0,0.0
2025-10-06,J-02158,"10""-FW-1064",Pipe Rack B,Delta Mech Services,WLD-015,Night,Alloy Steel P91,10.0,6.6,5G,RT,Reject,Undercut,3607.0,3.8
2025-10-06,J-02967,"6""-NG-1246",Utility Tie-in,Delta Mech Services,WLD-009,Night,Stainless 304L,6.0,12.5,6G,RT,Accept,,0.0,0.0
2025-10-06,J-02805,"6""-IA-1280",Compressor House,Anchor Piping Works,WLD-002,Day,Carbon Steel A106-B,6.0,16.8,6G,RT,Accept,,0.0,0.0
2025-10-06,J-01360,"4""-IA-1354",Compressor House,Anchor Piping Works,WLD-020,Day,Carbon Steel A106-B,4.0,23.5,5G,RT,Accept,,0.0,0.0
2025-10-06,J-03064,"12""-CW-1327",Pipe Rack B,Anchor Piping Works,WLD-017,Day,Carbon Steel A106-B,12.0,13.8,2G,MPT,Accept,,0.0,0.0
2025-10-07,J-01828,"4""-IA-1269",Cooling Water Package,Meridian Fabricators,WLD-007,Day,Carbon Steel A106-B,4.0,8.8,1G,UT,Accept,,0.0,0.0
2025-10-07,J-02911,"6""-FW-1328",TSA Unit,Anchor Piping Works,WLD-002,Day,Carbon Steel A106-B,6.0,18.9,2G,UT,Accept,,0.0,0.0
2025-10-07,J-01057,"6""-PW-1227",Pipe Rack A,Anchor Piping Works,WLD-011,Day,Carbon Steel A106-B,6.0,10.7,2G,DPT,Accept,,0.0,0.0
2025-10-07,J-02706,"2""-IA-1258",Utility Tie-in,Meridian Fabricators,WLD-001,Day,Carbon Steel A106-B,2.0,20.3,1G,RT,Accept,,0.0,0.0
2025-10-08,J-02753,"6""-FW-1098",Utility Tie-in,Anchor Piping Works,WLD-005,Night,Carbon Steel A106-B,6.0,11.1,6G,UT,Accept,,0.0,0.0
2025-10-08,J-02617,"4""-CW-1129",Pipe Rack A,Meridian Fabricators,WLD-025,Day,Alloy Steel P91,4.0,7.3,3G,MPT,Accept,,0.0,0.0
2025-10-08,J-01615,"6""-IA-1236",Pipe Rack A,Meridian Fabricators,WLD-025,Day,Carbon Steel A106-B,6.0,8.9,1G,DPT,Accept,,0.0,0.0
2025-10-08,J-01390,"4""-FW-1016",Cooling Water Package,Delta Mech Services,WLD-018,Day,Stainless 304L,4.0,13.6,2G,UT,Accept,,0.0,0.0
2025-10-08,J-02619,"16""-IA-1109",Pipe Rack B,Meridian Fabricators,WLD-016,Day,Alloy Steel P91,16.0,16.7,1G,RT,Accept,,0.0,0.0
2025-10-09,J-02508,"3""-FW-1274",Cooling Water Package,Anchor Piping Works,WLD-002,Day,Carbon Steel A106-B,3.0,17.1,1G,RT,Accept,,0.0,0.0
2025-10-09,J-01257,"6""-NG-1127",Compressor House,Delta Mech Services,WLD-015,Day,Alloy Steel P91,6.0,4.2,1G,MPT,Accept,,0.0,0.0
2025-10-09,J-02128,"4""-PW-1034",TSA Unit,Anchor Piping Works,WLD-026,Day,Stainless 304L,4.0,11.7,3G,DPT,Accept,,0.0,0.0
2025-10-09,J-03097,"10""-IA-1007",Compressor House,Delta Mech Services,WLD-024,Day,Stainless 304L,10.0,11.2,2G,RT,Accept,,0.0,0.0
2025-10-09,J-03001,"4""-PW-1183",Pipe Rack A,Meridian Fabricators,WLD-016,Night,Stainless 304L,4.0,22.4,2G,MPT,Accept,,0.0,0.0
2025-10-09,J-01283,"20""-CW-1284",Pipe Rack A,Meridian Fabricators,WLD-007,Night,Stainless 304L,20.0,12.4,1G,UT,Accept,,0.0,0.0
2025-10-10,J-01721,"10""-IA-1238",TSA Unit,Meridian Fabricators,WLD-028,Night,Carbon Steel A106-B,10.0,15.6,2G,UT,Accept,,0.0,0.0
2025-10-10,J-02052,"12""-IA-1273",Compressor House,Meridian Fabricators,WLD-007,Day,Carbon Steel A106-B,12.0,16.4,1G,MPT,Reject,Slag Inclusion,6027.0,6.3
2025-10-10,J-01792,"12""-FW-1013",Cooling Water Package,Anchor Piping Works,WLD-023,Day,Carbon Steel A106-B,12.0,11.4,2G,UT,Accept,,0.0,0.0
2025-10-11,J-02091,"3""-IA-1366",Cooling Water Package,Delta Mech Services,WLD-015,Night,Carbon Steel A106-B,3.0,19.1,5G,DPT,Accept,,0.0,0.0
2025-10-11,J-02963,"20""-NG-1154",Utility Tie-in,Meridian Fabricators,WLD-004,Day,Stainless 304L,20.0,22.9,2G,MPT,Accept,,0.0,0.0
2025-10-11,J-02528,"8""-IA-1038",Utility Tie-in,Anchor Piping Works,WLD-011,Night,Carbon Steel A106-B,8.0,16.8,5G,RT,Accept,,0.0,0.0
2025-10-11,J-03019,"2""-PW-1300",Cold Box,Meridian Fabricators,WLD-022,Day,Carbon Steel A106-B,2.0,10.7,2G,RT,Accept,,0.0,0.0
2025-10-11,J-01180,"10""-FW-1227",Pipe Rack B,Delta Mech Services,WLD-024,Day,Stainless 304L,10.0,24.0,1G,RT,Accept,,0.0,0.0
2025-10-11,J-02475,"2""-NG-1120",Cold Box,Anchor Piping Works,WLD-020,Day,Stainless 304L,2.0,17.6,3G,RT,Accept,,0.0,0.0
2025-10-11,J-02912,"2""-FW-1168",TSA Unit,Anchor Piping Works,WLD-023,Day,Carbon Steel A106-B,2.0,15.3,5G,MPT,Reject,Slag Inclusion,4034.0,4.2
2025-10-11,J-02958,"16""-FW-1110",Cold Box,Meridian Fabricators,WLD-013,Day,Stainless 304L,16.0,19.1,2G,RT,Accept,,0.0,0.0
2025-10-11,J-02779,"4""-NG-1041",Utility Tie-in,Anchor Piping Works,WLD-008,Day,Stainless 304L,4.0,16.9,1G,MPT,Accept,,0.0,0.0
2025-10-11,J-01704,"8""-FW-1289",TSA Unit,Anchor Piping Works,WLD-002,Day,Stainless 304L,8.0,12.4,1G,UT,Accept,,0.0,0.0
2025-10-12,J-01401,"8""-IA-1129",Pipe Rack B,Delta Mech Services,WLD-012,Day,Carbon Steel A106-B,8.0,7.8,1G,RT,Accept,,0.0,0.0
2025-10-12,J-01410,"3""-FW-1338",Compressor House,Anchor Piping Works,WLD-026,Day,Carbon Steel A106-B,3.0,12.6,2G,UT,Accept,,0.0,0.0
2025-10-13,J-02358,"4""-NG-1010",Cold Box,Anchor Piping Works,WLD-026,Night,Stainless 304L,4.0,13.9,1G,MPT,Accept,,0.0,0.0
2025-10-13,J-02242,"2""-FW-1002",Cooling Water Package,Delta Mech Services,WLD-012,Night,Carbon Steel A106-B,2.0,23.9,1G,RT,Accept,,0.0,0.0
2025-10-13,J-01544,"16""-CW-1171",Cold Box,Anchor Piping Works,WLD-011,Day,Stainless 304L,16.0,23.4,5G,RT,Accept,,0.0,0.0
2025-10-13,J-02814,"10""-CW-1351",Utility Tie-in,Meridian Fabricators,WLD-007,Day,Stainless 304L,10.0,5.7,1G,MPT,Accept,,0.0,0.0
2025-10-13,J-02035,"8""-NG-1023",Cold Box,Anchor Piping Works,WLD-026,Night,Carbon Steel A106-B,8.0,8.4,2G,UT,Accept,,0.0,0.0
2025-10-13,J-01856,"12""-IA-1165",TSA Unit,Meridian Fabricators,WLD-022,Night,Stainless 304L,12.0,10.7,2G,RT,Accept,,0.0,0.0
2025-10-13,J-02866,"4""-FW-1009",Cold Box,Meridian Fabricators,WLD-028,Day,Carbon Steel A106-B,4.0,25.2,2G,UT,Accept,,0.0,0.0
2025-10-14,J-02381,"6""-PW-1392",TSA Unit,Anchor Piping Works,WLD-017,Day,Carbon Steel A106-B,6.0,17.5,6G,DPT,Accept,,0.0,0.0
2025-10-14,J-02564,"20""-FW-1384",TSA Unit,Anchor Piping Works,WLD-014,Day,Alloy Steel P91,20.0,22.1,1G,RT,Accept,,0.0,0.0
2025-10-14,J-01603,"2""-FW-1308",Utility Tie-in,Meridian Fabricators,WLD-028,Day,Stainless 304L,2.0,9.7,3G,MPT,Reject,Undercut,4277.0,4.5
2025-10-14,J-02219,"3""-NG-1055",Pipe Rack B,Delta Mech Services,WLD-015,Day,Carbon Steel A106-B,3.0,17.7,6G,UT,Accept,,0.0,0.0
2025-10-14,J-01485,"16""-CW-1140",Pipe Rack A,Meridian Fabricators,WLD-016,Day,Alloy Steel P91,16.0,10.9,6G,DPT,Accept,,0.0,0.0
2025-10-14,J-01747,"2""-IA-1176",TSA Unit,Anchor Piping Works,WLD-017,Night,Alloy Steel P91,2.0,7.6,5G,RT,Accept,,0.0,0.0
2025-10-14,J-02929,"8""-NG-1337",Utility Tie-in,Delta Mech Services,WLD-012,Night,Alloy Steel P91,8.0,20.9,1G,RT,Accept,,0.0,0.0
2025-10-14,J-01835,"3""-CW-1229",Utility Tie-in,Anchor Piping Works,WLD-005,Day,Alloy Steel P91,3.0,24.4,1G,DPT,Accept,,0.0,0.0
2025-10-14,J-02271,"4""-PW-1048",Compressor House,Delta Mech Services,WLD-021,Day,Carbon Steel A106-B,4.0,25.0,1G,UT,Accept,,0.0,0.0
2025-10-14,J-01317,"4""-IA-1321",Cold Box,Meridian Fabricators,WLD-001,Day,Carbon Steel A106-B,4.0,7.5,3G,RT,Accept,,0.0,0.0
2025-10-14,J-01384,"6""-NG-1034",Compressor House,Delta Mech Services,WLD-027,Night,Stainless 304L,6.0,19.5,6G,MPT,Reject,Undercut,3749.0,3.9
2025-10-15,J-02463,"16""-PW-1099",TSA Unit,Anchor Piping Works,WLD-020,Day,Stainless 304L,16.0,20.2,1G,RT,Accept,,0.0,0.0
2025-10-15,J-02453,"24""-NG-1270",Pipe Rack A,Meridian Fabricators,WLD-010,Day,Alloy Steel P91,24.0,13.3,1G,RT,Accept,,0.0,0.0
2025-10-15,J-01989,"12""-IA-1166",Cooling Water Package,Delta Mech Services,WLD-009,Day,Carbon Steel A106-B,12.0,18.6,2G,MPT,Accept,,0.0,0.0
2025-10-15,J-01347,"8""-PW-1026",Cooling Water Package,Meridian Fabricators,WLD-028,Day,Carbon Steel A106-B,8.0,21.3,2G,RT,Accept,,0.0,0.0
2025-10-15,J-03069,"16""-PW-1332",Compressor House,Anchor Piping Works,WLD-008,Day,Carbon Steel A106-B,16.0,21.2,1G,RT,Accept,,0.0,0.0
2025-10-15,J-02334,"10""-CW-1263",Pipe Rack B,Meridian Fabricators,WLD-001,Day,Carbon Steel A106-B,10.0,21.1,6G,RT,Accept,,0.0,0.0
2025-10-15,J-02662,"20""-CW-1354",Pipe Rack B,Anchor Piping Works,WLD-020,Day,Stainless 304L,20.0,8.3,2G,UT,Accept,,0.0,0.0
2025-10-15,J-01502,"4""-IA-1097",Pipe Rack A,Anchor Piping Works,WLD-020,Day,Stainless 304L,4.0,9.1,1G,DPT,Accept,,0.0,0.0
2025-10-15,J-02359,"12""-IA-1330",Pipe Rack A,Anchor Piping Works,WLD-008,Day,Alloy Steel P91,12.0,23.1,1G,DPT,Accept,,0.0,0.0
2025-10-15,J-01733,"4""-PW-1258",Cold Box,Anchor Piping Works,WLD-020,Day,Carbon Steel A106-B,4.0,8.8,1G,DPT,Accept,,0.0,0.0
2025-10-16,J-02033,"2""-FW-1138",Pipe Rack B,Anchor Piping Works,WLD-017,Day,Carbon Steel A106-B,2.0,16.7,3G,RT,Accept,,0.0,0.0
2025-10-16,J-01887,"16""-PW-1208",Cooling Water Package,Meridian Fabricators,WLD-019,Day,Carbon Steel A106-B,16.0,21.1,5G,UT,Accept,,0.0,0.0
2025-10-16,J-01399,"3""-IA-1299",Cooling Water Package,Meridian Fabricators,WLD-022,Day,Alloy Steel P91,3.0,16.3,1G,DPT,Accept,,0.0,0.0
2025-10-16,J-02061,"3""-PW-1317",Pipe Rack B,Meridian Fabricators,WLD-004,Night,Carbon Steel A106-B,3.0,14.2,5G,RT,Accept,,0.0,0.0
2025-10-16,J-01873,"3""-IA-1344",Pipe Rack A,Meridian Fabricators,WLD-019,Day,Stainless 304L,3.0,20.0,1G,RT,Accept,,0.0,0.0
2025-10-16,J-02980,"20""-NG-1392",Pipe Rack A,Anchor Piping Works,WLD-014,Day,Alloy Steel P91,20.0,5.5,1G,DPT,Accept,,0.0,0.0
2025-10-16,J-01675,"8""-FW-1100",Cold Box,Anchor Piping Works,WLD-017,Day,Carbon Steel A106-B,8.0,25.1,3G,RT,Accept,,0.0,0.0
2025-10-16,J-02978,"6""-IA-1127",Cooling Water Package,Meridian Fabricators,WLD-007,Day,Stainless 304L,6.0,21.3,5G,RT,Reject,Excess Reinforcement,4216.0,4.4
2025-10-16,J-02527,"16""-IA-1286",Pipe Rack A,Meridian Fabricators,WLD-010,Day,Carbon Steel A106-B,16.0,4.1,6G,RT,Accept,,0.0,0.0
2025-10-17,J-01022,"8""-CW-1165",Pipe Rack A,Meridian Fabricators,WLD-004,Day,Stainless 304L,8.0,23.1,5G,UT,Accept,,0.0,0.0
2025-10-17,J-01543,"16""-CW-1131",Cold Box,Meridian Fabricators,WLD-022,Day,Stainless 304L,16.0,24.4,6G,UT,Accept,,0.0,0.0
2025-10-17,J-02245,"4""-IA-1117",Compressor House,Meridian Fabricators,WLD-013,Night,Carbon Steel A106-B,4.0,17.8,3G,DPT,Accept,,0.0,0.0
2025-10-17,J-01838,"20""-NG-1373",TSA Unit,Meridian Fabricators,WLD-022,Day,Carbon Steel A106-B,20.0,18.6,3G,MPT,Accept,,0.0,0.0
2025-10-17,J-01144,"2""-CW-1365",Pipe Rack B,Delta Mech Services,WLD-027,Day,Carbon Steel A106-B,2.0,8.2,6G,RT,Accept,,0.0,0.0
2025-10-18,J-01664,"4""-PW-1336",TSA Unit,Anchor Piping Works,WLD-008,Day,Carbon Steel A106-B,4.0,23.0,5G,MPT,Accept,,0.0,0.0
2025-10-18,J-01394,"24""-FW-1168",Cold Box,Anchor Piping Works,WLD-014,Day,Carbon Steel A106-B,24.0,13.0,2G,RT,Reject,Excess Reinforcement,7779.0,8.2
2025-10-18,J-02900,"6""-IA-1356",Compressor House,Meridian Fabricators,WLD-013,Night,Carbon Steel A106-B,6.0,13.8,3G,MPT,Reject,Slag Inclusion,5167.0,5.4
2025-10-19,J-02966,"16""-FW-1351",Cooling Water Package,Delta Mech Services,WLD-024,Day,Stainless 304L,16.0,9.3,6G,RT,Accept,,0.0,0.0
2025-10-19,J-01160,"3""-IA-1094",TSA Unit,Delta Mech Services,WLD-006,Day,Stainless 304L,3.0,18.9,1G,DPT,Accept,,0.0,0.0
2025-10-19,J-01070,"10""-FW-1173",Pipe Rack A,Anchor Piping Works,WLD-026,Day,Carbon Steel A106-B,10.0,25.0,5G,RT,Accept,,0.0,0.0
2025-10-19,J-01909,"10""-NG-1061",Pipe Rack B,Meridian Fabricators,WLD-022,Day,Stainless 304L,10.0,16.2,1G,RT,Accept,,0.0,0.0
2025-10-19,J-02343,"4""-NG-1133",Cold Box,Meridian Fabricators,WLD-013,Day,Carbon Steel A106-B,4.0,6.4,5G,UT,Accept,,0.0,0.0
2025-10-20,J-02361,"3""-PW-1054",Cooling Water Package,Anchor Piping Works,WLD-014,Day,Carbon Steel A106-B,3.0,21.7,2G,RT,Accept,,0.0,0.0
2025-10-20,J-02500,"4""-IA-1182",Pipe Rack A,Delta Mech Services,WLD-006,Day,Carbon Steel A106-B,4.0,10.0,5G,RT,Accept,,0.0,0.0
2025-10-20,J-01561,"12""-CW-1325",Compressor House,Anchor Piping Works,WLD-002,Day,Carbon Steel A106-B,12.0,11.5,6G,DPT,Accept,,0.0,0.0
2025-10-20,J-01994,"3""-PW-1162",Cold Box,Anchor Piping Works,WLD-026,Day,Carbon Steel A106-B,3.0,17.3,1G,RT,Reject,Lack of Fusion,4647.0,4.9
2025-10-20,J-01211,"6""-CW-1107",Pipe Rack B,Anchor Piping Works,WLD-011,Night,Carbon Steel A106-B,6.0,22.7,2G,UT,Accept,,0.0,0.0
2025-10-20,J-01971,"8""-NG-1129",Pipe Rack A,Delta Mech Services,WLD-018,Day,Carbon Steel A106-B,8.0,9.3,1G,UT,Accept,,0.0,0.0
2025-10-20,J-01355,"16""-NG-1229",Cooling Water Package,Delta Mech Services,WLD-009,Day,Carbon Steel A106-B,16.0,17.4,1G,RT,Accept,,0.0,0.0
2025-10-20,J-02715,"2""-IA-1007",Pipe Rack B,Delta Mech Services,WLD-006,Day,Stainless 304L,2.0,10.7,6G,UT,Accept,,0.0,0.0
2025-10-20,J-02139,"10""-NG-1016",Cooling Water Package,Meridian Fabricators,WLD-013,Day,Alloy Steel P91,10.0,17.0,1G,MPT,Accept,,0.0,0.0
2025-10-20,J-02703,"16""-NG-1058",Cold Box,Anchor Piping Works,WLD-014,Day,Carbon Steel A106-B,16.0,23.7,2G,UT,Accept,,0.0,0.0
2025-10-20,J-01105,"8""-FW-1026",Cold Box,Anchor Piping Works,WLD-026,Night,Carbon Steel A106-B,8.0,9.5,1G,DPT,Accept,,0.0,0.0
2025-10-21,J-02791,"12""-FW-1209",Pipe Rack B,Delta Mech Services,WLD-003,Night,Carbon Steel A106-B,12.0,16.2,5G,DPT,Accept,,0.0,0.0
2025-10-21,J-02887,"4""-IA-1073",Pipe Rack B,Meridian Fabricators,WLD-001,Day,Stainless 304L,4.0,8.9,2G,DPT,Accept,,0.0,0.0
2025-10-21,J-02591,"3""-NG-1228",TSA Unit,Delta Mech Services,WLD-015,Night,Stainless 304L,3.0,21.6,6G,UT,Accept,,0.0,0.0
2025-10-21,J-01373,"8""-CW-1295",Cold Box,Anchor Piping Works,WLD-011,Day,Carbon Steel A106-B,8.0,11.9,2G,RT,Accept,,0.0,0.0
2025-10-21,J-02784,"2""-IA-1247",Pipe Rack A,Anchor Piping Works,WLD-002,Day,Alloy Steel P91,2.0,21.8,6G,UT,Accept,,0.0,0.0
2025-10-21,J-02338,"2""-CW-1391",Cooling Water Package,Delta Mech Services,WLD-006,Day,Carbon Steel A106-B,2.0,20.5,3G,RT,Accept,,0.0,0.0
2025-10-21,J-01931,"6""-PW-1245",Cold Box,Delta Mech Services,WLD-012,Night,Alloy Steel P91,6.0,21.0,1G,UT,Reject,Lack of Fusion,4377.0,4.6
2025-10-21,J-02179,"12""-IA-1114",TSA Unit,Meridian Fabricators,WLD-001,Day,Carbon Steel A106-B,12.0,19.6,1G,UT,Accept,,0.0,0.0
2025-10-21,J-02367,"10""-PW-1116",Utility Tie-in,Delta Mech Services,WLD-006,Day,Stainless 304L,10.0,20.0,1G,RT,Reject,Porosity,6283.0,6.6
2025-10-21,J-02225,"8""-FW-1242",Cold Box,Meridian Fabricators,WLD-025,Day,Stainless 304L,8.0,15.0,5G,RT,Accept,,0.0,0.0
2025-10-21,J-01190,"16""-PW-1303",TSA Unit,Delta Mech Services,WLD-021,Day,Carbon Steel A106-B,16.0,13.8,2G,RT,Accept,,0.0,0.0
2025-10-21,J-01875,"16""-CW-1152",Pipe Rack A,Anchor Piping Works,WLD-020,Night,Carbon Steel A106-B,16.0,15.1,1G,RT,Accept,,0.0,0.0
2025-10-21,J-01034,"20""-NG-1168",TSA Unit,Delta Mech Services,WLD-015,Day,Stainless 304L,20.0,6.5,5G,UT,Reject,Porosity,6839.0,7.2
2025-10-21,J-02077,"8""-FW-1277",Pipe Rack B,Anchor Piping Works,WLD-014,Day,Carbon Steel A106-B,8.0,14.9,5G,DPT,Accept,,0.0,0.0
2025-10-22,J-02776,"6""-CW-1011",Pipe Rack B,Meridian Fabricators,WLD-019,Day,Stainless 304L,6.0,5.5,5G,UT,Reject,Slag Inclusion,2917.0,3.1
2025-10-22,J-02196,"10""-NG-1244",Pipe Rack A,Anchor Piping Works,WLD-005,Day,Stainless 304L,10.0,18.8,1G,MPT,Accept,,0.0,0.0
2025-10-22,J-02504,"2""-NG-1348",Utility Tie-in,Anchor Piping Works,WLD-017,Day,Carbon Steel A106-B,2.0,24.4,5G,UT,Accept,,0.0,0.0
2025-10-22,J-02269,"10""-PW-1198",Pipe Rack A,Delta Mech Services,WLD-027,Night,Carbon Steel A106-B,10.0,15.2,1G,UT,Accept,,0.0,0.0
2025-10-22,J-02162,"6""-CW-1303",Cold Box,Delta Mech Services,WLD-012,Night,Carbon Steel A106-B,6.0,11.8,3G,MPT,Accept,,0.0,0.0
2025-10-22,J-03049,"10""-FW-1137",Cooling Water Package,Meridian Fabricators,WLD-025,Day,Carbon Steel A106-B,10.0,21.7,3G,DPT,Accept,,0.0,0.0
2025-10-22,J-01608,"12""-IA-1182",Pipe Rack A,Delta Mech Services,WLD-027,Day,Carbon Steel A106-B,12.0,22.9,6G,UT,Accept,,0.0,0.0
2025-10-22,J-03011,"6""-PW-1355",Utility Tie-in,Delta Mech Services,WLD-021,Day,Carbon Steel A106-B,6.0,12.4,5G,RT,Accept,,0.0,0.0
2025-10-22,J-02554,"3""-NG-1099",Pipe Rack B,Delta Mech Services,WLD-006,Day,Carbon Steel A106-B,3.0,8.3,1G,DPT,Accept,,0.0,0.0
2025-10-23,J-02871,"6""-NG-1161",Compressor House,Anchor Piping Works,WLD-011,Day,Alloy Steel P91,6.0,18.7,1G,UT,Reject,Excess Reinforcement,5533.0,5.8
2025-10-23,J-02891,"8""-IA-1075",Pipe Rack B,Delta Mech Services,WLD-015,Day,Carbon Steel A106-B,8.0,15.5,6G,RT,Accept,,0.0,0.0
2025-10-23,J-01377,"10""-PW-1383",TSA Unit,Meridian Fabricators,WLD-016,Day,Carbon Steel A106-B,10.0,23.1,1G,RT,Accept,,0.0,0.0
2025-10-23,J-01386,"10""-PW-1110",Pipe Rack A,Meridian Fabricators,WLD-010,Day,Carbon Steel A106-B,10.0,21.1,1G,UT,Accept,,0.0,0.0
2025-10-23,J-01830,"12""-FW-1150",Utility Tie-in,Delta Mech Services,WLD-018,Day,Carbon Steel A106-B,12.0,15.2,3G,RT,Reject,Lack of Fusion,5378.0,5.7
2025-10-23,J-01795,"10""-PW-1369",TSA Unit,Anchor Piping Works,WLD-011,Day,Stainless 304L,10.0,20.3,3G,RT,Accept,,0.0,0.0
2025-10-23,J-01204,"4""-NG-1324",Pipe Rack A,Delta Mech Services,WLD-018,Day,Stainless 304L,4.0,14.0,2G,RT,Accept,,0.0,0.0
2025-10-24,J-02408,"16""-IA-1069",TSA Unit,Meridian Fabricators,WLD-004,Day,Carbon Steel A106-B,16.0,15.5,6G,DPT,Accept,,0.0,0.0
2025-10-24,J-02711,"6""-PW-1174",Cold Box,Delta Mech Services,WLD-015,Day,Alloy Steel P91,6.0,11.5,5G,UT,Accept,,0.0,0.0
2025-10-24,J-01829,"8""-FW-1386",TSA Unit,Meridian Fabricators,WLD-016,Night,Carbon Steel A106-B,8.0,15.8,1G,UT,Accept,,0.0,0.0
2025-10-25,J-01430,"6""-NG-1262",Utility Tie-in,Meridian Fabricators,WLD-001,Day,Stainless 304L,6.0,23.1,5G,RT,Accept,,0.0,0.0
2025-10-25,J-02854,"4""-FW-1123",Pipe Rack B,Anchor Piping Works,WLD-008,Day,Carbon Steel A106-B,4.0,14.7,1G,MPT,Accept,,0.0,0.0
2025-10-25,J-02228,"10""-NG-1157",Compressor House,Delta Mech Services,WLD-021,Day,Stainless 304L,10.0,5.5,1G,RT,Accept,,0.0,0.0
2025-10-25,J-01965,"8""-NG-1035",Pipe Rack A,Delta Mech Services,WLD-021,Day,Carbon Steel A106-B,8.0,8.0,3G,UT,Accept,,0.0,0.0
2025-10-25,J-02962,"2""-PW-1291",Cooling Water Package,Meridian Fabricators,WLD-007,Day,Stainless 304L,2.0,24.1,2G,DPT,Reject,Porosity,5840.0,6.1
2025-10-25,J-01685,"2""-PW-1114",Cold Box,Delta Mech Services,WLD-006,Night,Stainless 304L,2.0,21.6,1G,RT,Accept,,0.0,0.0
2025-10-25,J-01398,"6""-FW-1218",Cold Box,Anchor Piping Works,WLD-023,Night,Carbon Steel A106-B,6.0,10.6,2G,RT,Accept,,0.0,0.0
2025-10-25,J-02429,"6""-IA-1229",Compressor House,Meridian Fabricators,WLD-022,Day,Carbon Steel A106-B,6.0,13.4,3G,RT,Accept,,0.0,0.0
2025-10-26,J-02480,"3""-PW-1391",Utility Tie-in,Meridian Fabricators,WLD-028,Day,Stainless 304L,3.0,9.8,5G,UT,Accept,,0.0,0.0
2025-10-26,J-02863,"8""-FW-1319",Utility Tie-in,Meridian Fabricators,WLD-028,Night,Carbon Steel A106-B,8.0,20.1,2G,RT,Accept,,0.0,0.0
2025-10-26,J-01799,"3""-PW-1016",TSA Unit,Meridian Fabricators,WLD-025,Day,Carbon Steel A106-B,3.0,18.2,1G,UT,Accept,,0.0,0.0
2025-10-26,J-01019,"3""-IA-1033",Cold Box,Meridian Fabricators,WLD-022,Night,Stainless 304L,3.0,6.6,1G,MPT,Accept,,0.0,0.0
2025-10-26,J-02879,"12""-PW-1392",Cooling Water Package,Anchor Piping Works,WLD-002,Day,Alloy Steel P91,12.0,19.7,3G,RT,Reject,Undercut,6330.0,6.7
2025-10-27,J-02454,"8""-NG-1212",Pipe Rack B,Anchor Piping Works,WLD-005,Night,Carbon Steel A106-B,8.0,19.8,5G,RT,Accept,,0.0,0.0
2025-10-27,J-02398,"16""-IA-1337",Cold Box,Meridian Fabricators,WLD-010,Day,Carbon Steel A106-B,16.0,12.1,6G,UT,Accept,,0.0,0.0
2025-10-27,J-02048,"20""-IA-1309",Compressor House,Meridian Fabricators,WLD-016,Night,Carbon Steel A106-B,20.0,10.8,1G,UT,Accept,,0.0,0.0
2025-10-27,J-01567,"8""-CW-1376",Utility Tie-in,Meridian Fabricators,WLD-016,Night,Stainless 304L,8.0,10.4,2G,DPT,Accept,,0.0,0.0
2025-10-28,J-02801,"24""-CW-1157",Pipe Rack A,Delta Mech Services,WLD-018,Day,Stainless 304L,24.0,14.0,1G,DPT,Accept,,0.0,0.0
2025-10-28,J-02493,"10""-PW-1320",Cold Box,Meridian Fabricators,WLD-007,Day,Carbon Steel A106-B,10.0,16.9,5G,DPT,Reject,Porosity,5206.0,5.5
2025-10-28,J-02285,"16""-PW-1138",Pipe Rack A,Meridian Fabricators,WLD-004,Night,Carbon Steel A106-B,16.0,10.0,2G,RT,Accept,,0.0,0.0
2025-10-28,J-02206,"6""-IA-1286",Pipe Rack B,Anchor Piping Works,WLD-008,Day,Alloy Steel P91,6.0,10.1,2G,RT,Accept,,0.0,0.0
2025-10-28,J-02124,"8""-NG-1221",TSA Unit,Delta Mech Services,WLD-006,Night,Carbon Steel A106-B,8.0,23.1,5G,MPT,Accept,,0.0,0.0
2025-10-28,J-01988,"8""-CW-1249",Pipe Rack B,Delta Mech Services,WLD-009,Day,Alloy Steel P91,8.0,4.4,2G,RT,Accept,,0.0,0.0
2025-10-29,J-01801,"6""-NG-1073",Pipe Rack A,Anchor Piping Works,WLD-014,Day,Alloy Steel P91,6.0,18.4,2G,RT,Accept,,0.0,0.0
2025-10-29,J-02927,"6""-IA-1352",Compressor House,Meridian Fabricators,WLD-010,Day,Carbon Steel A106-B,6.0,5.5,3G,MPT,Accept,,0.0,0.0
2025-10-29,J-02652,"2""-CW-1032",Utility Tie-in,Meridian Fabricators,WLD-013,Day,Carbon Steel A106-B,2.0,22.1,1G,UT,Accept,,0.0,0.0
2025-10-29,J-01904,"6""-FW-1088",Pipe Rack B,Meridian Fabricators,WLD-007,Day,Carbon Steel A106-B,6.0,9.7,2G,RT,Accept,,0.0,0.0
2025-10-29,J-02009,"2""-FW-1008",Utility Tie-in,Delta Mech Services,WLD-018,Day,Stainless 304L,2.0,22.0,1G,RT,Accept,,0.0,0.0
2025-10-29,J-01309,"20""-NG-1156",Cooling Water Package,Delta Mech Services,WLD-021,Day,Carbon Steel A106-B,20.0,20.8,1G,RT,Accept,,0.0,0.0
2025-10-29,J-02780,"6""-NG-1174",Utility Tie-in,Anchor Piping Works,WLD-008,Day,Carbon Steel A106-B,6.0,14.9,3G,MPT,Accept,,0.0,0.0
2025-10-29,J-02172,"8""-NG-1182",Utility Tie-in,Delta Mech Services,WLD-006,Day,Stainless 304L,8.0,13.7,6G,MPT,Reject,Porosity,4306.0,4.5
2025-10-29,J-01641,"3""-IA-1340",Cooling Water Package,Meridian Fabricators,WLD-025,Day,Carbon Steel A106-B,3.0,17.1,3G,MPT,Accept,,0.0,0.0
2025-10-30,J-01674,"2""-PW-1125",Cooling Water Package,Anchor Piping Works,WLD-023,Day,Carbon Steel A106-B,2.0,4.5,1G,RT,Accept,,0.0,0.0
2025-10-30,J-01794,"3""-PW-1386",Compressor House,Meridian Fabricators,WLD-019,Day,Carbon Steel A106-B,3.0,21.4,3G,DPT,Reject,Incomplete Penetration,4979.0,5.2
2025-10-30,J-03029,"10""-CW-1295",Compressor House,Meridian Fabricators,WLD-022,Day,Carbon Steel A106-B,10.0,15.3,5G,UT,Accept,,0.0,0.0
2025-10-30,J-02276,"3""-IA-1254",Pipe Rack A,Delta Mech Services,WLD-012,Day,Carbon Steel A106-B,3.0,17.2,6G,RT,Accept,,0.0,0.0
2025-10-30,J-01275,"24""-IA-1331",Pipe Rack A,Meridian Fabricators,WLD-001,Day,Carbon Steel A106-B,24.0,9.4,6G,UT,Accept,,0.0,0.0
2025-10-30,J-01294,"24""-IA-1082",TSA Unit,Meridian Fabricators,WLD-004,Day,Alloy Steel P91,24.0,5.9,1G,UT,Accept,,0.0,0.0
2025-10-30,J-01587,"6""-IA-1388",Cooling Water Package,Meridian Fabricators,WLD-019,Night,Carbon Steel A106-B,6.0,23.0,5G,DPT,Reject,Undercut,5272.0,5.5
2025-10-31,J-02487,"3""-IA-1238",Compressor House,Meridian Fabricators,WLD-019,Night,Carbon Steel A106-B,3.0,18.2,1G,MPT,Accept,,0.0,0.0
2025-10-31,J-01158,"16""-NG-1375",Compressor House,Meridian Fabricators,WLD-007,Night,Alloy Steel P91,16.0,10.8,5G,DPT,Reject,Lack of Fusion,7004.0,7.4
2025-10-31,J-02478,"2""-NG-1022",Pipe Rack A,Meridian Fabricators,WLD-025,Day,Carbon Steel A106-B,2.0,4.4,1G,RT,Accept,,0.0,0.0
2025-10-31,J-01573,"6""-PW-1308",Utility Tie-in,Anchor Piping Works,WLD-014,Night,Carbon Steel A106-B,6.0,17.7,3G,MPT,Accept,,0.0,0.0
2025-10-31,J-02893,"8""-PW-1276",Cold Box,Meridian Fabricators,WLD-004,Night,Stainless 304L,8.0,25.9,6G,MPT,Reject,Porosity,6354.0,6.7
2025-10-31,J-02521,"8""-IA-1116",Pipe Rack A,Anchor Piping Works,WLD-017,Night,Carbon Steel A106-B,8.0,23.6,5G,RT,Accept,,0.0,0.0
2025-10-31,J-02881,"20""-FW-1003",Cold Box,Meridian Fabricators,WLD-001,Day,Carbon Steel A106-B,20.0,6.7,3G,RT,Accept,,0.0,0.0
2025-10-31,J-02939,"4""-PW-1199",Utility Tie-in,Meridian Fabricators,WLD-004,Day,Carbon Steel A106-B,4.0,5.0,2G,RT,Accept,,0.0,0.0
2025-10-31,J-01112,"10""-PW-1399",Pipe Rack A,Delta Mech Services,WLD-024,Day,Carbon Steel A106-B,10.0,18.3,1G,UT,Accept,,0.0,0.0
2025-10-31,J-01052,"24""-FW-1157",Cold Box,Anchor Piping Works,WLD-005,Day,Alloy Steel P91,24.0,7.0,5G,MPT,Accept,,0.0,0.0
2025-11-01,J-02953,"10""-NG-1296",Utility Tie-in,Anchor Piping Works,WLD-002,Night,Alloy Steel P91,10.0,9.1,3G,RT,Accept,,0.0,0.0
2025-11-01,J-02229,"10""-PW-1013",Compressor House,Delta Mech Services,WLD-009,Night,Alloy Steel P91,10.0,5.7,6G,RT,Accept,,0.0,0.0
2025-11-01,J-01407,"6""-CW-1097",Utility Tie-in,Anchor Piping Works,WLD-008,Day,Carbon Steel A106-B,6.0,7.3,5G,RT,Accept,,0.0,0.0
2025-11-01,J-02818,"20""-FW-1197",TSA Unit,Meridian Fabricators,WLD-004,Day,Alloy Steel P91,20.0,24.9,2G,RT,Reject,Incomplete Penetration,8146.0,8.6
2025-11-01,J-01448,"2""-CW-1122",Utility Tie-in,Delta Mech Services,WLD-021,Night,Carbon Steel A106-B,2.0,3.9,1G,UT,Accept,,0.0,0.0
2025-11-01,J-01817,"16""-FW-1005",Utility Tie-in,Meridian Fabricators,WLD-007,Day,Stainless 304L,16.0,19.4,3G,MPT,Accept,,0.0,0.0
2025-11-01,J-01705,"8""-NG-1106",Cold Box,Meridian Fabricators,WLD-028,Night,Stainless 304L,8.0,19.7,6G,RT,Accept,,0.0,0.0
2025-11-02,J-02620,"3""-IA-1099",Cold Box,Delta Mech Services,WLD-012,Night,Carbon Steel A106-B,3.0,4.2,3G,RT,Accept,,0.0,0.0
2025-11-02,J-02023,"10""-NG-1357",Cooling Water Package,Delta Mech Services,WLD-018,Day,Carbon Steel A106-B,10.0,21.8,2G,DPT,Accept,,0.0,0.0
2025-11-02,J-01395,"24""-FW-1169",Pipe Rack B,Delta Mech Services,WLD-015,Night,Carbon Steel A106-B,24.0,22.7,5G,RT,Accept,,0.0,0.0
2025-11-02,J-01717,"4""-FW-1158",Compressor House,Delta Mech Services,WLD-015,Day,Stainless 304L,4.0,15.6,2G,RT,Accept,,0.0,0.0
2025-11-02,J-02526,"12""-NG-1187",Pipe Rack B,Meridian Fabricators,WLD-010,Night,Alloy Steel P91,12.0,19.5,5G,UT,Accept,,0.0,0.0
2025-11-02,J-01600,"8""-NG-1347",Pipe Rack B,Delta Mech Services,WLD-027,Day,Carbon Steel A106-B,8.0,21.5,1G,RT,Accept,,0.0,0.0
2025-11-02,J-02037,"2""-NG-1186",Compressor House,Delta Mech Services,WLD-018,Night,Stainless 304L,2.0,5.3,5G,MPT,Accept,,0.0,0.0
2025-11-02,J-02289,"3""-NG-1349",Utility Tie-in,Meridian Fabricators,WLD-007,Night,Carbon Steel A106-B,3.0,11.5,3G,RT,Reject,Undercut,2244.0,2.4
2025-11-02,J-02816,"2""-IA-1193",Utility Tie-in,Anchor Piping Works,WLD-026,Day,Stainless 304L,2.0,24.4,2G,RT,Accept,,0.0,0.0
2025-11-02,J-01106,"16""-PW-1374",Cooling Water Package,Meridian Fabricators,WLD-028,Day,Stainless 304L,16.0,17.4,2G,RT,Accept,,0.0,0.0
2025-11-02,J-01689,"8""-NG-1203",Cooling Water Package,Anchor Piping Works,WLD-020,Day,Carbon Steel A106-B,8.0,17.9,5G,MPT,Accept,,0.0,0.0
2025-11-02,J-02575,"6""-CW-1379",Cooling Water Package,Anchor Piping Works,WLD-005,Day,Carbon Steel A106-B,6.0,25.9,2G,DPT,Accept,,0.0,0.0
2025-11-03,J-01365,"4""-FW-1092",Cooling Water Package,Delta Mech Services,WLD-012,Day,Carbon Steel A106-B,4.0,21.7,5G,MPT,Accept,,0.0,0.0
2025-11-03,J-01409,"20""-CW-1241",Compressor House,Anchor Piping Works,WLD-026,Night,Carbon Steel A106-B,20.0,18.3,1G,MPT,Accept,,0.0,0.0
2025-11-03,J-02582,"4""-IA-1124",Utility Tie-in,Anchor Piping Works,WLD-023,Day,Carbon Steel A106-B,4.0,24.9,5G,RT,Reject,Undercut,5050.0,5.3
2025-11-03,J-02024,"8""-NG-1015",TSA Unit,Anchor Piping Works,WLD-005,Day,Stainless 304L,8.0,23.1,2G,RT,Accept,,0.0,0.0
2025-11-03,J-01147,"8""-PW-1111",TSA Unit,Anchor Piping Works,WLD-026,Day,Carbon Steel A106-B,8.0,15.1,6G,UT,Accept,,0.0,0.0
2025-11-03,J-02389,"4""-CW-1057",Pipe Rack A,Anchor Piping Works,WLD-005,Day,Carbon Steel A106-B,4.0,4.0,1G,RT,Accept,,0.0,0.0
2025-11-03,J-02239,"2""-IA-1258",Utility Tie-in,Meridian Fabricators,WLD-010,Day,Stainless 304L,2.0,15.2,5G,RT,Accept,,0.0,0.0
2025-11-04,J-01977,"10""-PW-1108",TSA Unit,Meridian Fabricators,WLD-001,Night,Alloy Steel P91,10.0,8.9,5G,MPT,Accept,,0.0,0.0
2025-11-04,J-01896,"6""-CW-1292",TSA Unit,Delta Mech Services,WLD-027,Day,Carbon Steel A106-B,6.0,5.7,1G,UT,Accept,,0.0,0.0
2025-11-04,J-02803,"10""-PW-1119",Compressor House,Delta Mech Services,WLD-018,Day,Carbon Steel A106-B,10.0,15.9,6G,DPT,Accept,,0.0,0.0
2025-11-04,J-02169,"10""-NG-1208",Compressor House,Anchor Piping Works,WLD-026,Day,Carbon Steel A106-B,10.0,6.2,3G,RT,Accept,,0.0,0.0
2025-11-04,J-03084,"12""-PW-1236",Pipe Rack B,Anchor Piping Works,WLD-026,Day,Carbon Steel A106-B,12.0,22.6,1G,UT,Reject,Lack of Fusion,7143.0,7.5
2025-11-04,J-01313,"4""-FW-1327",Cooling Water Package,Delta Mech Services,WLD-003,Day,Carbon Steel A106-B,4.0,8.8,6G,UT,Reject,Undercut,3223.0,3.4
2025-11-04,J-02017,"3""-PW-1335",TSA Unit,Anchor Piping Works,WLD-020,Night,Carbon Steel A106-B,3.0,24.4,1G,RT,Accept,,0.0,0.0
2025-11-05,J-02306,"2""-CW-1159",Cooling Water Package,Anchor Piping Works,WLD-020,Night,Carbon Steel A106-B,2.0,21.0,1G,RT,Accept,,0.0,0.0
2025-11-05,J-03068,"4""-CW-1162",Utility Tie-in,Anchor Piping Works,WLD-023,Night,Carbon Steel A106-B,4.0,22.2,1G,RT,Reject,Porosity,5221.0,5.5
2025-11-05,J-01549,"12""-CW-1280",Cooling Water Package,Delta Mech Services,WLD-015,Night,Carbon Steel A106-B,12.0,11.2,1G,RT,Accept,,0.0,0.0
2025-11-05,J-01815,"4""-FW-1310",Compressor House,Meridian Fabricators,WLD-010,Day,Stainless 304L,4.0,3.9,3G,UT,Accept,,0.0,0.0
2025-11-05,J-03012,"12""-IA-1069",Utility Tie-in,Delta Mech Services,WLD-003,Day,Carbon Steel A106-B,12.0,24.8,5G,RT,Accept,,0.0,0.0
2025-11-05,J-02078,"24""-IA-1029",Utility Tie-in,Anchor Piping Works,WLD-002,Day,Stainless 304L,24.0,17.9,5G,RT,Accept,,0.0,0.0
2025-11-06,J-02140,"10""-FW-1095",Cooling Water Package,Delta Mech Services,WLD-021,Day,Stainless 304L,10.0,22.1,1G,UT,Accept,,0.0,0.0
2025-11-06,J-03086,"10""-CW-1225",TSA Unit,Anchor Piping Works,WLD-023,Day,Carbon Steel A106-B,10.0,25.9,1G,UT,Reject,Slag Inclusion,6422.0,6.8
2025-11-06,J-01202,"3""-CW-1057",Pipe Rack B,Delta Mech Services,WLD-015,Night,Carbon Steel A106-B,3.0,23.5,5G,UT,Accept,,0.0,0.0
2025-11-06,J-02593,"4""-NG-1350",Pipe Rack B,Anchor Piping Works,WLD-011,Night,Carbon Steel A106-B,4.0,24.8,2G,RT,Accept,,0.0,0.0
2025-11-06,J-02173,"16""-IA-1014",Utility Tie-in,Anchor Piping Works,WLD-005,Night,Alloy Steel P91,16.0,21.7,3G,RT,Reject,Lack of Fusion,7790.0,8.2
2025-11-07,J-01546,"12""-PW-1311",Utility Tie-in,Delta Mech Services,WLD-021,Day,Alloy Steel P91,12.0,8.1,1G,UT,Accept,,0.0,0.0
2025-11-07,J-01658,"4""-IA-1065",Cold Box,Meridian Fabricators,WLD-025,Day,Stainless 304L,4.0,18.6,1G,DPT,Accept,,0.0,0.0
2025-11-07,J-02646,"4""-IA-1291",Cooling Water Package,Anchor Piping Works,WLD-017,Day,Carbon Steel A106-B,4.0,16.2,3G,RT,Accept,,0.0,0.0
2025-11-07,J-02502,"6""-PW-1312",Compressor House,Anchor Piping Works,WLD-023,Night,Carbon Steel A106-B,6.0,16.2,1G,DPT,Accept,,0.0,0.0
2025-11-07,J-02570,"16""-NG-1379",Utility Tie-in,Anchor Piping Works,WLD-014,Day,Carbon Steel A106-B,16.0,6.4,6G,UT,Accept,,0.0,0.0
2025-11-07,J-01927,"8""-IA-1281",Pipe Rack B,Meridian Fabricators,WLD-001,Night,Carbon Steel A106-B,8.0,10.9,3G,UT,Reject,Lack of Fusion,5049.0,5.3
2025-11-07,J-02824,"24""-FW-1375",Cooling Water Package,Meridian Fabricators,WLD-025,Day,Stainless 304L,24.0,9.0,6G,RT,Accept,,0.0,0.0
2025-11-07,J-02297,"12""-IA-1097",Utility Tie-in,Delta Mech Services,WLD-018,Day,Stainless 304L,12.0,21.1,2G,MPT,Accept,,0.0,0.0
2025-11-07,J-02165,"6""-PW-1110",Compressor House,Meridian Fabricators,WLD-025,Day,Carbon Steel A106-B,6.0,4.3,1G,UT,Accept,,0.0,0.0
2025-11-07,J-01788,"10""-FW-1276",Compressor House,Delta Mech Services,WLD-027,Day,Carbon Steel A106-B,10.0,12.2,1G,RT,Accept,,0.0,0.0
2025-11-08,J-01553,"6""-FW-1205",Cooling Water Package,Anchor Piping Works,WLD-008,Day,Alloy Steel P91,6.0,4.0,1G,UT,Accept,,0.0,0.0
2025-11-08,J-01273,"6""-CW-1198",TSA Unit,Anchor Piping Works,WLD-011,Day,Carbon Steel A106-B,6.0,23.3,3G,DPT,Accept,,0.0,0.0
2025-11-08,J-01079,"10""-CW-1049",TSA Unit,Delta Mech Services,WLD-024,Day,Stainless 304L,10.0,7.7,6G,RT,Accept,,0.0,0.0
2025-11-08,J-01932,"12""-PW-1117",TSA Unit,Meridian Fabricators,WLD-028,Night,Alloy Steel P91,12.0,18.5,5G,UT,Accept,,0.0,0.0
2025-11-08,J-01414,"6""-IA-1230",Pipe Rack A,Anchor Piping Works,WLD-020,Day,Carbon Steel A106-B,6.0,7.8,6G,UT,Reject,Lack of Fusion,3586.0,3.8
2025-11-08,J-02708,"8""-CW-1145",Utility Tie-in,Meridian Fabricators,WLD-013,Day,Stainless 304L,8.0,5.0,1G,DPT,Accept,,0.0,0.0
2025-11-08,J-01030,"20""-IA-1214",TSA Unit,Meridian Fabricators,WLD-010,Day,Stainless 304L,20.0,14.5,2G,DPT,Accept,,0.0,0.0
2025-11-08,J-01218,"6""-IA-1106",TSA Unit,Anchor Piping Works,WLD-023,Day,Alloy Steel P91,6.0,4.8,3G,RT,Accept,,0.0,0.0
2025-11-08,J-01036,"6""-PW-1287",Cooling Water Package,Anchor Piping Works,WLD-011,Night,Carbon Steel A106-B,6.0,12.2,5G,MPT,Accept,,0.0,0.0
2025-11-08,J-01484,"6""-NG-1110",Cooling Water Package,Meridian Fabricators,WLD-007,Day,Stainless 304L,6.0,4.0,5G,RT,Reject,Lack of Fusion,2466.0,2.6
2025-11-08,J-02855,"10""-NG-1143",Pipe Rack B,Meridian Fabricators,WLD-016,Day,Stainless 304L,10.0,12.2,5G,RT,Accept,,0.0,0.0
2025-11-09,J-02702,"8""-CW-1137",Cooling Water Package,Delta Mech Services,WLD-003,Night,Carbon Steel A106-B,8.0,8.3,3G,UT,Accept,,0.0,0.0
2025-11-09,J-01921,"6""-PW-1358",Pipe Rack B,Meridian Fabricators,WLD-016,Day,Stainless 304L,6.0,11.9,5G,RT,Accept,,0.0,0.0
2025-11-09,J-02845,"24""-NG-1396",Cooling Water Package,Meridian Fabricators,WLD-007,Night,Carbon Steel A106-B,24.0,21.0,6G,MPT,Reject,Porosity,9824.0,10.3
2025-11-09,J-02755,"8""-PW-1377",Cold Box,Delta Mech Services,WLD-006,Day,Carbon Steel A106-B,8.0,24.8,2G,RT,Accept,,0.0,0.0
2025-11-09,J-01536,"6""-FW-1123",Compressor House,Anchor Piping Works,WLD-005,Day,Alloy Steel P91,6.0,8.3,5G,DPT,Reject,Incomplete Penetration,3305.0,3.5
2025-11-10,J-01402,"20""-PW-1378",Utility Tie-in,Delta Mech Services,WLD-003,Day,Carbon Steel A106-B,20.0,19.7,5G,DPT,Reject,Slag Inclusion,7216.0,7.6
2025-11-10,J-02628,"24""-NG-1250",Pipe Rack A,Delta Mech Services,WLD-006,Day,Alloy Steel P91,24.0,21.6,5G,DPT,Accept,,0.0,0.0
2025-11-10,J-01522,"16""-PW-1036",TSA Unit,Delta Mech Services,WLD-027,Night,Alloy Steel P91,16.0,10.0,2G,UT,Accept,,0.0,0.0
2025-11-10,J-01934,"6""-PW-1378",Cooling Water Package,Meridian Fabricators,WLD-013,Night,Carbon Steel A106-B,6.0,9.3,2G,UT,Accept,,0.0,0.0
2025-11-10,J-02040,"6""-IA-1334",Pipe Rack A,Anchor Piping Works,WLD-026,Day,Stainless 304L,6.0,12.2,2G,DPT,Accept,,0.0,0.0
2025-11-10,J-02451,"4""-NG-1197",Cold Box,Delta Mech Services,WLD-006,Day,Carbon Steel A106-B,4.0,12.1,2G,RT,Accept,,0.0,0.0
2025-11-10,J-01382,"4""-CW-1066",Pipe Rack B,Delta Mech Services,WLD-015,Day,Stainless 304L,4.0,10.0,2G,RT,Accept,,0.0,0.0
2025-11-11,J-02176,"24""-NG-1037",Cold Box,Anchor Piping Works,WLD-020,Day,Alloy Steel P91,24.0,8.1,1G,RT,Reject,Undercut,7777.0,8.2
2025-11-11,J-03080,"3""-IA-1071",Cold Box,Delta Mech Services,WLD-003,Night,Stainless 304L,3.0,16.5,2G,DPT,Accept,,0.0,0.0
2025-11-11,J-01642,"6""-FW-1152",Pipe Rack B,Anchor Piping Works,WLD-017,Day,Carbon Steel A106-B,6.0,14.3,2G,DPT,Accept,,0.0,0.0
2025-11-12,J-01836,"20""-NG-1030",Compressor House,Anchor Piping Works,WLD-011,Night,Alloy Steel P91,20.0,7.6,1G,RT,Accept,,0.0,0.0
2025-11-12,J-02000,"2""-CW-1207",Pipe Rack B,Anchor Piping Works,WLD-008,Day,Carbon Steel A106-B,2.0,18.5,3G,RT,Accept,,0.0,0.0
2025-11-12,J-01661,"4""-PW-1143",Pipe Rack A,Delta Mech Services,WLD-006,Day,Stainless 304L,4.0,25.3,2G,RT,Accept,,0.0,0.0
2025-11-12,J-02278,"10""-NG-1063",Pipe Rack A,Delta Mech Services,WLD-021,Day,Carbon Steel A106-B,10.0,24.1,6G,RT,Accept,,0.0,0.0
2025-11-12,J-01292,"4""-CW-1212",Compressor House,Delta Mech Services,WLD-018,Day,Carbon Steel A106-B,4.0,10.0,2G,RT,Accept,,0.0,0.0
2025-11-12,J-01798,"6""-FW-1235",Utility Tie-in,Delta Mech Services,WLD-018,Day,Carbon Steel A106-B,6.0,4.3,1G,MPT,Accept,,0.0,0.0
2025-11-12,J-02237,"4""-NG-1286",Cooling Water Package,Meridian Fabricators,WLD-010,Day,Carbon Steel A106-B,4.0,11.2,6G,RT,Accept,,0.0,0.0
2025-11-12,J-01182,"10""-IA-1218",Pipe Rack A,Meridian Fabricators,WLD-013,Day,Carbon Steel A106-B,10.0,9.1,2G,RT,Accept,,0.0,0.0
2025-11-13,J-02298,"16""-CW-1255",Pipe Rack B,Anchor Piping Works,WLD-005,Day,Carbon Steel A106-B,16.0,5.0,2G,UT,Accept,,0.0,0.0
2025-11-13,J-02916,"6""-PW-1249",Pipe Rack B,Meridian Fabricators,WLD-016,Day,Carbon Steel A106-B,6.0,14.9,1G,RT,Accept,,0.0,0.0
2025-11-13,J-02144,"4""-FW-1174",Pipe Rack A,Delta Mech Services,WLD-003,Day,Carbon Steel A106-B,4.0,25.1,3G,MPT,Accept,,0.0,0.0
2025-11-13,J-01233,"6""-IA-1247",TSA Unit,Delta Mech Services,WLD-006,Day,Carbon Steel A106-B,6.0,17.1,2G,UT,Accept,,0.0,0.0
2025-11-14,J-01010,"3""-CW-1370",TSA Unit,Delta Mech Services,WLD-012,Day,Carbon Steel A106-B,3.0,16.9,1G,RT,Accept,,0.0,0.0
2025-11-14,J-02081,"12""-IA-1214",Cold Box,Delta Mech Services,WLD-021,Night,Carbon Steel A106-B,12.0,8.8,2G,DPT,Accept,,0.0,0.0
2025-11-14,J-02734,"4""-NG-1007",Cold Box,Meridian Fabricators,WLD-028,Day,Stainless 304L,4.0,10.4,1G,DPT,Accept,,0.0,0.0
2025-11-14,J-02616,"3""-FW-1377",Utility Tie-in,Delta Mech Services,WLD-024,Day,Alloy Steel P91,3.0,12.2,6G,UT,Accept,,0.0,0.0
2025-11-14,J-02512,"6""-NG-1069",Cold Box,Meridian Fabricators,WLD-022,Night,Carbon Steel A106-B,6.0,25.9,3G,MPT,Accept,,0.0,0.0
2025-11-14,J-02588,"16""-CW-1288",Pipe Rack A,Delta Mech Services,WLD-021,Day,Stainless 304L,16.0,20.6,2G,RT,Accept,,0.0,0.0
2025-11-14,J-02443,"2""-FW-1117",Cold Box,Meridian Fabricators,WLD-004,Night,Carbon Steel A106-B,2.0,9.8,1G,UT,Accept,,0.0,0.0
2025-11-14,J-02036,"8""-IA-1321",Pipe Rack B,Meridian Fabricators,WLD-001,Day,Carbon Steel A106-B,8.0,19.2,2G,MPT,Reject,Porosity,5853.0,6.2
2025-11-15,J-02786,"6""-FW-1162",Pipe Rack A,Anchor Piping Works,WLD-017,Day,Alloy Steel P91,6.0,8.2,2G,UT,Accept,,0.0,0.0
2025-11-15,J-02222,"3""-CW-1317",Pipe Rack A,Meridian Fabricators,WLD-016,Day,Alloy Steel P91,3.0,20.2,2G,UT,Accept,,0.0,0.0
2025-11-15,J-02750,"4""-IA-1376",Cold Box,Meridian Fabricators,WLD-022,Day,Carbon Steel A106-B,4.0,12.8,2G,MPT,Accept,,0.0,0.0
2025-11-15,J-01055,"6""-PW-1148",Compressor House,Delta Mech Services,WLD-018,Day,Carbon Steel A106-B,6.0,20.9,2G,MPT,Accept,,0.0,0.0
2025-11-15,J-01372,"2""-IA-1356",Pipe Rack B,Delta Mech Services,WLD-009,Day,Carbon Steel A106-B,2.0,8.6,1G,DPT,Accept,,0.0,0.0
2025-11-15,J-02329,"6""-CW-1362",Cold Box,Delta Mech Services,WLD-015,Day,Carbon Steel A106-B,6.0,4.7,2G,MPT,Accept,,0.0,0.0
2025-11-15,J-02086,"6""-NG-1119",Pipe Rack A,Meridian Fabricators,WLD-016,Night,Stainless 304L,6.0,7.8,3G,RT,Accept,,0.0,0.0
2025-11-15,J-01183,"8""-IA-1048",Pipe Rack A,Delta Mech Services,WLD-027,Night,Stainless 304L,8.0,17.2,2G,UT,Accept,,0.0,0.0
2025-11-15,J-02660,"6""-NG-1270",Pipe Rack A,Meridian Fabricators,WLD-022,Day,Carbon Steel A106-B,6.0,6.1,5G,DPT,Accept,,0.0,0.0
2025-11-15,J-02099,"4""-PW-1378",Cooling Water Package,Meridian Fabricators,WLD-013,Day,Stainless 304L,4.0,19.6,2G,RT,Accept,,0.0,0.0
2025-11-16,J-01624,"2""-PW-1276",Pipe Rack A,Anchor Piping Works,WLD-023,Day,Carbon Steel A106-B,2.0,13.9,5G,RT,Reject,Porosity,3020.0,3.2
2025-11-16,J-02621,"16""-IA-1082",Pipe Rack B,Delta Mech Services,WLD-006,Day,Carbon Steel A106-B,16.0,19.8,1G,RT,Accept,,0.0,0.0
2025-11-16,J-02241,"8""-NG-1189",Compressor House,Meridian Fabricators,WLD-013,Night,Carbon Steel A106-B,8.0,15.5,1G,MPT,Accept,,0.0,0.0
2025-11-16,J-01802,"10""-CW-1247",TSA Unit,Delta Mech Services,WLD-027,Day,Carbon Steel A106-B,10.0,25.0,2G,DPT,Accept,,0.0,0.0
2025-11-17,J-02004,"16""-IA-1262",TSA Unit,Anchor Piping Works,WLD-002,Day,Carbon Steel A106-B,16.0,15.9,6G,RT,Accept,,0.0,0.0
2025-11-17,J-01844,"16""-PW-1227",Utility Tie-in,Meridian Fabricators,WLD-013,Day,Carbon Steel A106-B,16.0,8.6,1G,DPT,Accept,,0.0,0.0
2025-11-17,J-02719,"3""-NG-1115",Cooling Water Package,Anchor Piping Works,WLD-026,Day,Carbon Steel A106-B,3.0,7.5,2G,RT,Accept,,0.0,0.0
2025-11-17,J-01898,"8""-FW-1102",Cold Box,Anchor Piping Works,WLD-023,Day,Carbon Steel A106-B,8.0,16.0,6G,RT,Reject,Crack,5882.0,6.2
2025-11-17,J-01263,"2""-FW-1227",TSA Unit,Delta Mech Services,WLD-018,Day,Carbon Steel A106-B,2.0,12.9,3G,DPT,Accept,,0.0,0.0
2025-11-17,J-02823,"12""-IA-1050",Pipe Rack B,Delta Mech Services,WLD-027,Day,Carbon Steel A106-B,12.0,11.4,1G,MPT,Accept,,0.0,0.0
2025-11-17,J-01734,"16""-IA-1281",Utility Tie-in,Anchor Piping Works,WLD-017,Day,Carbon Steel A106-B,16.0,16.5,5G,UT,Accept,,0.0,0.0
2025-11-18,J-03076,"6""-NG-1029",Utility Tie-in,Delta Mech Services,WLD-006,Day,Carbon Steel A106-B,6.0,21.9,2G,MPT,Accept,,0.0,0.0
2025-11-18,J-01224,"4""-NG-1167",Cold Box,Anchor Piping Works,WLD-026,Night,Carbon Steel A106-B,4.0,11.7,1G,DPT,Accept,,0.0,0.0
2025-11-18,J-01692,"20""-NG-1006",Utility Tie-in,Delta Mech Services,WLD-018,Night,Carbon Steel A106-B,20.0,14.7,1G,UT,Reject,Slag Inclusion,7155.0,7.5
2025-11-18,J-01051,"2""-CW-1187",Pipe Rack B,Delta Mech Services,WLD-012,Day,Stainless 304L,2.0,8.5,3G,UT,Accept,,0.0,0.0
2025-11-18,J-01590,"10""-NG-1317",Pipe Rack B,Delta Mech Services,WLD-024,Day,Stainless 304L,10.0,19.7,1G,RT,Accept,,0.0,0.0
2025-11-18,J-02942,"10""-FW-1299",Cold Box,Meridian Fabricators,WLD-004,Day,Carbon Steel A106-B,10.0,13.0,5G,RT,Accept,,0.0,0.0
2025-11-18,J-02825,"6""-NG-1133",Compressor House,Delta Mech Services,WLD-012,Day,Alloy Steel P91,6.0,20.6,2G,DPT,Accept,,0.0,0.0
2025-11-18,J-02195,"10""-PW-1045",Cold Box,Anchor Piping Works,WLD-005,Day,Stainless 304L,10.0,20.2,5G,RT,Accept,,0.0,0.0
2025-11-19,J-01459,"4""-FW-1256",Cold Box,Anchor Piping Works,WLD-026,Night,Carbon Steel A106-B,4.0,16.1,5G,UT,Accept,,0.0,0.0
2025-11-19,J-01477,"4""-FW-1176",Pipe Rack B,Anchor Piping Works,WLD-014,Day,Carbon Steel A106-B,4.0,5.8,2G,RT,Accept,,0.0,0.0
2025-11-19,J-02798,"6""-CW-1081",Utility Tie-in,Anchor Piping Works,WLD-014,Night,Carbon Steel A106-B,6.0,21.0,6G,MPT,Accept,,0.0,0.0
2025-11-19,J-01035,"6""-NG-1222",Compressor House,Delta Mech Services,WLD-006,Night,Alloy Steel P91,6.0,10.8,2G,RT,Reject,Porosity,4686.0,4.9
2025-11-19,J-01580,"10""-IA-1330",Pipe Rack B,Anchor Piping Works,WLD-002,Day,Stainless 304L,10.0,6.2,3G,DPT,Accept,,0.0,0.0
2025-11-19,J-01861,"3""-FW-1002",TSA Unit,Anchor Piping Works,WLD-020,Night,Carbon Steel A106-B,3.0,24.5,6G,MPT,Accept,,0.0,0.0
2025-11-19,J-01370,"12""-NG-1013",Pipe Rack A,Delta Mech Services,WLD-012,Night,Carbon Steel A106-B,12.0,15.7,3G,RT,Accept,,0.0,0.0
2025-11-19,J-03059,"3""-PW-1232",Pipe Rack A,Delta Mech Services,WLD-003,Night,Stainless 304L,3.0,21.1,2G,RT,Reject,Lack of Fusion,4142.0,4.4
2025-11-19,J-01195,"4""-FW-1230",Compressor House,Delta Mech Services,WLD-015,Day,Carbon Steel A106-B,4.0,4.8,5G,UT,Accept,,0.0,0.0
2025-11-20,J-02571,"12""-CW-1106",Pipe Rack A,Anchor Piping Works,WLD-014,Day,Carbon Steel A106-B,12.0,5.1,2G,UT,Accept,,0.0,0.0
2025-11-20,J-02732,"10""-FW-1007",Pipe Rack A,Delta Mech Services,WLD-021,Day,Stainless 304L,10.0,25.9,2G,RT,Reject,Incomplete Penetration,6233.0,6.6
2025-11-20,J-02851,"6""-PW-1311",Pipe Rack A,Delta Mech Services,WLD-021,Night,Carbon Steel A106-B,6.0,4.2,6G,RT,Accept,,0.0,0.0
2025-11-20,J-01832,"4""-FW-1148",Cooling Water Package,Delta Mech Services,WLD-006,Day,Carbon Steel A106-B,4.0,17.0,2G,DPT,Accept,,0.0,0.0
2025-11-20,J-01095,"3""-IA-1036",Compressor House,Meridian Fabricators,WLD-010,Day,Carbon Steel A106-B,3.0,6.7,2G,RT,Accept,,0.0,0.0
2025-11-20,J-03000,"10""-NG-1275",Utility Tie-in,Anchor Piping Works,WLD-026,Night,Carbon Steel A106-B,10.0,4.0,5G,RT,Reject,Slag Inclusion,3591.0,3.8
2025-11-21,J-01431,"16""-FW-1241",Cooling Water Package,Meridian Fabricators,WLD-028,Night,Carbon Steel A106-B,16.0,4.4,2G,RT,Accept,,0.0,0.0
2025-11-21,J-01950,"6""-PW-1305",Pipe Rack A,Meridian Fabricators,WLD-028,Day,Stainless 304L,6.0,17.8,3G,RT,Accept,,0.0,0.0
2025-11-21,J-01167,"2""-CW-1040",Utility Tie-in,Anchor Piping Works,WLD-005,Night,Alloy Steel P91,2.0,23.1,6G,RT,Accept,,0.0,0.0
2025-11-21,J-02545,"12""-CW-1330",Utility Tie-in,Anchor Piping Works,WLD-008,Night,Stainless 304L,12.0,20.5,3G,RT,Accept,,0.0,0.0
2025-11-22,J-01046,"8""-PW-1091",Pipe Rack A,Delta Mech Services,WLD-018,Day,Carbon Steel A106-B,8.0,10.9,3G,RT,Reject,Lack of Fusion,5678.0,6.0
2025-11-22,J-02030,"6""-FW-1298",Pipe Rack A,Anchor Piping Works,WLD-026,Day,Carbon Steel A106-B,6.0,21.4,1G,RT,Accept,,0.0,0.0
2025-11-22,J-02108,"6""-CW-1358",Cooling Water Package,Anchor Piping Works,WLD-023,Day,Carbon Steel A106-B,6.0,10.4,1G,MPT,Reject,Slag Inclusion,4471.0,4.7
2025-11-22,J-02464,"2""-FW-1034",TSA Unit,Delta Mech Services,WLD-009,Night,Carbon Steel A106-B,2.0,6.0,3G,RT,Accept,,0.0,0.0
2025-11-22,J-01545,"8""-FW-1119",Pipe Rack B,Anchor Piping Works,WLD-002,Night,Carbon Steel A106-B,8.0,18.3,2G,RT,Accept,,0.0,0.0
2025-11-22,J-01588,"3""-NG-1208",Utility Tie-in,Anchor Piping Works,WLD-023,Night,Stainless 304L,3.0,21.0,2G,RT,Accept,,0.0,0.0
2025-11-22,J-02982,"6""-CW-1011",Compressor House,Meridian Fabricators,WLD-007,Day,Carbon Steel A106-B,6.0,8.2,1G,DPT,Accept,,0.0,0.0
2025-11-22,J-01490,"4""-FW-1063",Pipe Rack A,Anchor Piping Works,WLD-026,Night,Carbon Steel A106-B,4.0,22.2,3G,MPT,Reject,Porosity,3102.0,3.3
2025-11-23,J-01996,"3""-NG-1328",TSA Unit,Delta Mech Services,WLD-009,Day,Stainless 304L,3.0,4.5,2G,DPT,Reject,Lack of Fusion,2808.0,3.0
2025-11-23,J-01926,"8""-PW-1038",Pipe Rack A,Meridian Fabricators,WLD-025,Night,Alloy Steel P91,8.0,10.1,2G,RT,Accept,,0.0,0.0
2025-11-23,J-02518,"12""-IA-1282",Pipe Rack A,Anchor Piping Works,WLD-005,Day,Carbon Steel A106-B,12.0,13.4,5G,UT,Accept,,0.0,0.0
2025-11-24,J-01318,"10""-CW-1360",Compressor House,Meridian Fabricators,WLD-013,Day,Carbon Steel A106-B,10.0,24.8,1G,RT,Accept,,0.0,0.0
2025-11-24,J-02129,"20""-CW-1145",Compressor House,Delta Mech Services,WLD-027,Night,Carbon Steel A106-B,20.0,22.9,1G,MPT,Accept,,0.0,0.0
2025-11-24,J-01327,"4""-IA-1216",Cooling Water Package,Meridian Fabricators,WLD-028,Day,Stainless 304L,4.0,11.2,1G,RT,Accept,,0.0,0.0
2025-11-24,J-02012,"4""-PW-1043",Cooling Water Package,Delta Mech Services,WLD-006,Day,Stainless 304L,4.0,18.1,2G,DPT,Reject,Undercut,3378.0,3.6
2025-11-24,J-02764,"3""-PW-1019",Compressor House,Delta Mech Services,WLD-015,Night,Alloy Steel P91,3.0,6.5,3G,RT,Accept,,0.0,0.0
2025-11-24,J-01860,"4""-NG-1220",Cold Box,Meridian Fabricators,WLD-001,Night,Carbon Steel A106-B,4.0,21.8,1G,RT,Reject,Porosity,4955.0,5.2
2025-11-25,J-03061,"2""-CW-1352",TSA Unit,Anchor Piping Works,WLD-017,Day,Stainless 304L,2.0,9.5,5G,RT,Accept,,0.0,0.0
2025-11-25,J-01391,"20""-CW-1255",Utility Tie-in,Meridian Fabricators,WLD-013,Day,Stainless 304L,20.0,15.1,3G,UT,Accept,,0.0,0.0
2025-11-25,J-01421,"4""-CW-1314",Compressor House,Delta Mech Services,WLD-018,Day,Carbon Steel A106-B,4.0,4.6,2G,UT,Accept,,0.0,0.0
2025-11-25,J-02423,"10""-IA-1357",Cold Box,Anchor Piping Works,WLD-017,Day,Carbon Steel A106-B,10.0,9.4,2G,MPT,Accept,,0.0,0.0
2025-11-25,J-02638,"4""-NG-1317",TSA Unit,Delta Mech Services,WLD-012,Night,Alloy Steel P91,4.0,24.9,1G,MPT,Reject,Porosity,4456.0,4.7
2025-11-25,J-02751,"2""-PW-1204",Cold Box,Anchor Piping Works,WLD-011,Night,Alloy Steel P91,2.0,19.6,6G,UT,Accept,,0.0,0.0
2025-11-25,J-02063,"24""-NG-1278",Compressor House,Delta Mech Services,WLD-024,Day,Stainless 304L,24.0,18.0,1G,RT,Accept,,0.0,0.0
2025-11-26,J-01727,"2""-FW-1066",Cooling Water Package,Meridian Fabricators,WLD-001,Day,Stainless 304L,2.0,15.0,2G,UT,Accept,,0.0,0.0
2025-11-26,J-01520,"24""-NG-1088",Cold Box,Meridian Fabricators,WLD-016,Day,Carbon Steel A106-B,24.0,10.5,1G,DPT,Accept,,0.0,0.0
2025-11-26,J-02307,"4""-PW-1025",Cooling Water Package,Delta Mech Services,WLD-006,Day,Carbon Steel A106-B,4.0,23.1,3G,UT,Accept,,0.0,0.0
2025-11-26,J-01740,"16""-NG-1264",Pipe Rack A,Anchor Piping Works,WLD-005,Night,Alloy Steel P91,16.0,18.1,3G,RT,Accept,,0.0,0.0
2025-11-26,J-02202,"6""-NG-1313",Cooling Water Package,Delta Mech Services,WLD-015,Night,Alloy Steel P91,6.0,16.7,6G,MPT,Accept,,0.0,0.0
2025-11-26,J-01226,"6""-FW-1025",Compressor House,Delta Mech Services,WLD-027,Day,Alloy Steel P91,6.0,15.8,5G,RT,Accept,,0.0,0.0
2025-11-26,J-01269,"10""-NG-1084",Cold Box,Meridian Fabricators,WLD-001,Day,Alloy Steel P91,10.0,13.9,5G,MPT,Accept,,0.0,0.0
2025-11-26,J-02946,"6""-FW-1107",Utility Tie-in,Anchor Piping Works,WLD-020,Day,Alloy Steel P91,6.0,21.2,2G,MPT,Accept,,0.0,0.0
2025-11-26,J-02005,"6""-NG-1010",Compressor House,Delta Mech Services,WLD-012,Day,Carbon Steel A106-B,6.0,17.1,6G,MPT,Accept,,0.0,0.0
2025-11-26,J-02537,"6""-IA-1246",Compressor House,Anchor Piping Works,WLD-017,Day,Alloy Steel P91,6.0,21.3,3G,RT,Reject,Incomplete Penetration,5087.0,5.4
2025-11-26,J-01128,"8""-NG-1157",Cooling Water Package,Meridian Fabricators,WLD-025,Day,Carbon Steel A106-B,8.0,24.4,3G,RT,Accept,,0.0,0.0
2025-11-27,J-01531,"3""-FW-1255",Compressor House,Meridian Fabricators,WLD-001,Night,Carbon Steel A106-B,3.0,6.3,2G,UT,Accept,,0.0,0.0
2025-11-27,J-02466,"4""-PW-1351",Cold Box,Meridian Fabricators,WLD-013,Day,Carbon Steel A106-B,4.0,19.1,1G,UT,Accept,,0.0,0.0
2025-11-27,J-02973,"8""-NG-1137",Cooling Water Package,Delta Mech Services,WLD-021,Day,Alloy Steel P91,8.0,4.7,2G,DPT,Accept,,0.0,0.0
2025-11-27,J-02153,"24""-NG-1055",Utility Tie-in,Meridian Fabricators,WLD-013,Day,Carbon Steel A106-B,24.0,5.3,5G,RT,Reject,Crack,7655.0,8.1
2025-11-27,J-01885,"24""-IA-1009",Compressor House,Delta Mech Services,WLD-009,Day,Stainless 304L,24.0,11.8,5G,DPT,Reject,Lack of Fusion,8892.0,9.4
2025-11-27,J-01845,"4""-IA-1148",Pipe Rack A,Meridian Fabricators,WLD-022,Day,Stainless 304L,4.0,19.0,1G,UT,Accept,,0.0,0.0
2025-11-27,J-02319,"6""-CW-1124",Compressor House,Delta Mech Services,WLD-012,Night,Carbon Steel A106-B,6.0,19.5,6G,UT,Accept,,0.0,0.0
2025-11-27,J-02437,"12""-CW-1170",Cooling Water Package,Meridian Fabricators,WLD-016,Day,Alloy Steel P91,12.0,20.3,2G,RT,Accept,,0.0,0.0
2025-11-27,J-01152,"12""-NG-1143",Cooling Water Package,Anchor Piping Works,WLD-005,Day,Carbon Steel A106-B,12.0,19.6,1G,DPT,Accept,,0.0,0.0
2025-11-27,J-03003,"4""-CW-1218",Utility Tie-in,Meridian Fabricators,WLD-013,Day,Carbon Steel A106-B,4.0,4.4,2G,UT,Accept,,0.0,0.0
2025-11-28,J-02611,"10""-IA-1106",TSA Unit,Meridian Fabricators,WLD-016,Night,Alloy Steel P91,10.0,25.7,6G,RT,Accept,,0.0,0.0
2025-11-28,J-01669,"6""-FW-1399",Pipe Rack B,Meridian Fabricators,WLD-028,Day,Carbon Steel A106-B,6.0,4.3,2G,RT,Accept,,0.0,0.0
2025-11-28,J-02899,"10""-CW-1192",Pipe Rack A,Anchor Piping Works,WLD-020,Day,Carbon Steel A106-B,10.0,24.8,3G,UT,Accept,,0.0,0.0
2025-11-28,J-02678,"12""-IA-1234",Pipe Rack B,Meridian Fabricators,WLD-016,Day,Carbon Steel A106-B,12.0,6.6,1G,RT,Accept,,0.0,0.0
2025-11-28,J-02674,"12""-PW-1296",Cold Box,Anchor Piping Works,WLD-011,Night,Carbon Steel A106-B,12.0,22.2,5G,UT,Accept,,0.0,0.0
2025-11-28,J-02952,"2""-NG-1042",TSA Unit,Meridian Fabricators,WLD-001,Day,Stainless 304L,2.0,11.7,2G,UT,Accept,,0.0,0.0
2025-11-28,J-02071,"8""-FW-1289",Cooling Water Package,Anchor Piping Works,WLD-005,Night,Carbon Steel A106-B,8.0,13.4,2G,RT,Accept,,0.0,0.0
2025-11-28,J-01948,"12""-PW-1231",Pipe Rack A,Meridian Fabricators,WLD-016,Day,Carbon Steel A106-B,12.0,8.3,3G,RT,Accept,,0.0,0.0
2025-11-29,J-02800,"4""-PW-1016",TSA Unit,Delta Mech Services,WLD-015,Day,Stainless 304L,4.0,11.9,3G,UT,Accept,,0.0,0.0
2025-11-29,J-01040,"2""-FW-1096",Cold Box,Delta Mech Services,WLD-006,Day,Stainless 304L,2.0,17.3,6G,RT,Accept,,0.0,0.0
2025-11-29,J-01256,"16""-IA-1248",Utility Tie-in,Anchor Piping Works,WLD-011,Day,Alloy Steel P91,16.0,22.2,3G,DPT,Accept,,0.0,0.0
2025-11-29,J-02107,"20""-FW-1240",Utility Tie-in,Delta Mech Services,WLD-027,Day,Stainless 304L,20.0,25.2,5G,UT,Accept,,0.0,0.0
2025-11-29,J-01701,"10""-FW-1369",Cold Box,Anchor Piping Works,WLD-023,Day,Stainless 304L,10.0,20.5,2G,UT,Accept,,0.0,0.0
2025-11-29,J-02691,"10""-PW-1244",Utility Tie-in,Anchor Piping Works,WLD-011,Day,Carbon Steel A106-B,10.0,18.1,2G,UT,Accept,,0.0,0.0
2025-11-30,J-03031,"24""-IA-1317",Utility Tie-in,Meridian Fabricators,WLD-004,Day,Stainless 304L,24.0,4.8,5G,MPT,Accept,,0.0,0.0
2025-11-30,J-01566,"24""-NG-1301",Compressor House,Meridian Fabricators,WLD-001,Day,Alloy Steel P91,24.0,18.9,2G,RT,Accept,,0.0,0.0
2025-12-01,J-01718,"12""-PW-1298",Pipe Rack B,Meridian Fabricators,WLD-007,Night,Carbon Steel A106-B,12.0,21.5,6G,MPT,Reject,Undercut,6394.0,6.7
2025-12-01,J-01324,"16""-CW-1078",Utility Tie-in,Anchor Piping Works,WLD-014,Day,Carbon Steel A106-B,16.0,7.1,1G,MPT,Accept,,0.0,0.0
2025-12-01,J-01993,"8""-PW-1155",Pipe Rack B,Delta Mech Services,WLD-012,Day,Stainless 304L,8.0,8.6,2G,UT,Accept,,0.0,0.0
2025-12-01,J-02815,"3""-PW-1060",TSA Unit,Anchor Piping Works,WLD-005,Day,Alloy Steel P91,3.0,19.0,2G,RT,Accept,,0.0,0.0
2025-12-01,J-01260,"6""-CW-1007",Utility Tie-in,Delta Mech Services,WLD-018,Day,Stainless 304L,6.0,4.8,3G,UT,Reject,Undercut,3999.0,4.2
2025-12-01,J-01636,"10""-PW-1300",Cold Box,Meridian Fabricators,WLD-013,Day,Stainless 304L,10.0,8.5,1G,RT,Accept,,0.0,0.0
2025-12-01,J-01371,"4""-PW-1216",Pipe Rack B,Meridian Fabricators,WLD-019,Day,Stainless 304L,4.0,22.9,1G,RT,Reject,Porosity,5110.0,5.4
2025-12-02,J-02295,"3""-IA-1159",Pipe Rack A,Meridian Fabricators,WLD-016,Day,Stainless 304L,3.0,11.1,2G,RT,Accept,,0.0,0.0
2025-12-02,J-02490,"2""-PW-1087",Pipe Rack A,Anchor Piping Works,WLD-008,Night,Carbon Steel A106-B,2.0,14.6,3G,UT,Reject,Incomplete Penetration,2654.0,2.8
2025-12-02,J-01687,"8""-CW-1023",Compressor House,Anchor Piping Works,WLD-008,Day,Stainless 304L,8.0,12.4,2G,DPT,Accept,,0.0,0.0
2025-12-03,J-02138,"2""-FW-1287",Pipe Rack B,Meridian Fabricators,WLD-022,Day,Stainless 304L,2.0,9.4,2G,UT,Accept,,0.0,0.0
2025-12-03,J-01533,"16""-IA-1330",Cold Box,Delta Mech Services,WLD-003,Night,Carbon Steel A106-B,16.0,17.2,1G,MPT,Accept,,0.0,0.0
2025-12-03,J-01169,"6""-NG-1333",Cooling Water Package,Anchor Piping Works,WLD-005,Day,Carbon Steel A106-B,6.0,16.8,1G,UT,Accept,,0.0,0.0
2025-12-03,J-02993,"4""-PW-1203",TSA Unit,Meridian Fabricators,WLD-010,Night,Carbon Steel A106-B,4.0,21.2,1G,DPT,Accept,,0.0,0.0
2025-12-03,J-02058,"4""-FW-1168",Pipe Rack A,Delta Mech Services,WLD-018,Day,Carbon Steel A106-B,4.0,24.1,1G,DPT,Accept,,0.0,0.0
2025-12-03,J-02051,"12""-IA-1024",TSA Unit,Delta Mech Services,WLD-015,Day,Stainless 304L,12.0,13.5,1G,RT,Accept,,0.0,0.0
2025-12-03,J-03071,"24""-PW-1238",Pipe Rack B,Meridian Fabricators,WLD-010,Night,Alloy Steel P91,24.0,6.6,3G,RT,Accept,,0.0,0.0
2025-12-03,J-01735,"8""-IA-1117",Cooling Water Package,Meridian Fabricators,WLD-001,Day,Alloy Steel P91,8.0,15.7,6G,MPT,Accept,,0.0,0.0
2025-12-03,J-01349,"8""-IA-1176",Pipe Rack A,Delta Mech Services,WLD-021,Day,Alloy Steel P91,8.0,11.2,3G,RT,Accept,,0.0,0.0
2025-12-04,J-02849,"12""-CW-1225",Cooling Water Package,Anchor Piping Works,WLD-017,Day,Carbon Steel A106-B,12.0,24.2,2G,RT,Reject,Porosity,6384.0,6.7
2025-12-04,J-02774,"4""-NG-1250",TSA Unit,Delta Mech Services,WLD-021,Day,Stainless 304L,4.0,25.0,3G,MPT,Accept,,0.0,0.0
2025-12-04,J-01464,"2""-FW-1340",Cooling Water Package,Anchor Piping Works,WLD-005,Day,Alloy Steel P91,2.0,14.7,2G,MPT,Reject,Undercut,3771.0,4.0
2025-12-04,J-02649,"20""-IA-1259",Pipe Rack B,Meridian Fabricators,WLD-016,Night,Alloy Steel P91,20.0,6.9,2G,RT,Accept,,0.0,0.0
2025-12-04,J-01234,"3""-NG-1367",Cooling Water Package,Delta Mech Services,WLD-003,Day,Carbon Steel A106-B,3.0,20.8,2G,RT,Accept,,0.0,0.0
2025-12-04,J-01906,"24""-FW-1087",TSA Unit,Anchor Piping Works,WLD-011,Day,Stainless 304L,24.0,21.8,2G,RT,Accept,,0.0,0.0
2025-12-04,J-01574,"8""-FW-1081",Utility Tie-in,Delta Mech Services,WLD-003,Night,Carbon Steel A106-B,8.0,11.9,2G,RT,Accept,,0.0,0.0
2025-12-04,J-02766,"6""-FW-1060",Pipe Rack A,Anchor Piping Works,WLD-026,Day,Stainless 304L,6.0,24.5,5G,DPT,Accept,,0.0,0.0
2025-12-05,J-02633,"4""-CW-1040",Pipe Rack A,Meridian Fabricators,WLD-010,Day,Carbon Steel A106-B,4.0,18.7,1G,RT,Accept,,0.0,0.0
2025-12-05,J-02355,"10""-NG-1072",Compressor House,Delta Mech Services,WLD-009,Night,Stainless 304L,10.0,20.2,3G,DPT,Accept,,0.0,0.0
2025-12-05,J-02531,"3""-FW-1191",Utility Tie-in,Delta Mech Services,WLD-024,Day,Carbon Steel A106-B,3.0,17.7,1G,DPT,Accept,,0.0,0.0
2025-12-05,J-02597,"12""-IA-1306",Cold Box,Anchor Piping Works,WLD-002,Day,Alloy Steel P91,12.0,24.8,3G,MPT,Accept,,0.0,0.0
2025-12-05,J-01098,"8""-FW-1085",Pipe Rack B,Anchor Piping Works,WLD-026,Day,Carbon Steel A106-B,8.0,20.5,2G,MPT,Accept,,0.0,0.0
2025-12-05,J-01173,"2""-PW-1300",Pipe Rack A,Delta Mech Services,WLD-027,Day,Stainless 304L,2.0,11.6,1G,UT,Accept,,0.0,0.0
2025-12-05,J-01803,"16""-IA-1288",TSA Unit,Meridian Fabricators,WLD-001,Day,Alloy Steel P91,16.0,23.8,2G,RT,Accept,,0.0,0.0
2025-12-05,J-01607,"20""-CW-1193",Utility Tie-in,Delta Mech Services,WLD-018,Day,Carbon Steel A106-B,20.0,14.6,3G,RT,Accept,,0.0,0.0
2025-12-05,J-01939,"3""-CW-1108",Cold Box,Meridian Fabricators,WLD-007,Night,Stainless 304L,3.0,15.8,2G,MPT,Accept,,0.0,0.0
2025-12-05,J-02498,"3""-NG-1352",Cold Box,Anchor Piping Works,WLD-023,Night,Carbon Steel A106-B,3.0,10.0,2G,DPT,Accept,,0.0,0.0
2025-12-05,J-02533,"8""-PW-1223",Utility Tie-in,Delta Mech Services,WLD-024,Day,Carbon Steel A106-B,8.0,8.6,5G,RT,Accept,,0.0,0.0
2025-12-06,J-03045,"8""-CW-1223",Pipe Rack A,Delta Mech Services,WLD-006,Day,Carbon Steel A106-B,8.0,14.9,5G,RT,Accept,,0.0,0.0
2025-12-06,J-02134,"8""-CW-1201",Compressor House,Anchor Piping Works,WLD-020,Day,Stainless 304L,8.0,23.0,6G,RT,Reject,Lack of Fusion,5417.0,5.7
2025-12-06,J-02634,"10""-FW-1214",Cold Box,Meridian Fabricators,WLD-010,Day,Carbon Steel A106-B,10.0,22.9,1G,MPT,Accept,,0.0,0.0
2025-12-06,J-03046,"6""-CW-1191",Pipe Rack B,Meridian Fabricators,WLD-016,Night,Carbon Steel A106-B,6.0,5.0,5G,UT,Accept,,0.0,0.0
2025-12-06,J-01236,"10""-IA-1227",Utility Tie-in,Anchor Piping Works,WLD-017,Day,Alloy Steel P91,10.0,23.1,2G,RT,Accept,,0.0,0.0
2025-12-06,J-01599,"8""-PW-1306",Pipe Rack A,Meridian Fabricators,WLD-016,Day,Stainless 304L,8.0,17.7,1G,DPT,Accept,,0.0,0.0
2025-12-06,J-01848,"6""-FW-1392",TSA Unit,Meridian Fabricators,WLD-004,Day,Carbon Steel A106-B,6.0,12.1,6G,DPT,Accept,,0.0,0.0
2025-12-07,J-01538,"2""-IA-1118",TSA Unit,Delta Mech Services,WLD-003,Night,Stainless 304L,2.0,17.9,3G,RT,Accept,,0.0,0.0
2025-12-07,J-01096,"2""-PW-1129",TSA Unit,Delta Mech Services,WLD-027,Day,Carbon Steel A106-B,2.0,6.5,1G,RT,Accept,,0.0,0.0
2025-12-07,J-02489,"8""-FW-1106",Cold Box,Anchor Piping Works,WLD-011,Day,Stainless 304L,8.0,5.7,3G,RT,Reject,Excess Reinforcement,4556.0,4.8
2025-12-07,J-01913,"6""-IA-1348",Compressor House,Delta Mech Services,WLD-009,Night,Stainless 304L,6.0,4.6,6G,RT,Reject,Undercut,4224.0,4.4
2025-12-07,J-01385,"3""-FW-1006",Pipe Rack B,Anchor Piping Works,WLD-008,Night,Carbon Steel A106-B,3.0,11.6,1G,DPT,Accept,,0.0,0.0
2025-12-07,J-02181,"8""-IA-1265",Pipe Rack B,Anchor Piping Works,WLD-017,Day,Carbon Steel A106-B,8.0,11.3,2G,RT,Accept,,0.0,0.0
2025-12-07,J-02932,"10""-FW-1261",Utility Tie-in,Delta Mech Services,WLD-006,Day,Alloy Steel P91,10.0,22.1,1G,MPT,Accept,,0.0,0.0
2025-12-07,J-03036,"4""-NG-1031",Pipe Rack B,Anchor Piping Works,WLD-017,Day,Carbon Steel A106-B,4.0,18.1,5G,UT,Accept,,0.0,0.0
2025-12-07,J-01586,"4""-CW-1015",Utility Tie-in,Delta Mech Services,WLD-018,Night,Stainless 304L,4.0,15.5,2G,DPT,Accept,,0.0,0.0
2025-12-07,J-02365,"2""-IA-1062",Cold Box,Meridian Fabricators,WLD-004,Day,Alloy Steel P91,2.0,13.0,1G,DPT,Accept,,0.0,0.0
2025-12-08,J-03096,"2""-NG-1376",Cooling Water Package,Anchor Piping Works,WLD-023,Night,Stainless 304L,2.0,8.4,1G,UT,Accept,,0.0,0.0
2025-12-08,J-01082,"10""-NG-1393",Pipe Rack B,Anchor Piping Works,WLD-008,Day,Carbon Steel A106-B,10.0,16.4,3G,UT,Accept,,0.0,0.0
2025-12-08,J-02542,"6""-FW-1240",Cold Box,Anchor Piping Works,WLD-026,Day,Carbon Steel A106-B,6.0,21.6,1G,RT,Accept,,0.0,0.0
2025-12-08,J-02731,"12""-NG-1270",Pipe Rack B,Meridian Fabricators,WLD-028,Day,Carbon Steel A106-B,12.0,25.2,1G,RT,Accept,,0.0,0.0
2025-12-08,J-02680,"12""-PW-1066",Cooling Water Package,Delta Mech Services,WLD-003,Day,Carbon Steel A106-B,12.0,23.8,1G,RT,Accept,,0.0,0.0
2025-12-08,J-01562,"6""-NG-1220",Pipe Rack A,Meridian Fabricators,WLD-010,Day,Stainless 304L,6.0,3.9,5G,UT,Accept,,0.0,0.0
2025-12-08,J-01049,"4""-IA-1292",Cold Box,Anchor Piping Works,WLD-011,Night,Carbon Steel A106-B,4.0,11.3,1G,RT,Accept,,0.0,0.0
2025-12-09,J-01174,"16""-CW-1087",Compressor House,Delta Mech Services,WLD-012,Night,Carbon Steel A106-B,16.0,20.4,6G,RT,Accept,,0.0,0.0
2025-12-09,J-02422,"16""-NG-1382",Utility Tie-in,Delta Mech Services,WLD-024,Night,Alloy Steel P91,16.0,13.8,5G,UT,Accept,,0.0,0.0
2025-12-09,J-01389,"8""-NG-1321",TSA Unit,Delta Mech Services,WLD-018,Day,Carbon Steel A106-B,8.0,9.9,3G,MPT,Accept,,0.0,0.0
2025-12-09,J-01508,"10""-FW-1203",Cooling Water Package,Anchor Piping Works,WLD-020,Day,Carbon Steel A106-B,10.0,8.3,2G,RT,Accept,,0.0,0.0
2025-12-09,J-01162,"3""-NG-1036",Pipe Rack A,Delta Mech Services,WLD-006,Night,Carbon Steel A106-B,3.0,15.4,1G,RT,Accept,,0.0,0.0
2025-12-09,J-01487,"12""-NG-1292",Utility Tie-in,Meridian Fabricators,WLD-016,Day,Carbon Steel A106-B,12.0,20.0,2G,UT,Accept,,0.0,0.0
2025-12-10,J-02317,"12""-PW-1398",Cold Box,Anchor Piping Works,WLD-023,Day,Stainless 304L,12.0,8.7,1G,RT,Reject,Undercut,4378.0,4.6
2025-12-10,J-01760,"12""-NG-1297",TSA Unit,Meridian Fabricators,WLD-001,Night,Carbon Steel A106-B,12.0,6.3,1G,DPT,Accept,,0.0,0.0
2025-12-10,J-02513,"8""-IA-1093",Pipe Rack A,Anchor Piping Works,WLD-026,Day,Carbon Steel A106-B,8.0,22.3,5G,RT,Accept,,0.0,0.0
2025-12-10,J-02761,"4""-IA-1119",Utility Tie-in,Meridian Fabricators,WLD-028,Day,Carbon Steel A106-B,4.0,22.5,1G,RT,Reject,Incomplete Penetration,5247.0,5.5
2025-12-10,J-01987,"8""-PW-1296",TSA Unit,Delta Mech Services,WLD-003,Day,Alloy Steel P91,8.0,21.7,5G,RT,Reject,Porosity,6102.0,6.4
2025-12-10,J-01677,"3""-CW-1259",Pipe Rack A,Meridian Fabricators,WLD-001,Day,Carbon Steel A106-B,3.0,13.5,2G,UT,Accept,,0.0,0.0
2025-12-10,J-01122,"3""-FW-1190",Cooling Water Package,Anchor Piping Works,WLD-002,Night,Carbon Steel A106-B,3.0,23.6,1G,UT,Accept,,0.0,0.0
2025-12-10,J-01859,"6""-NG-1324",Cold Box,Meridian Fabricators,WLD-007,Day,Carbon Steel A106-B,6.0,13.8,2G,UT,Accept,,0.0,0.0
2025-12-10,J-03037,"12""-PW-1258",Utility Tie-in,Meridian Fabricators,WLD-010,Day,Alloy Steel P91,12.0,4.9,6G,DPT,Reject,Porosity,5615.0,5.9
2025-12-11,J-01659,"20""-PW-1213",TSA Unit,Delta Mech Services,WLD-003,Day,Carbon Steel A106-B,20.0,11.1,2G,UT,Accept,,0.0,0.0
2025-12-11,J-01031,"10""-NG-1201",TSA Unit,Anchor Piping Works,WLD-014,Day,Carbon Steel A106-B,10.0,8.4,5G,RT,Accept,,0.0,0.0
2025-12-11,J-02723,"3""-NG-1284",Cold Box,Delta Mech Services,WLD-012,Day,Carbon Steel A106-B,3.0,24.1,1G,MPT,Accept,,0.0,0.0
2025-12-11,J-02847,"3""-IA-1018",Compressor House,Meridian Fabricators,WLD-007,Night,Carbon Steel A106-B,3.0,11.9,2G,UT,Accept,,0.0,0.0
2025-12-11,J-01041,"12""-PW-1216",Cooling Water Package,Meridian Fabricators,WLD-007,Night,Alloy Steel P91,12.0,4.8,5G,UT,Reject,Porosity,4717.0,5.0
2025-12-11,J-01146,"10""-FW-1092",Cooling Water Package,Anchor Piping Works,WLD-011,Day,Carbon Steel A106-B,10.0,18.8,5G,RT,Accept,,0.0,0.0
2025-12-11,J-02118,"4""-PW-1374",Pipe Rack B,Anchor Piping Works,WLD-020,Night,Alloy Steel P91,4.0,19.7,2G,MPT,Reject,Incomplete Penetration,4925.0,5.2
2025-12-11,J-01187,"8""-FW-1044",Compressor House,Anchor Piping Works,WLD-011,Day,Carbon Steel A106-B,8.0,25.9,1G,RT,Accept,,0.0,0.0
2025-12-11,J-02885,"6""-FW-1098",Pipe Rack A,Delta Mech Services,WLD-021,Day,Carbon Steel A106-B,6.0,20.1,3G,MPT,Accept,,0.0,0.0
2025-12-12,J-01725,"8""-NG-1335",Utility Tie-in,Meridian Fabricators,WLD-016,Night,Stainless 304L,8.0,20.1,2G,UT,Accept,,0.0,0.0
2025-12-12,J-01379,"10""-IA-1085",TSA Unit,Anchor Piping Works,WLD-005,Night,Stainless 304L,10.0,20.6,5G,RT,Accept,,0.0,0.0
2025-12-12,J-02919,"8""-CW-1259",TSA Unit,Meridian Fabricators,WLD-001,Day,Carbon Steel A106-B,8.0,5.7,5G,RT,Accept,,0.0,0.0
2025-12-12,J-02261,"2""-PW-1314",Cooling Water Package,Delta Mech Services,WLD-003,Day,Stainless 304L,2.0,15.9,6G,RT,Accept,,0.0,0.0
2025-12-12,J-02415,"10""-CW-1283",Pipe Rack A,Anchor Piping Works,WLD-014,Night,Alloy Steel P91,10.0,8.5,3G,RT,Reject,Incomplete Penetration,3921.0,4.1
2025-12-12,J-01072,"4""-PW-1001",Cold Box,Meridian Fabricators,WLD-004,Night,Carbon Steel A106-B,4.0,12.6,2G,RT,Accept,,0.0,0.0
2025-12-13,J-01297,"10""-PW-1102",Utility Tie-in,Meridian Fabricators,WLD-025,Day,Alloy Steel P91,10.0,5.2,5G,RT,Accept,,0.0,0.0
2025-12-13,J-01579,"8""-PW-1179",Cooling Water Package,Anchor Piping Works,WLD-017,Day,Carbon Steel A106-B,8.0,13.1,5G,MPT,Accept,,0.0,0.0
2025-12-13,J-02586,"8""-CW-1300",Cooling Water Package,Delta Mech Services,WLD-015,Day,Carbon Steel A106-B,8.0,4.6,1G,RT,Accept,,0.0,0.0
2025-12-13,J-01617,"12""-PW-1340",Cold Box,Anchor Piping Works,WLD-002,Day,Carbon Steel A106-B,12.0,14.8,1G,RT,Accept,,0.0,0.0
2025-12-13,J-01439,"3""-CW-1092",TSA Unit,Meridian Fabricators,WLD-022,Day,Carbon Steel A106-B,3.0,16.1,5G,RT,Reject,Undercut,3558.0,3.7
2025-12-13,J-01840,"6""-CW-1366",Pipe Rack A,Delta Mech Services,WLD-021,Day,Carbon Steel A106-B,6.0,15.0,6G,UT,Reject,Porosity,4759.0,5.0
2025-12-13,J-02926,"3""-NG-1049",Pipe Rack B,Meridian Fabricators,WLD-013,Day,Carbon Steel A106-B,3.0,7.2,1G,UT,Accept,,0.0,0.0
2025-12-13,J-02828,"10""-FW-1238",Pipe Rack B,Anchor Piping Works,WLD-008,Day,Alloy Steel P91,10.0,10.2,3G,RT,Reject,Porosity,4750.0,5.0
2025-12-13,J-01107,"4""-CW-1127",Cooling Water Package,Meridian Fabricators,WLD-010,Day,Carbon Steel A106-B,4.0,24.1,3G,RT,Accept,,0.0,0.0
2025-12-14,J-02829,"16""-CW-1095",Cold Box,Anchor Piping Works,WLD-011,Night,Stainless 304L,16.0,20.8,1G,RT,Accept,,0.0,0.0
2025-12-14,J-03007,"2""-IA-1058",Pipe Rack A,Meridian Fabricators,WLD-022,Day,Carbon Steel A106-B,2.0,7.7,6G,MPT,Reject,Slag Inclusion,2931.0,3.1
2025-12-14,J-02665,"10""-PW-1016",TSA Unit,Anchor Piping Works,WLD-002,Day,Carbon Steel A106-B,10.0,14.7,2G,RT,Accept,,0.0,0.0
2025-12-14,J-02167,"4""-CW-1237",Compressor House,Anchor Piping Works,WLD-017,Day,Alloy Steel P91,4.0,11.7,1G,RT,Accept,,0.0,0.0
2025-12-15,J-01086,"24""-FW-1355",Utility Tie-in,Anchor Piping Works,WLD-023,Night,Carbon Steel A106-B,24.0,12.2,1G,RT,Accept,,0.0,0.0
2025-12-15,J-01892,"8""-IA-1240",Cold Box,Anchor Piping Works,WLD-023,Day,Alloy Steel P91,8.0,17.0,6G,MPT,Accept,,0.0,0.0
2025-12-15,J-01693,"24""-NG-1139",TSA Unit,Delta Mech Services,WLD-021,Day,Carbon Steel A106-B,24.0,12.8,5G,RT,Reject,Porosity,7988.0,8.4
2025-12-15,J-01336,"24""-IA-1240",Cold Box,Anchor Piping Works,WLD-014,Day,Alloy Steel P91,24.0,19.8,1G,RT,Reject,Porosity,8452.0,8.9
2025-12-15,J-01952,"6""-IA-1371",Pipe Rack A,Meridian Fabricators,WLD-007,Day,Carbon Steel A106-B,6.0,13.2,6G,RT,Accept,,0.0,0.0
2025-12-16,J-01857,"20""-PW-1108",TSA Unit,Meridian Fabricators,WLD-022,Day,Stainless 304L,20.0,5.9,2G,MPT,Accept,,0.0,0.0
2025-12-16,J-01878,"6""-CW-1109",Cold Box,Meridian Fabricators,WLD-028,Day,Carbon Steel A106-B,6.0,16.4,1G,RT,Accept,,0.0,0.0
2025-12-16,J-02435,"8""-FW-1340",Cooling Water Package,Meridian Fabricators,WLD-004,Night,Carbon Steel A106-B,8.0,25.4,5G,UT,Accept,,0.0,0.0
2025-12-16,J-01700,"4""-CW-1298",Cooling Water Package,Anchor Piping Works,WLD-017,Day,Carbon Steel A106-B,4.0,14.5,6G,UT,Accept,,0.0,0.0
2025-12-16,J-01455,"8""-CW-1298",Pipe Rack A,Delta Mech Services,WLD-018,Day,Carbon Steel A106-B,8.0,22.7,5G,UT,Accept,,0.0,0.0
2025-12-16,J-01914,"4""-CW-1260",Pipe Rack A,Anchor Piping Works,WLD-020,Night,Carbon Steel A106-B,4.0,25.4,1G,DPT,Accept,,0.0,0.0
2025-12-17,J-02781,"10""-IA-1061",Cooling Water Package,Meridian Fabricators,WLD-019,Day,Alloy Steel P91,10.0,20.6,6G,RT,Reject,Porosity,5939.0,6.3
2025-12-17,J-02651,"6""-PW-1304",Utility Tie-in,Meridian Fabricators,WLD-004,Day,Carbon Steel A106-B,6.0,21.9,1G,RT,Accept,,0.0,0.0
2025-12-17,J-02511,"2""-IA-1046",Pipe Rack A,Meridian Fabricators,WLD-028,Night,Stainless 304L,2.0,20.8,2G,UT,Reject,Incomplete Penetration,3921.0,4.1
2025-12-17,J-01732,"4""-NG-1055",Compressor House,Anchor Piping Works,WLD-002,Day,Stainless 304L,4.0,8.3,3G,RT,Accept,,0.0,0.0
2025-12-17,J-01905,"6""-NG-1289",TSA Unit,Anchor Piping Works,WLD-026,Day,Stainless 304L,6.0,14.3,2G,RT,Accept,,0.0,0.0
2025-12-17,J-01869,"10""-CW-1288",TSA Unit,Anchor Piping Works,WLD-005,Night,Carbon Steel A106-B,10.0,21.4,2G,RT,Accept,,0.0,0.0
2025-12-18,J-02507,"8""-CW-1111",Utility Tie-in,Delta Mech Services,WLD-003,Day,Carbon Steel A106-B,8.0,5.0,6G,RT,Reject,Lack of Fusion,3397.0,3.6
2025-12-18,J-02979,"12""-NG-1331",TSA Unit,Meridian Fabricators,WLD-004,Night,Carbon Steel A106-B,12.0,10.5,3G,RT,Accept,,0.0,0.0
2025-12-18,J-01140,"4""-PW-1385",Pipe Rack B,Meridian Fabricators,WLD-016,Day,Carbon Steel A106-B,4.0,8.1,2G,DPT,Accept,,0.0,0.0
2025-12-18,J-01992,"3""-FW-1277",Cold Box,Anchor Piping Works,WLD-011,Day,Stainless 304L,3.0,6.5,5G,MPT,Accept,,0.0,0.0
2025-12-19,J-01069,"6""-CW-1103",Cooling Water Package,Meridian Fabricators,WLD-001,Night,Stainless 304L,6.0,25.9,3G,RT,Accept,,0.0,0.0
2025-12-19,J-02657,"10""-NG-1284",TSA Unit,Delta Mech Services,WLD-024,Night,Carbon Steel A106-B,10.0,20.7,2G,DPT,Accept,,0.0,0.0
2025-12-19,J-02806,"4""-PW-1027",Compressor House,Anchor Piping Works,WLD-026,Day,Stainless 304L,4.0,16.7,2G,MPT,Accept,,0.0,0.0
2025-12-19,J-02749,"3""-NG-1128",Compressor House,Anchor Piping Works,WLD-023,Day,Stainless 304L,3.0,15.1,5G,DPT,Reject,Incomplete Penetration,4558.0,4.8
2025-12-20,J-01491,"3""-IA-1299",Cooling Water Package,Meridian Fabricators,WLD-013,Day,Carbon Steel A106-B,3.0,18.4,1G,RT,Accept,,0.0,0.0
2025-12-20,J-02342,"8""-NG-1221",Cooling Water Package,Meridian Fabricators,WLD-019,Day,Carbon Steel A106-B,8.0,16.0,3G,RT,Reject,Undercut,4393.0,4.6
2025-12-20,J-02928,"6""-NG-1183",Pipe Rack A,Meridian Fabricators,WLD-004,Day,Carbon Steel A106-B,6.0,23.5,3G,MPT,Accept,,0.0,0.0
2025-12-20,J-01741,"3""-IA-1223",Pipe Rack B,Anchor Piping Works,WLD-026,Day,Carbon Steel A106-B,3.0,12.6,2G,MPT,Accept,,0.0,0.0
2025-12-20,J-01085,"8""-CW-1280",TSA Unit,Meridian Fabricators,WLD-019,Night,Stainless 304L,8.0,6.2,2G,MPT,Accept,,0.0,0.0
2025-12-20,J-03090,"8""-NG-1230",Compressor House,Anchor Piping Works,WLD-017,Day,Carbon Steel A106-B,8.0,25.9,1G,RT,Accept,,0.0,0.0
2025-12-21,J-03092,"16""-IA-1134",Cold Box,Meridian Fabricators,WLD-013,Night,Carbon Steel A106-B,16.0,10.3,1G,UT,Accept,,0.0,0.0
2025-12-21,J-01024,"3""-PW-1114",Utility Tie-in,Anchor Piping Works,WLD-002,Night,Carbon Steel A106-B,3.0,24.3,3G,RT,Accept,,0.0,0.0
2025-12-21,J-01936,"24""-CW-1156",TSA Unit,Meridian Fabricators,WLD-010,Day,Stainless 304L,24.0,21.0,2G,MPT,Accept,,0.0,0.0
2025-12-21,J-02082,"4""-PW-1230",Pipe Rack A,Meridian Fabricators,WLD-001,Day,Carbon Steel A106-B,4.0,20.6,1G,MPT,Accept,,0.0,0.0
2025-12-21,J-01922,"6""-CW-1053",TSA Unit,Meridian Fabricators,WLD-001,Night,Carbon Steel A106-B,6.0,18.5,1G,UT,Accept,,0.0,0.0
2025-12-21,J-02316,"6""-PW-1331",Utility Tie-in,Anchor Piping Works,WLD-014,Day,Stainless 304L,6.0,5.3,5G,RT,Accept,,0.0,0.0
2025-12-21,J-02520,"6""-CW-1296",Compressor House,Anchor Piping Works,WLD-002,Night,Carbon Steel A106-B,6.0,21.6,6G,MPT,Accept,,0.0,0.0
2025-12-22,J-01065,"24""-PW-1214",Pipe Rack A,Meridian Fabricators,WLD-025,Night,Carbon Steel A106-B,24.0,10.4,1G,MPT,Accept,,0.0,0.0
2025-12-22,J-02133,"20""-NG-1318",Cold Box,Meridian Fabricators,WLD-004,Night,Carbon Steel A106-B,20.0,16.7,5G,MPT,Accept,,0.0,0.0
2025-12-22,J-02416,"12""-FW-1091",Pipe Rack B,Delta Mech Services,WLD-027,Night,Alloy Steel P91,12.0,25.4,2G,DPT,Accept,,0.0,0.0
2025-12-22,J-02114,"3""-CW-1358",Compressor House,Anchor Piping Works,WLD-008,Night,Carbon Steel A106-B,3.0,26.0,1G,RT,Accept,,0.0,0.0
2025-12-22,J-02639,"4""-CW-1370",Utility Tie-in,Meridian Fabricators,WLD-004,Day,Carbon Steel A106-B,4.0,8.3,2G,MPT,Accept,,0.0,0.0
2025-12-22,J-01090,"16""-CW-1381",Utility Tie-in,Meridian Fabricators,WLD-004,Night,Carbon Steel A106-B,16.0,25.7,1G,DPT,Accept,,0.0,0.0
2025-12-22,J-02117,"8""-IA-1087",Pipe Rack A,Delta Mech Services,WLD-018,Day,Stainless 304L,8.0,15.3,5G,DPT,Accept,,0.0,0.0
2025-12-22,J-02999,"6""-IA-1114",Utility Tie-in,Anchor Piping Works,WLD-014,Day,Carbon Steel A106-B,6.0,6.8,1G,UT,Accept,,0.0,0.0
2025-12-22,J-02374,"2""-FW-1119",Pipe Rack A,Anchor Piping Works,WLD-026,Day,Alloy Steel P91,2.0,21.7,1G,RT,Accept,,0.0,0.0
2025-12-22,J-01424,"8""-FW-1261",Utility Tie-in,Delta Mech Services,WLD-027,Day,Alloy Steel P91,8.0,17.4,5G,MPT,Accept,,0.0,0.0
2025-12-23,J-02136,"3""-NG-1324",TSA Unit,Delta Mech Services,WLD-021,Day,Stainless 304L,3.0,15.1,1G,RT,Accept,,0.0,0.0
2025-12-23,J-02503,"12""-FW-1076",Pipe Rack A,Meridian Fabricators,WLD-028,Day,Stainless 304L,12.0,17.2,2G,RT,Reject,Undercut,5505.0,5.8
2025-12-23,J-01710,"8""-FW-1324",Pipe Rack A,Meridian Fabricators,WLD-025,Night,Stainless 304L,8.0,23.6,5G,UT,Accept,,0.0,0.0
2025-12-23,J-02312,"8""-PW-1396",Pipe Rack A,Delta Mech Services,WLD-018,Day,Carbon Steel A106-B,8.0,14.4,1G,UT,Accept,,0.0,0.0
2025-12-23,J-02396,"16""-NG-1077",Pipe Rack A,Delta Mech Services,WLD-018,Day,Alloy Steel P91,16.0,24.7,2G,RT,Accept,,0.0,0.0
2025-12-23,J-01771,"24""-CW-1173",TSA Unit,Meridian Fabricators,WLD-019,Day,Carbon Steel A106-B,24.0,15.2,5G,DPT,Accept,,0.0,0.0
2025-12-23,J-02653,"3""-FW-1257",TSA Unit,Meridian Fabricators,WLD-025,Day,Alloy Steel P91,3.0,22.0,1G,UT,Accept,,0.0,0.0
2025-12-24,J-02473,"20""-CW-1001",Compressor House,Meridian Fabricators,WLD-025,Day,Alloy Steel P91,20.0,6.2,3G,UT,Accept,,0.0,0.0
2025-12-24,J-01716,"4""-PW-1324",TSA Unit,Meridian Fabricators,WLD-004,Day,Carbon Steel A106-B,4.0,5.3,3G,RT,Accept,,0.0,0.0
2025-12-24,J-02725,"16""-PW-1091",Pipe Rack B,Delta Mech Services,WLD-012,Day,Carbon Steel A106-B,16.0,24.9,6G,MPT,Accept,,0.0,0.0
2025-12-24,J-02514,"6""-IA-1163",Pipe Rack A,Anchor Piping Works,WLD-011,Day,Stainless 304L,6.0,18.1,2G,RT,Accept,,0.0,0.0
2025-12-24,J-01694,"8""-PW-1167",Utility Tie-in,Anchor Piping Works,WLD-026,Night,Alloy Steel P91,8.0,5.7,5G,RT,Accept,,0.0,0.0
2025-12-24,J-01974,"8""-CW-1073",Cooling Water Package,Meridian Fabricators,WLD-022,Day,Stainless 304L,8.0,14.8,1G,DPT,Accept,,0.0,0.0
2025-12-24,J-02440,"4""-CW-1131",Pipe Rack B,Meridian Fabricators,WLD-013,Night,Carbon Steel A106-B,4.0,24.3,1G,UT,Accept,,0.0,0.0
2025-12-24,J-01358,"8""-IA-1152",Cooling Water Package,Meridian Fabricators,WLD-022,Day,Carbon Steel A106-B,8.0,23.1,3G,MPT,Accept,,0.0,0.0
2025-12-25,J-01895,"16""-CW-1201",Pipe Rack B,Anchor Piping Works,WLD-002,Night,Stainless 304L,16.0,19.8,2G,DPT,Accept,,0.0,0.0
2025-12-25,J-01271,"6""-PW-1091",Compressor House,Delta Mech Services,WLD-018,Day,Carbon Steel A106-B,6.0,14.3,3G,RT,Accept,,0.0,0.0
2025-12-25,J-02954,"3""-FW-1286",Pipe Rack A,Anchor Piping Works,WLD-020,Night,Stainless 304L,3.0,4.4,5G,UT,Accept,,0.0,0.0
2025-12-25,J-02496,"4""-PW-1269",Pipe Rack B,Delta Mech Services,WLD-015,Day,Alloy Steel P91,4.0,6.9,1G,MPT,Accept,,0.0,0.0
2025-12-25,J-02716,"10""-FW-1132",Cold Box,Anchor Piping Works,WLD-002,Day,Carbon Steel A106-B,10.0,23.7,3G,RT,Reject,Incomplete Penetration,6082.0,6.4
2025-12-25,J-01554,"3""-NG-1045",Pipe Rack A,Anchor Piping Works,WLD-005,Day,Carbon Steel A106-B,3.0,5.3,6G,UT,Accept,,0.0,0.0
2025-12-25,J-01511,"4""-PW-1061",TSA Unit,Meridian Fabricators,WLD-022,Day,Stainless 304L,4.0,12.7,6G,RT,Accept,,0.0,0.0
2025-12-26,J-02186,"3""-IA-1032",Cold Box,Delta Mech Services,WLD-015,Day,Stainless 304L,3.0,15.0,5G,MPT,Reject,Lack of Fusion,3778.0,4.0
2025-12-26,J-01862,"2""-NG-1065",TSA Unit,Anchor Piping Works,WLD-017,Night,Carbon Steel A106-B,2.0,4.3,2G,UT,Accept,,0.0,0.0
2025-12-26,J-01002,"12""-CW-1312",Compressor House,Delta Mech Services,WLD-009,Day,Carbon Steel A106-B,12.0,18.6,3G,RT,Accept,,0.0,0.0
2025-12-26,J-01425,"12""-NG-1095",Pipe Rack A,Delta Mech Services,WLD-006,Day,Stainless 304L,12.0,6.2,1G,DPT,Reject,Porosity,4198.0,4.4
2025-12-26,J-01686,"4""-CW-1190",Compressor House,Meridian Fabricators,WLD-007,Night,Stainless 304L,4.0,18.1,1G,UT,Accept,,0.0,0.0
2025-12-27,J-02631,"6""-NG-1181",Cooling Water Package,Anchor Piping Works,WLD-017,Night,Carbon Steel A106-B,6.0,25.1,5G,MPT,Accept,,0.0,0.0
2025-12-27,J-02364,"4""-CW-1159",Pipe Rack A,Meridian Fabricators,WLD-010,Day,Alloy Steel P91,4.0,11.1,3G,RT,Reject,Incomplete Penetration,4175.0,4.4
2025-12-27,J-02765,"10""-PW-1247",Cooling Water Package,Meridian Fabricators,WLD-001,Day,Carbon Steel A106-B,10.0,14.9,3G,RT,Accept,,0.0,0.0
2025-12-27,J-01139,"12""-PW-1028",TSA Unit,Anchor Piping Works,WLD-011,Day,Alloy Steel P91,12.0,7.3,6G,RT,Accept,,0.0,0.0
2025-12-27,J-01769,"3""-PW-1385",Cold Box,Meridian Fabricators,WLD-019,Day,Carbon Steel A106-B,3.0,21.4,1G,MPT,Accept,,0.0,0.0
2025-12-27,J-02038,"12""-NG-1161",TSA Unit,Meridian Fabricators,WLD-022,Night,Carbon Steel A106-B,12.0,7.8,2G,RT,Accept,,0.0,0.0
2025-12-27,J-03022,"12""-PW-1015",Cold Box,Delta Mech Services,WLD-027,Day,Carbon Steel A106-B,12.0,8.8,2G,RT,Accept,,0.0,0.0
2025-12-27,J-02836,"6""-PW-1323",Compressor House,Delta Mech Services,WLD-015,Night,Carbon Steel A106-B,6.0,12.5,6G,DPT,Accept,,0.0,0.0
2025-12-27,J-01917,"6""-IA-1002",Pipe Rack A,Meridian Fabricators,WLD-010,Day,Carbon Steel A106-B,6.0,17.3,2G,RT,Accept,,0.0,0.0
2025-12-28,J-02548,"4""-PW-1037",Cold Box,Anchor Piping Works,WLD-002,Day,Stainless 304L,4.0,17.2,6G,MPT,Accept,,0.0,0.0
2025-12-28,J-01908,"4""-NG-1149",Pipe Rack B,Delta Mech Services,WLD-021,Day,Carbon Steel A106-B,4.0,25.3,2G,UT,Accept,,0.0,0.0
2025-12-28,J-01912,"3""-FW-1373",Pipe Rack A,Meridian Fabricators,WLD-028,Night,Carbon Steel A106-B,3.0,12.0,1G,RT,Accept,,0.0,0.0
2025-12-28,J-02921,"12""-PW-1033",Utility Tie-in,Anchor Piping Works,WLD-020,Night,Carbon Steel A106-B,12.0,12.0,1G,UT,Accept,,0.0,0.0
2025-12-28,J-01662,"8""-NG-1021",Compressor House,Meridian Fabricators,WLD-007,Day,Alloy Steel P91,8.0,5.7,2G,RT,Reject,Excess Reinforcement,3419.0,3.6
2025-12-28,J-02671,"3""-CW-1121",Cooling Water Package,Anchor Piping Works,WLD-005,Day,Carbon Steel A106-B,3.0,6.7,5G,RT,Accept,,0.0,0.0
2025-12-28,J-02080,"6""-FW-1279",Pipe Rack A,Anchor Piping Works,WLD-014,Day,Carbon Steel A106-B,6.0,21.9,5G,MPT,Reject,Lack of Fusion,5322.0,5.6
2025-12-28,J-02067,"24""-NG-1277",Compressor House,Delta Mech Services,WLD-018,Night,Carbon Steel A106-B,24.0,18.3,1G,RT,Accept,,0.0,0.0
2025-12-28,J-01363,"12""-PW-1399",Pipe Rack A,Meridian Fabricators,WLD-025,Night,Stainless 304L,12.0,10.7,6G,UT,Accept,,0.0,0.0
2025-12-28,J-02028,"4""-NG-1145",TSA Unit,Meridian Fabricators,WLD-025,Night,Carbon Steel A106-B,4.0,20.2,1G,UT,Accept,,0.0,0.0
2025-12-29,J-01941,"8""-FW-1072",Pipe Rack A,Delta Mech Services,WLD-009,Night,Stainless 304L,8.0,4.9,1G,UT,Accept,,0.0,0.0
2025-12-29,J-01726,"3""-PW-1228",Cold Box,Anchor Piping Works,WLD-023,Night,Alloy Steel P91,3.0,16.9,5G,RT,Accept,,0.0,0.0
2025-12-29,J-01748,"8""-IA-1140",Compressor House,Anchor Piping Works,WLD-026,Day,Alloy Steel P91,8.0,7.1,1G,MPT,Reject,Excess Reinforcement,4663.0,4.9
2025-12-29,J-02898,"4""-IA-1195",Utility Tie-in,Delta Mech Services,WLD-003,Day,Carbon Steel A106-B,4.0,18.7,5G,RT,Accept,,0.0,0.0
2025-12-29,J-01604,"10""-FW-1006",Pipe Rack A,Meridian Fabricators,WLD-010,Day,Carbon Steel A106-B,10.0,16.0,2G,RT,Reject,Undercut,4622.0,4.9
2025-12-29,J-02685,"12""-CW-1315",Pipe Rack A,Meridian Fabricators,WLD-013,Day,Carbon Steel A106-B,12.0,23.0,1G,RT,Reject,Incomplete Penetration,5448.0,5.7
2025-12-29,J-01589,"8""-NG-1351",Utility Tie-in,Delta Mech Services,WLD-015,Day,Carbon Steel A106-B,8.0,15.1,2G,MPT,Accept,,0.0,0.0
2025-12-29,J-02335,"2""-FW-1053",Pipe Rack B,Delta Mech Services,WLD-012,Night,Carbon Steel A106-B,2.0,8.4,2G,RT,Accept,,0.0,0.0
2025-12-30,J-02474,"8""-PW-1387",Pipe Rack A,Anchor Piping Works,WLD-026,Night,Stainless 304L,8.0,24.3,3G,RT,Accept,,0.0,0.0
2025-12-30,J-01575,"8""-NG-1239",TSA Unit,Anchor Piping Works,WLD-023,Day,Stainless 304L,8.0,6.8,1G,RT,Reject,Undercut,4100.0,4.3
2025-12-30,J-01997,"6""-IA-1109",Cooling Water Package,Anchor Piping Works,WLD-020,Day,Carbon Steel A106-B,6.0,14.0,2G,DPT,Accept,,0.0,0.0
2025-12-30,J-01866,"20""-PW-1073",Utility Tie-in,Delta Mech Services,WLD-006,Day,Stainless 304L,20.0,6.4,6G,RT,Accept,,0.0,0.0
2025-12-30,J-02354,"2""-FW-1339",Utility Tie-in,Meridian Fabricators,WLD-025,Day,Carbon Steel A106-B,2.0,5.2,5G,RT,Accept,,0.0,0.0
2025-12-30,J-02523,"8""-PW-1296",Cooling Water Package,Meridian Fabricators,WLD-001,Night,Carbon Steel A106-B,8.0,6.4,1G,DPT,Accept,,0.0,0.0
2025-12-30,J-02268,"2""-CW-1341",Pipe Rack B,Delta Mech Services,WLD-021,Night,Carbon Steel A106-B,2.0,19.5,1G,UT,Accept,,0.0,0.0
2025-12-31,J-02315,"3""-CW-1070",Cooling Water Package,Anchor Piping Works,WLD-023,Night,Carbon Steel A106-B,3.0,17.5,1G,MPT,Accept,,0.0,0.0
2025-12-31,J-01473,"4""-IA-1274",Pipe Rack B,Delta Mech Services,WLD-012,Day,Carbon Steel A106-B,4.0,23.2,1G,MPT,Accept,,0.0,0.0
2025-12-31,J-01583,"10""-CW-1373",TSA Unit,Anchor Piping Works,WLD-005,Night,Stainless 304L,10.0,5.4,5G,DPT,Accept,,0.0,0.0
2025-12-31,J-02259,"8""-FW-1167",Cold Box,Delta Mech Services,WLD-027,Night,Alloy Steel P91,8.0,7.8,3G,RT,Accept,,0.0,0.0
2025-12-31,J-03053,"24""-NG-1263",TSA Unit,Delta Mech Services,WLD-012,Night,Alloy Steel P91,24.0,19.8,1G,RT,Accept,,0.0,0.0
2025-12-31,J-01755,"10""-FW-1238",Compressor House,Anchor Piping Works,WLD-011,Day,Stainless 304L,10.0,18.1,5G,RT,Accept,,0.0,0.0
2025-12-31,J-01558,"24""-NG-1203",Utility Tie-in,Meridian Fabricators,WLD-019,Night,Carbon Steel A106-B,24.0,10.7,1G,RT,Reject,Porosity,7482.0,7.9
2025-12-31,J-01266,"8""-CW-1137",Pipe Rack A,Anchor Piping Works,WLD-026,Day,Alloy Steel P91,8.0,13.2,5G,DPT,Accept,,0.0,0.0
2026-01-01,J-01171,"2""-FW-1039",Pipe Rack B,Anchor Piping Works,WLD-005,Day,Stainless 304L,2.0,13.0,2G,DPT,Accept,,0.0,0.0
2026-01-01,J-01660,"8""-NG-1072",Pipe Rack B,Meridian Fabricators,WLD-022,Day,Alloy Steel P91,8.0,21.3,1G,UT,Accept,,0.0,0.0
2026-01-01,J-02362,"4""-NG-1316",Pipe Rack A,Anchor Piping Works,WLD-008,Night,Carbon Steel A106-B,4.0,15.8,1G,RT,Accept,,0.0,0.0
2026-01-01,J-01281,"10""-PW-1114",Pipe Rack B,Delta Mech Services,WLD-018,Night,Carbon Steel A106-B,10.0,22.5,2G,RT,Accept,,0.0,0.0
2026-01-01,J-01767,"4""-CW-1035",Cold Box,Meridian Fabricators,WLD-001,Night,Alloy Steel P91,4.0,6.6,2G,DPT,Accept,,0.0,0.0
2026-01-01,J-01482,"20""-NG-1395",Cold Box,Meridian Fabricators,WLD-004,Day,Carbon Steel A106-B,20.0,15.9,1G,UT,Accept,,0.0,0.0
2026-01-01,J-01077,"4""-IA-1119",Pipe Rack B,Meridian Fabricators,WLD-016,Day,Alloy Steel P91,4.0,21.6,3G,MPT,Accept,,0.0,0.0
2026-01-01,J-03091,"2""-IA-1108",Utility Tie-in,Anchor Piping Works,WLD-017,Day,Carbon Steel A106-B,2.0,23.8,5G,DPT,Accept,,0.0,0.0
2026-01-01,J-01032,"20""-PW-1320",Cold Box,Meridian Fabricators,WLD-004,Night,Carbon Steel A106-B,20.0,6.9,3G,RT,Accept,,0.0,0.0
2026-01-01,J-01648,"3""-IA-1317",Compressor House,Meridian Fabricators,WLD-028,Day,Carbon Steel A106-B,3.0,17.2,1G,RT,Accept,,0.0,0.0
2026-01-01,J-01535,"6""-IA-1371",Cooling Water Package,Meridian Fabricators,WLD-004,Night,Alloy Steel P91,6.0,20.6,6G,MPT,Accept,,0.0,0.0
2026-01-01,J-01911,"12""-NG-1201",Pipe Rack B,Delta Mech Services,WLD-021,Day,Carbon Steel A106-B,12.0,17.1,3G,UT,Accept,,0.0,0.0
2026-01-02,J-01253,"6""-FW-1309",TSA Unit,Delta Mech Services,WLD-027,Day,Carbon Steel A106-B,6.0,4.6,2G,MPT,Accept,,0.0,0.0
2026-01-02,J-02990,"6""-CW-1398",Cold Box,Meridian Fabricators,WLD-016,Day,Carbon Steel A106-B,6.0,13.2,5G,UT,Accept,,0.0,0.0
2026-01-03,J-02483,"3""-FW-1237",Cooling Water Package,Meridian Fabricators,WLD-013,Day,Alloy Steel P91,3.0,10.0,5G,UT,Accept,,0.0,0.0
2026-01-03,J-01230,"8""-NG-1259",Compressor House,Delta Mech Services,WLD-018,Night,Alloy Steel P91,8.0,8.7,5G,RT,Accept,,0.0,0.0
2026-01-03,J-01876,"8""-IA-1395",Pipe Rack B,Delta Mech Services,WLD-018,Day,Carbon Steel A106-B,8.0,4.2,1G,RT,Accept,,0.0,0.0
2026-01-03,J-01099,"2""-IA-1199",Cold Box,Delta Mech Services,WLD-015,Night,Carbon Steel A106-B,2.0,14.0,3G,RT,Reject,Porosity,3486.0,3.7
2026-01-04,J-01302,"6""-CW-1372",TSA Unit,Meridian Fabricators,WLD-016,Day,Carbon Steel A106-B,6.0,18.3,2G,RT,Accept,,0.0,0.0
2026-01-04,J-01919,"20""-NG-1127",Pipe Rack B,Delta Mech Services,WLD-015,Night,Carbon Steel A106-B,20.0,14.5,6G,MPT,Accept,,0.0,0.0
2026-01-04,J-02499,"6""-FW-1146",Pipe Rack B,Delta Mech Services,WLD-015,Day,Alloy Steel P91,6.0,15.7,1G,RT,Accept,,0.0,0.0
2026-01-04,J-02484,"16""-IA-1294",Cooling Water Package,Delta Mech Services,WLD-021,Night,Carbon Steel A106-B,16.0,9.0,5G,DPT,Accept,,0.0,0.0
2026-01-04,J-03023,"8""-PW-1161",Utility Tie-in,Meridian Fabricators,WLD-019,Night,Carbon Steel A106-B,8.0,4.7,6G,MPT,Accept,,0.0,0.0
2026-01-04,J-02692,"12""-IA-1084",TSA Unit,Delta Mech Services,WLD-009,Day,Alloy Steel P91,12.0,14.7,5G,MPT,Reject,Incomplete Penetration,6034.0,6.4
2026-01-04,J-02709,"16""-FW-1199",Utility Tie-in,Anchor Piping Works,WLD-002,Night,Carbon Steel A106-B,16.0,7.4,5G,UT,Accept,,0.0,0.0
2026-01-05,J-01134,"6""-NG-1243",TSA Unit,Anchor Piping Works,WLD-017,Day,Carbon Steel A106-B,6.0,16.4,5G,MPT,Accept,,0.0,0.0
2026-01-05,J-01551,"6""-NG-1127",Cold Box,Meridian Fabricators,WLD-004,Night,Stainless 304L,6.0,13.7,6G,UT,Accept,,0.0,0.0
2026-01-05,J-02387,"8""-IA-1133",TSA Unit,Delta Mech Services,WLD-006,Day,Carbon Steel A106-B,8.0,19.6,5G,DPT,Accept,,0.0,0.0
2026-01-05,J-02299,"20""-NG-1332",Cold Box,Anchor Piping Works,WLD-005,Day,Carbon Steel A106-B,20.0,24.2,1G,RT,Accept,,0.0,0.0
2026-01-05,J-01853,"10""-FW-1254",Cold Box,Meridian Fabricators,WLD-028,Night,Stainless 304L,10.0,15.0,1G,UT,Accept,,0.0,0.0
2026-01-05,J-01754,"6""-PW-1090",Cold Box,Delta Mech Services,WLD-024,Day,Stainless 304L,6.0,5.9,3G,RT,Accept,,0.0,0.0
2026-01-05,J-01209,"6""-IA-1345",Cold Box,Delta Mech Services,WLD-021,Day,Carbon Steel A106-B,6.0,10.1,6G,MPT,Accept,,0.0,0.0
2026-01-05,J-02981,"4""-IA-1137",Cooling Water Package,Anchor Piping Works,WLD-002,Day,Stainless 304L,4.0,11.4,3G,UT,Accept,,0.0,0.0
2026-01-05,J-01666,"10""-CW-1242",Cold Box,Anchor Piping Works,WLD-020,Day,Carbon Steel A106-B,10.0,15.7,3G,DPT,Accept,,0.0,0.0
2026-01-06,J-01758,"6""-PW-1192",Compressor House,Meridian Fabricators,WLD-022,Night,Carbon Steel A106-B,6.0,12.5,3G,RT,Accept,,0.0,0.0
2026-01-06,J-01958,"3""-IA-1282",Cold Box,Meridian Fabricators,WLD-022,Night,Carbon Steel A106-B,3.0,16.3,3G,UT,Accept,,0.0,0.0
2026-01-06,J-01123,"4""-PW-1042",Cold Box,Anchor Piping Works,WLD-014,Day,Stainless 304L,4.0,6.1,1G,UT,Accept,,0.0,0.0
2026-01-06,J-01108,"6""-NG-1116",Cold Box,Meridian Fabricators,WLD-028,Night,Stainless 304L,6.0,9.2,5G,UT,Accept,,0.0,0.0
2026-01-06,J-02877,"6""-IA-1004",Cold Box,Meridian Fabricators,WLD-001,Day,Carbon Steel A106-B,6.0,19.0,5G,RT,Accept,,0.0,0.0
2026-01-07,J-01821,"4""-PW-1333",Compressor House,Delta Mech Services,WLD-006,Day,Carbon Steel A106-B,4.0,25.8,2G,RT,Reject,Incomplete Penetration,5740.0,6.0
2026-01-07,J-01469,"4""-NG-1146",Pipe Rack B,Meridian Fabricators,WLD-022,Day,Carbon Steel A106-B,4.0,8.2,6G,MPT,Accept,,0.0,0.0
2026-01-07,J-01842,"6""-NG-1148",Pipe Rack A,Meridian Fabricators,WLD-001,Day,Stainless 304L,6.0,20.5,2G,RT,Reject,Undercut,5623.0,5.9
2026-01-07,J-01388,"6""-PW-1274",Cooling Water Package,Meridian Fabricators,WLD-016,Day,Carbon Steel A106-B,6.0,13.4,1G,RT,Accept,,0.0,0.0
2026-01-07,J-01910,"6""-PW-1013",Pipe Rack B,Delta Mech Services,WLD-015,Day,Alloy Steel P91,6.0,22.2,2G,MPT,Reject,Lack of Fusion,5333.0,5.6
2026-01-07,J-01213,"3""-NG-1312",Pipe Rack B,Meridian Fabricators,WLD-007,Night,Stainless 304L,3.0,15.4,5G,RT,Accept,,0.0,0.0
2026-01-07,J-02972,"20""-CW-1039",TSA Unit,Delta Mech Services,WLD-009,Night,Alloy Steel P91,20.0,24.9,2G,MPT,Accept,,0.0,0.0
2026-01-07,J-02072,"6""-IA-1309",Cold Box,Meridian Fabricators,WLD-010,Day,Carbon Steel A106-B,6.0,22.0,6G,RT,Accept,,0.0,0.0
2026-01-08,J-01045,"3""-PW-1246",Cold Box,Anchor Piping Works,WLD-005,Day,Carbon Steel A106-B,3.0,10.0,2G,RT,Accept,,0.0,0.0
2026-01-08,J-01136,"6""-FW-1086",Compressor House,Delta Mech Services,WLD-015,Day,Stainless 304L,6.0,17.6,2G,UT,Reject,Lack of Fusion,4908.0,5.2
2026-01-08,J-01440,"2""-FW-1051",Pipe Rack A,Delta Mech Services,WLD-003,Day,Carbon Steel A106-B,2.0,4.3,6G,MPT,Reject,Slag Inclusion,3013.0,3.2
2026-01-08,J-02104,"4""-PW-1151",Cooling Water Package,Delta Mech Services,WLD-003,Night,Stainless 304L,4.0,15.4,5G,DPT,Accept,,0.0,0.0
2026-01-09,J-02252,"6""-CW-1086",Utility Tie-in,Anchor Piping Works,WLD-005,Day,Alloy Steel P91,6.0,14.1,1G,DPT,Accept,,0.0,0.0
2026-01-09,J-01475,"4""-PW-1309",Cooling Water Package,Delta Mech Services,WLD-027,Night,Stainless 304L,4.0,13.9,5G,RT,Accept,,0.0,0.0
2026-01-09,J-01339,"8""-CW-1361",Compressor House,Anchor Piping Works,WLD-014,Day,Carbon Steel A106-B,8.0,23.4,1G,RT,Accept,,0.0,0.0
2026-01-09,J-01120,"10""-NG-1104",Cold Box,Delta Mech Services,WLD-009,Day,Carbon Steel A106-B,10.0,4.5,5G,MPT,Reject,Slag Inclusion,3183.0,3.4
2026-01-09,J-01330,"4""-CW-1189",Pipe Rack A,Meridian Fabricators,WLD-016,Day,Carbon Steel A106-B,4.0,21.6,6G,UT,Accept,,0.0,0.0
2026-01-10,J-01870,"4""-CW-1214",Cold Box,Anchor Piping Works,WLD-023,Day,Alloy Steel P91,4.0,17.6,2G,RT,Reject,Slag Inclusion,3237.0,3.4
2026-01-10,J-01946,"10""-IA-1208",TSA Unit,Meridian Fabricators,WLD-022,Day,Stainless 304L,10.0,14.3,1G,RT,Accept,,0.0,0.0
2026-01-10,J-01200,"20""-NG-1394",Compressor House,Meridian Fabricators,WLD-025,Day,Alloy Steel P91,20.0,9.6,2G,UT,Accept,,0.0,0.0
2026-01-10,J-02106,"4""-NG-1010",Cooling Water Package,Delta Mech Services,WLD-003,Day,Carbon Steel A106-B,4.0,5.4,1G,UT,Accept,,0.0,0.0
2026-01-10,J-01811,"16""-NG-1137",Pipe Rack A,Delta Mech Services,WLD-024,Night,Carbon Steel A106-B,16.0,5.1,5G,RT,Accept,,0.0,0.0
2026-01-11,J-02539,"12""-FW-1317",Cooling Water Package,Delta Mech Services,WLD-012,Day,Alloy Steel P91,12.0,8.6,2G,DPT,Accept,,0.0,0.0
2026-01-11,J-01037,"10""-PW-1289",Cooling Water Package,Delta Mech Services,WLD-012,Day,Stainless 304L,10.0,4.2,5G,UT,Accept,,0.0,0.0
2026-01-11,J-02613,"24""-PW-1096",Pipe Rack A,Delta Mech Services,WLD-024,Day,Alloy Steel P91,24.0,18.1,3G,DPT,Accept,,0.0,0.0
2026-01-11,J-02804,"6""-PW-1013",Compressor House,Meridian Fabricators,WLD-010,Day,Carbon Steel A106-B,6.0,23.5,6G,MPT,Accept,,0.0,0.0
2026-01-11,J-01890,"3""-CW-1346",Pipe Rack A,Delta Mech Services,WLD-003,Night,Stainless 304L,3.0,13.8,6G,UT,Accept,,0.0,0.0
2026-01-11,J-02427,"3""-FW-1371",Pipe Rack B,Meridian Fabricators,WLD-016,Day,Carbon Steel A106-B,3.0,6.2,2G,RT,Accept,,0.0,0.0
2026-01-11,J-01982,"20""-IA-1044",Pipe Rack B,Meridian Fabricators,WLD-028,Day,Alloy Steel P91,20.0,15.7,6G,DPT,Accept,,0.0,0.0
2026-01-12,J-03006,"8""-FW-1228",Pipe Rack A,Delta Mech Services,WLD-012,Day,Carbon Steel A106-B,8.0,20.9,3G,MPT,Accept,,0.0,0.0
2026-01-12,J-02406,"4""-FW-1127",Cold Box,Delta Mech Services,WLD-006,Day,Carbon Steel A106-B,4.0,11.9,5G,UT,Reject,Slag Inclusion,3968.0,4.2
2026-01-12,J-01334,"3""-PW-1169",Pipe Rack A,Delta Mech Services,WLD-003,Day,Carbon Steel A106-B,3.0,18.0,3G,RT,Accept,,0.0,0.0
2026-01-12,J-01413,"8""-CW-1263",Pipe Rack B,Meridian Fabricators,WLD-004,Night,Alloy Steel P91,8.0,6.5,5G,RT,Accept,,0.0,0.0
2026-01-12,J-02587,"4""-CW-1310",Utility Tie-in,Anchor Piping Works,WLD-023,Night,Carbon Steel A106-B,4.0,20.3,1G,RT,Reject,Slag Inclusion,5433.0,5.7
2026-01-13,J-01970,"2""-PW-1209",Compressor House,Anchor Piping Works,WLD-026,Day,Stainless 304L,2.0,11.9,1G,RT,Accept,,0.0,0.0
2026-01-13,J-02069,"16""-FW-1061",Compressor House,Delta Mech Services,WLD-015,Night,Carbon Steel A106-B,16.0,16.9,2G,RT,Accept,,0.0,0.0
2026-01-13,J-02549,"3""-FW-1267",Pipe Rack B,Anchor Piping Works,WLD-014,Day,Stainless 304L,3.0,20.6,6G,UT,Reject,Incomplete Penetration,5654.0,6.0
2026-01-13,J-02320,"6""-FW-1394",Cold Box,Delta Mech Services,WLD-012,Day,Stainless 304L,6.0,13.9,3G,MPT,Accept,,0.0,0.0
2026-01-13,J-02759,"16""-FW-1128",Cooling Water Package,Meridian Fabricators,WLD-013,Day,Stainless 304L,16.0,15.1,6G,RT,Accept,,0.0,0.0
2026-01-13,J-02844,"2""-NG-1121",Pipe Rack A,Delta Mech Services,WLD-024,Night,Alloy Steel P91,2.0,11.4,5G,RT,Accept,,0.0,0.0
2026-01-14,J-02266,"3""-FW-1086",Compressor House,Meridian Fabricators,WLD-019,Day,Stainless 304L,3.0,13.6,1G,UT,Accept,,0.0,0.0
2026-01-14,J-01170,"3""-PW-1289",Cooling Water Package,Anchor Piping Works,WLD-026,Day,Stainless 304L,3.0,21.5,1G,UT,Accept,,0.0,0.0
2026-01-14,J-01059,"8""-NG-1043",TSA Unit,Delta Mech Services,WLD-018,Night,Carbon Steel A106-B,8.0,18.4,5G,RT,Accept,,0.0,0.0
2026-01-14,J-02460,"3""-FW-1114",Pipe Rack B,Delta Mech Services,WLD-027,Day,Stainless 304L,3.0,7.6,6G,DPT,Accept,,0.0,0.0
2026-01-14,J-02897,"20""-PW-1271",Pipe Rack B,Meridian Fabricators,WLD-022,Night,Carbon Steel A106-B,20.0,18.7,3G,UT,Reject,Slag Inclusion,7992.0,8.4
2026-01-14,J-01598,"2""-FW-1025",Pipe Rack B,Delta Mech Services,WLD-003,Day,Stainless 304L,2.0,21.1,6G,MPT,Reject,Incomplete Penetration,4564.0,4.8
2026-01-15,J-02020,"6""-NG-1294",Compressor House,Delta Mech Services,WLD-027,Day,Carbon Steel A106-B,6.0,22.5,5G,UT,Reject,Porosity,5127.0,5.4
2026-01-15,J-02041,"4""-PW-1287",Utility Tie-in,Meridian Fabricators,WLD-004,Day,Carbon Steel A106-B,4.0,21.4,1G,UT,Accept,,0.0,0.0
2026-01-15,J-02123,"2""-PW-1395",Utility Tie-in,Delta Mech Services,WLD-012,Night,Carbon Steel A106-B,2.0,15.4,5G,RT,Reject,Undercut,4107.0,4.3
2026-01-16,J-01644,"20""-NG-1110",TSA Unit,Delta Mech Services,WLD-027,Night,Carbon Steel A106-B,20.0,20.8,5G,MPT,Accept,,0.0,0.0
2026-01-16,J-01865,"10""-IA-1170",Pipe Rack A,Anchor Piping Works,WLD-014,Night,Alloy Steel P91,10.0,9.8,1G,UT,Accept,,0.0,0.0
2026-01-16,J-02432,"4""-FW-1387",Pipe Rack B,Delta Mech Services,WLD-003,Night,Alloy Steel P91,4.0,20.9,1G,MPT,Reject,Lack of Fusion,5776.0,6.1
2026-01-16,J-01453,"4""-PW-1374",Compressor House,Meridian Fabricators,WLD-019,Day,Carbon Steel A106-B,4.0,23.9,1G,DPT,Reject,Undercut,5352.0,5.6
2026-01-16,J-02079,"12""-FW-1076",Cold Box,Delta Mech Services,WLD-003,Night,Carbon Steel A106-B,12.0,25.5,3G,MPT,Accept,,0.0,0.0
2026-01-16,J-01855,"8""-CW-1342",Cooling Water Package,Anchor Piping Works,WLD-005,Day,Stainless 304L,8.0,4.1,3G,DPT,Reject,Crack,4018.0,4.2
2026-01-16,J-01706,"8""-IA-1239",Cooling Water Package,Meridian Fabricators,WLD-016,Day,Alloy Steel P91,8.0,12.7,2G,RT,Reject,Slag Inclusion,4726.0,5.0
2026-01-16,J-02344,"4""-CW-1304",Compressor House,Meridian Fabricators,WLD-028,Night,Carbon Steel A106-B,4.0,23.4,1G,DPT,Accept,,0.0,0.0
2026-01-16,J-02260,"16""-PW-1104",Pipe Rack A,Anchor Piping Works,WLD-014,Day,Carbon Steel A106-B,16.0,26.0,1G,UT,Accept,,0.0,0.0
2026-01-16,J-01221,"8""-FW-1376",Pipe Rack A,Anchor Piping Works,WLD-017,Day,Carbon Steel A106-B,8.0,9.7,1G,MPT,Accept,,0.0,0.0
2026-01-17,J-02445,"4""-PW-1114",Pipe Rack B,Meridian Fabricators,WLD-022,Day,Stainless 304L,4.0,21.5,2G,DPT,Accept,,0.0,0.0
2026-01-17,J-01698,"20""-NG-1106",Cooling Water Package,Meridian Fabricators,WLD-004,Day,Stainless 304L,20.0,25.1,1G,MPT,Accept,,0.0,0.0
2026-01-17,J-01177,"2""-FW-1013",Pipe Rack A,Anchor Piping Works,WLD-005,Day,Carbon Steel A106-B,2.0,6.6,6G,RT,Reject,Excess Reinforcement,3523.0,3.7
2026-01-17,J-03066,"4""-NG-1243",Pipe Rack B,Anchor Piping Works,WLD-017,Night,Carbon Steel A106-B,4.0,22.9,1G,DPT,Accept,,0.0,0.0
2026-01-17,J-02025,"12""-PW-1307",Cold Box,Delta Mech Services,WLD-027,Night,Alloy Steel P91,12.0,18.3,1G,DPT,Accept,,0.0,0.0
2026-01-17,J-01610,"3""-NG-1379",Compressor House,Anchor Piping Works,WLD-020,Day,Stainless 304L,3.0,22.1,1G,RT,Accept,,0.0,0.0
2026-01-17,J-01338,"6""-IA-1089",Pipe Rack A,Meridian Fabricators,WLD-013,Day,Stainless 304L,6.0,22.7,5G,MPT,Accept,,0.0,0.0
2026-01-17,J-01020,"20""-PW-1253",Cooling Water Package,Delta Mech Services,WLD-009,Night,Stainless 304L,20.0,4.4,2G,RT,Accept,,0.0,0.0
2026-01-17,J-01843,"8""-FW-1297",Cold Box,Delta Mech Services,WLD-024,Day,Carbon Steel A106-B,8.0,24.2,2G,RT,Accept,,0.0,0.0
2026-01-17,J-02747,"4""-PW-1236",Compressor House,Meridian Fabricators,WLD-013,Day,Stainless 304L,4.0,7.4,1G,RT,Accept,,0.0,0.0
2026-01-17,J-02021,"20""-FW-1067",Pipe Rack B,Anchor Piping Works,WLD-023,Day,Stainless 304L,20.0,12.7,2G,UT,Accept,,0.0,0.0
2026-01-17,J-01331,"3""-IA-1078",Pipe Rack A,Delta Mech Services,WLD-015,Day,Carbon Steel A106-B,3.0,10.7,1G,MPT,Accept,,0.0,0.0
2026-01-17,J-02664,"2""-CW-1132",TSA Unit,Meridian Fabricators,WLD-019,Day,Stainless 304L,2.0,11.6,3G,RT,Accept,,0.0,0.0
2026-01-18,J-02049,"8""-PW-1180",Pipe Rack B,Meridian Fabricators,WLD-022,Night,Carbon Steel A106-B,8.0,11.8,6G,UT,Accept,,0.0,0.0
2026-01-18,J-01690,"6""-CW-1309",Cooling Water Package,Delta Mech Services,WLD-006,Day,Carbon Steel A106-B,6.0,12.3,3G,UT,Accept,,0.0,0.0
2026-01-18,J-01458,"12""-IA-1166",TSA Unit,Meridian Fabricators,WLD-004,Day,Carbon Steel A106-B,12.0,9.3,1G,RT,Accept,,0.0,0.0
2026-01-18,J-02485,"2""-PW-1219",Cold Box,Anchor Piping Works,WLD-023,Day,Carbon Steel A106-B,2.0,11.8,2G,MPT,Accept,,0.0,0.0
2026-01-18,J-02827,"12""-FW-1122",Pipe Rack A,Anchor Piping Works,WLD-011,Day,Alloy Steel P91,12.0,18.2,1G,DPT,Accept,,0.0,0.0
2026-01-18,J-02718,"10""-IA-1176",Pipe Rack A,Anchor Piping Works,WLD-008,Night,Carbon Steel A106-B,10.0,14.1,1G,RT,Accept,,0.0,0.0
2026-01-18,J-02602,"20""-FW-1048",Compressor House,Delta Mech Services,WLD-009,Day,Alloy Steel P91,20.0,4.0,1G,MPT,Accept,,0.0,0.0
2026-01-19,J-01611,"3""-FW-1083",Pipe Rack B,Delta Mech Services,WLD-015,Night,Alloy Steel P91,3.0,6.5,1G,DPT,Accept,,0.0,0.0
2026-01-19,J-03098,"4""-CW-1007",Utility Tie-in,Meridian Fabricators,WLD-007,Night,Alloy Steel P91,4.0,12.3,6G,DPT,Accept,,0.0,0.0
2026-01-19,J-02543,"2""-IA-1382",Cold Box,Meridian Fabricators,WLD-016,Day,Stainless 304L,2.0,11.1,1G,RT,Accept,,0.0,0.0
2026-01-19,J-02560,"4""-FW-1336",Cooling Water Package,Anchor Piping Works,WLD-026,Day,Carbon Steel A106-B,4.0,18.7,5G,RT,Accept,,0.0,0.0
2026-01-19,J-02438,"3""-NG-1302",Pipe Rack B,Delta Mech Services,WLD-027,Night,Stainless 304L,3.0,12.0,2G,MPT,Accept,,0.0,0.0
2026-01-20,J-02233,"2""-PW-1251",Pipe Rack B,Meridian Fabricators,WLD-001,Night,Carbon Steel A106-B,2.0,14.2,3G,RT,Accept,,0.0,0.0
2026-01-20,J-02614,"20""-FW-1041",TSA Unit,Delta Mech Services,WLD-012,Day,Alloy Steel P91,20.0,5.9,1G,UT,Accept,,0.0,0.0
2026-01-20,J-02705,"8""-PW-1037",TSA Unit,Meridian Fabricators,WLD-016,Day,Alloy Steel P91,8.0,4.8,2G,RT,Accept,,0.0,0.0
2026-01-20,J-03067,"2""-CW-1047",Pipe Rack B,Meridian Fabricators,WLD-007,Day,Alloy Steel P91,2.0,5.3,1G,RT,Reject,Porosity,2119.0,2.2
2026-01-20,J-01465,"16""-NG-1388",Cooling Water Package,Meridian Fabricators,WLD-019,Night,Carbon Steel A106-B,16.0,9.1,5G,UT,Accept,,0.0,0.0
2026-01-20,J-01768,"10""-FW-1392",Compressor House,Meridian Fabricators,WLD-025,Night,Stainless 304L,10.0,24.9,1G,DPT,Reject,Lack of Fusion,6211.0,6.5
2026-01-21,J-01969,"10""-FW-1205",Pipe Rack B,Meridian Fabricators,WLD-025,Day,Carbon Steel A106-B,10.0,19.3,2G,RT,Accept,,0.0,0.0
2026-01-21,J-01026,"4""-FW-1167",Pipe Rack B,Delta Mech Services,WLD-015,Day,Alloy Steel P91,4.0,9.4,5G,RT,Accept,,0.0,0.0
2026-01-21,J-02090,"4""-IA-1072",Cooling Water Package,Delta Mech Services,WLD-015,Day,Alloy Steel P91,4.0,9.8,2G,RT,Accept,,0.0,0.0
2026-01-21,J-01467,"3""-NG-1172",Cold Box,Anchor Piping Works,WLD-011,Night,Carbon Steel A106-B,3.0,25.4,3G,RT,Accept,,0.0,0.0
2026-01-21,J-01189,"8""-FW-1165",Cold Box,Anchor Piping Works,WLD-026,Day,Carbon Steel A106-B,8.0,15.1,5G,UT,Accept,,0.0,0.0
2026-01-21,J-02656,"4""-PW-1166",Utility Tie-in,Meridian Fabricators,WLD-019,Day,Carbon Steel A106-B,4.0,12.9,2G,DPT,Reject,Undercut,4638.0,4.9
2026-01-21,J-01323,"16""-NG-1304",Pipe Rack B,Meridian Fabricators,WLD-019,Day,Alloy Steel P91,16.0,12.0,5G,RT,Reject,Slag Inclusion,6755.0,7.1
2026-01-21,J-02655,"6""-FW-1259",Pipe Rack B,Anchor Piping Works,WLD-014,Night,Carbon Steel A106-B,6.0,15.2,2G,UT,Reject,Slag Inclusion,4597.0,4.8
2026-01-21,J-02677,"6""-CW-1340",Pipe Rack B,Anchor Piping Works,WLD-014,Day,Carbon Steel A106-B,6.0,21.4,5G,MPT,Accept,,0.0,0.0
2026-01-22,J-01629,"10""-IA-1369",Pipe Rack A,Anchor Piping Works,WLD-002,Day,Carbon Steel A106-B,10.0,12.6,2G,RT,Accept,,0.0,0.0
2026-01-22,J-02669,"4""-NG-1345",Pipe Rack B,Delta Mech Services,WLD-021,Night,Carbon Steel A106-B,4.0,6.7,3G,RT,Reject,Porosity,3288.0,3.5
2026-01-22,J-01239,"10""-PW-1331",Cold Box,Delta Mech Services,WLD-012,Day,Carbon Steel A106-B,10.0,19.0,5G,DPT,Accept,,0.0,0.0
2026-01-22,J-01229,"6""-IA-1239",Utility Tie-in,Anchor Piping Works,WLD-023,Day,Carbon Steel A106-B,6.0,19.9,1G,MPT,Accept,,0.0,0.0
2026-01-22,J-03039,"8""-CW-1050",TSA Unit,Delta Mech Services,WLD-009,Day,Carbon Steel A106-B,8.0,18.9,3G,MPT,Accept,,0.0,0.0
2026-01-22,J-01383,"8""-CW-1117",Utility Tie-in,Anchor Piping Works,WLD-014,Day,Carbon Steel A106-B,8.0,11.3,1G,MPT,Accept,,0.0,0.0
2026-01-22,J-02098,"10""-FW-1173",Pipe Rack A,Delta Mech Services,WLD-003,Day,Carbon Steel A106-B,10.0,15.5,1G,UT,Accept,,0.0,0.0
2026-01-22,J-02945,"8""-FW-1309",Pipe Rack A,Meridian Fabricators,WLD-028,Day,Stainless 304L,8.0,21.2,3G,UT,Accept,,0.0,0.0
2026-01-23,J-02363,"3""-IA-1330",Compressor House,Anchor Piping Works,WLD-005,Night,Carbon Steel A106-B,3.0,25.3,2G,UT,Accept,,0.0,0.0
2026-01-23,J-02248,"6""-IA-1270",Cooling Water Package,Delta Mech Services,WLD-009,Day,Stainless 304L,6.0,8.1,5G,DPT,Accept,,0.0,0.0
2026-01-23,J-02094,"2""-CW-1326",TSA Unit,Meridian Fabricators,WLD-007,Night,Alloy Steel P91,2.0,7.8,6G,RT,Accept,,0.0,0.0
2026-01-23,J-01528,"2""-PW-1030",Cooling Water Package,Anchor Piping Works,WLD-008,Day,Carbon Steel A106-B,2.0,5.1,1G,RT,Accept,,0.0,0.0
2026-01-23,J-02217,"6""-PW-1200",Cold Box,Anchor Piping Works,WLD-014,Night,Carbon Steel A106-B,6.0,25.0,1G,MPT,Reject,Crack,5080.0,5.3
2026-01-23,J-02870,"8""-CW-1107",Cold Box,Anchor Piping Works,WLD-011,Day,Carbon Steel A106-B,8.0,25.7,2G,MPT,Reject,Porosity,5922.0,6.2
2026-01-23,J-02583,"10""-PW-1012",Utility Tie-in,Meridian Fabricators,WLD-007,Day,Carbon Steel A106-B,10.0,6.3,3G,RT,Accept,,0.0,0.0
2026-01-24,J-01582,"10""-FW-1267",Pipe Rack A,Meridian Fabricators,WLD-010,Day,Carbon Steel A106-B,10.0,23.7,6G,DPT,Reject,Excess Reinforcement,6957.0,7.3
2026-01-24,J-03015,"8""-FW-1255",Utility Tie-in,Delta Mech Services,WLD-003,Day,Alloy Steel P91,8.0,19.7,2G,MPT,Accept,,0.0,0.0
2026-01-24,J-03099,"8""-PW-1026",Cooling Water Package,Meridian Fabricators,WLD-025,Night,Stainless 304L,8.0,10.5,2G,UT,Accept,,0.0,0.0
2026-01-24,J-02150,"10""-PW-1023",Compressor House,Meridian Fabricators,WLD-007,Day,Carbon Steel A106-B,10.0,15.3,3G,RT,Accept,,0.0,0.0
2026-01-24,J-02858,"4""-CW-1107",Compressor House,Meridian Fabricators,WLD-001,Day,Carbon Steel A106-B,4.0,25.5,5G,DPT,Accept,,0.0,0.0
2026-01-25,J-03014,"6""-CW-1108",Cooling Water Package,Delta Mech Services,WLD-018,Night,Stainless 304L,6.0,15.0,2G,DPT,Accept,,0.0,0.0
2026-01-25,J-02888,"2""-CW-1124",TSA Unit,Meridian Fabricators,WLD-028,Day,Carbon Steel A106-B,2.0,4.0,2G,RT,Accept,,0.0,0.0
2026-01-25,J-02510,"8""-IA-1374",Cold Box,Anchor Piping Works,WLD-005,Day,Carbon Steel A106-B,8.0,10.5,1G,RT,Accept,,0.0,0.0
2026-01-25,J-02412,"3""-NG-1027",Cold Box,Meridian Fabricators,WLD-013,Day,Stainless 304L,3.0,26.0,2G,DPT,Accept,,0.0,0.0
2026-01-25,J-02380,"2""-PW-1080",Cooling Water Package,Meridian Fabricators,WLD-010,Day,Carbon Steel A106-B,2.0,13.2,5G,UT,Accept,,0.0,0.0
2026-01-25,J-01894,"4""-CW-1310",Cooling Water Package,Delta Mech Services,WLD-024,Night,Stainless 304L,4.0,23.0,6G,DPT,Accept,,0.0,0.0
2026-01-25,J-02349,"4""-NG-1328",Compressor House,Anchor Piping Works,WLD-017,Day,Stainless 304L,4.0,13.5,2G,RT,Accept,,0.0,0.0
2026-01-25,J-02250,"4""-PW-1121",Pipe Rack A,Delta Mech Services,WLD-006,Day,Carbon Steel A106-B,4.0,18.0,3G,UT,Accept,,0.0,0.0
2026-01-25,J-02247,"16""-PW-1056",Cold Box,Anchor Piping Works,WLD-026,Day,Carbon Steel A106-B,16.0,13.8,1G,RT,Accept,,0.0,0.0
2026-01-25,J-02214,"8""-PW-1079",Compressor House,Meridian Fabricators,WLD-007,Day,Carbon Steel A106-B,8.0,9.1,1G,DPT,Accept,,0.0,0.0
2026-01-25,J-01581,"16""-PW-1308",Utility Tie-in,Meridian Fabricators,WLD-004,Day,Stainless 304L,16.0,21.6,1G,RT,Accept,,0.0,0.0
2026-01-25,J-02006,"16""-CW-1165",Cold Box,Anchor Piping Works,WLD-023,Day,Alloy Steel P91,16.0,9.5,2G,UT,Reject,Lack of Fusion,5038.0,5.3
2026-01-25,J-01723,"10""-CW-1011",Cold Box,Meridian Fabricators,WLD-025,Day,Alloy Steel P91,10.0,6.8,2G,RT,Accept,,0.0,0.0
2026-01-25,J-01442,"20""-NG-1296",Utility Tie-in,Anchor Piping Works,WLD-002,Night,Carbon Steel A106-B,20.0,10.8,3G,UT,Accept,,0.0,0.0
